"customer_id","birth_date","gender","education","marital_status","dependents"
1,1975-12-31,"Female","University","Married",0
2,1973-12-31,"Female","Secondary","Single",2
3,1983-12-31,"Female","Secondary","Divorced",0
4,1987-12-31,"Female","Secondary","Married",2
5,1975-12-31,"Female","Secondary","Single",0
6,2004-12-31,"Male","Technical","Single",3
7,1974-12-31,"Female","University","Single",1
8,1985-12-31,"Male","Postgraduate","Married",2
9,1985-12-31,"Female","Other","Single",0
10,1993-12-31,"Male","University","Divorced",1
11,1983-12-31,"Male","Secondary","Married",0
12,1960-12-31,"Female","Technical","Married",1
13,1978-12-31,"Male","University","Single",2
14,1976-12-31,"Female","Secondary","Divorced",0
15,1991-12-31,"Male","University","Divorced",1
16,1972-12-31,"Male","Secondary","Divorced",1
17,1993-12-31,"Female","Technical","Married",0
18,1986-12-31,"Male","Secondary","Divorced",2
19,1969-12-31,"Female","Secondary","Married",2
20,1978-12-31,"Female","University","Married",2
21,1973-12-31,"Female","Technical","Single",1
22,1965-12-31,"Male","Technical","Married",4
23,1990-12-31,"Female","Technical","Single",1
24,2001-12-31,"Female","Technical","Single",2
25,2001-12-31,"Female","University","Married",1
26,1960-12-31,"Male","University","Married",0
27,1988-12-31,"Female","Secondary","Married",0
28,1975-12-31,"Male","University","Married",1
29,1975-12-31,"Female","Secondary","Married",2
30,1984-12-31,"Male","Secondary","Single",1
31,1972-12-31,"Female","University","Divorced",1
32,1956-12-31,"Male","Other","Divorced",0
33,1957-12-31,"Male","Technical","Divorced",0
34,1962-12-31,"Male","Postgraduate","Single",3
35,1979-12-31,"Male","Secondary","Divorced",2
36,1976-12-31,"Male","Secondary","Single",0
37,1986-12-31,"Male","University","Single",1
38,2002-12-31,"Female","Technical","Widowed",3
39,1961-12-31,"Male","University","Married",0
40,1982-12-31,"Female","Secondary","Widowed",0
41,1968-12-31,"Other","Secondary","Married",1
42,2007-12-31,"Other","Secondary","Widowed",1
43,1995-12-31,"Male","Secondary","Divorced",1
44,1971-12-31,"Female","University","Single",0
45,1972-12-31,"Male","University","Married",0
46,1964-12-31,"Male","University","Single",2
47,1999-12-31,"Female","Other","Divorced",0
48,1975-12-31,"Female","University","Widowed",3
49,1975-12-31,"Female","University","Married",2
50,1998-12-31,"Female","Technical","Married",0
51,1988-12-31,"Male","Postgraduate","Married",2
52,1959-12-31,"Male","Technical","Divorced",1
53,1981-12-31,"Male","Secondary","Married",2
54,1978-12-31,"Female","Secondary","Single",2
55,1990-12-31,"Male","Secondary","Married",2
56,1979-12-31,"Female","Postgraduate","Single",1
57,1974-12-31,"Female","Secondary","Divorced",1
58,1972-12-31,"Female","University","Married",2
59,1956-12-31,"Male","University","Married",2
60,2007-12-31,"Female","Secondary","Married",1
61,1980-12-31,"Female","Secondary","Divorced",1
62,1998-12-31,"Male","University","Married",0
63,1975-12-31,"Female","University","Married",2
64,1963-12-31,"Female","Secondary","Single",3
65,1989-12-31,"Female","University","Married",2
66,2004-12-31,"Female","Secondary","Married",2
67,1971-12-31,"Male","University","Married",0
68,1963-12-31,"Female","University","Divorced",2
69,1976-12-31,"Male","Technical","Divorced",3
70,1998-12-31,"Female","Technical","Married",2
71,1981-12-31,"Female","University","Married",2
72,1991-12-31,"Female","Postgraduate","Married",3
73,1995-12-31,"Male","University","Married",0
74,1954-12-31,"Male","Secondary","Single",4
75,1965-12-31,"Male","Secondary","Divorced",1
76,1971-12-31,"Female","Postgraduate","Single",3
77,1972-12-31,"Male","University","Single",0
78,1992-12-31,"Male","Secondary","Single",0
79,1976-12-31,"Female","University","Widowed",1
80,1970-12-31,"Male","Secondary","Divorced",1
81,1974-12-31,"Male","University","Single",2
82,1969-12-31,"Male","Secondary","Married",2
83,1986-12-31,"Female","Secondary","Single",1
84,1952-12-31,"Other","Secondary","Married",1
85,1970-12-31,"Female","Postgraduate","Widowed",1
86,1960-12-31,"Male","Secondary","Single",1
87,1974-12-31,"Male","University","Single",2
88,1986-12-31,"Female","University","Single",2
89,1976-12-31,"Female","Technical","Single",2
90,1972-12-31,"Male","Secondary","Single",4
91,1994-12-31,"Female","Technical","Married",2
92,1992-12-31,"Male","Secondary","Widowed",1
93,1959-12-31,"Female","Secondary","Single",2
94,1987-12-31,"Female","University","Single",0
95,1994-12-31,"Female","University","Single",2
96,1974-12-31,"Male","Postgraduate","Widowed",1
97,1988-12-31,"Male","Secondary","Married",1
98,1956-12-31,"Female","Technical","Married",2
99,1989-12-31,"Male","Technical","Divorced",1
100,1990-12-31,"Female","Technical","Married",0
101,1979-12-31,"Female","University","Single",0
102,1996-12-31,"Female","University","Single",2
103,1977-12-31,"Female","University","Single",0
104,1998-12-31,"Female","University","Single",2
105,1980-12-31,"Male","Secondary","Single",2
106,1988-12-31,"Female","Postgraduate","Married",1
107,1986-12-31,"Male","Secondary","Married",1
108,1963-12-31,"Female","Postgraduate","Married",0
109,1987-12-31,"Male","Secondary","Married",0
110,1978-12-31,"Male","Technical","Widowed",0
111,1997-12-31,"Female","University","Married",0
112,1998-12-31,"Female","University","Divorced",1
113,1967-12-31,"Female","Technical","Single",0
114,1966-12-31,"Female","Secondary","Divorced",1
115,1983-12-31,"Female","Secondary","Widowed",2
116,1988-12-31,"Other","Technical","Single",1
117,1983-12-31,"Male","Secondary","Married",1
118,1974-12-31,"Female","University","Married",0
119,1956-12-31,"Female","University","Married",2
120,1983-12-31,"Female","Technical","Married",2
121,1963-12-31,"Male","University","Married",1
122,1966-12-31,"Male","Technical","Divorced",2
123,1978-12-31,"Male","Secondary","Single",1
124,1964-12-31,"Female","University","Married",1
125,1987-12-31,"Male","Technical","Married",2
126,1996-12-31,"Male","University","Single",1
127,2004-12-31,"Male","Technical","Single",1
128,1968-12-31,"Female","University","Married",1
129,2007-12-31,"Female","Secondary","Single",1
130,1996-12-31,"Male","University","Single",1
131,1962-12-31,"Male","Secondary","Single",3
132,1971-12-31,"Female","Technical","Single",1
133,1976-12-31,"Female","University","Single",1
134,1996-12-31,"Female","University","Married",3
135,1950-12-31,"Female","Secondary","Single",1
136,1995-12-31,"Male","University","Married",3
137,1994-12-31,"Male","Secondary","Divorced",0
138,1974-12-31,"Male","University","Widowed",2
139,1980-12-31,"Male","Technical","Single",1
140,1987-12-31,"Male","University","Single",2
141,1996-12-31,"Female","Secondary","Married",1
142,1998-12-31,"Female","University","Single",2
143,1989-12-31,"Male","Secondary","Married",1
144,2000-12-31,"Male","University","Married",0
145,1982-12-31,"Other","Secondary","Single",1
146,1976-12-31,"Female","Other","Single",1
147,2001-12-31,"Male","Technical","Married",0
148,1972-12-31,"Male","Secondary","Married",1
149,1971-12-31,"Female","Secondary","Divorced",0
150,1980-12-31,"Male","University","Divorced",0
151,2001-12-31,"Male","Technical","Single",1
152,1975-12-31,"Male","Other","Single",3
153,1980-12-31,"Female","University","Single",0
154,1992-12-31,"Male","Secondary","Single",2
155,1983-12-31,"Female","University","Married",1
156,1985-12-31,"Female","Postgraduate","Single",0
157,1962-12-31,"Female","University","Single",2
158,1986-12-31,"Male","University","Single",2
159,1981-12-31,"Male","Technical","Single",2
160,1990-12-31,"Female","University","Widowed",2
161,1988-12-31,"Male","Secondary","Single",1
162,1978-12-31,"Female","Other","Divorced",2
163,1985-12-31,"Female","Secondary","Married",2
164,1988-12-31,"Male","Secondary","Single",0
165,1994-12-31,"Female","Technical","Married",1
166,1985-12-31,"Female","Secondary","Divorced",0
167,1974-12-31,"Female","University","Married",0
168,1997-12-31,"Male","Postgraduate","Married",1
169,1961-12-31,"Female","Secondary","Single",1
170,1982-12-31,"Male","University","Single",3
171,1980-12-31,"Female","Secondary","Single",1
172,1966-12-31,"Male","Postgraduate","Married",1
173,1982-12-31,"Male","Secondary","Single",0
174,1972-12-31,"Male","Technical","Single",3
175,2002-12-31,"Male","Secondary","Single",3
176,1976-12-31,"Female","University","Married",0
177,1952-12-31,"Male","Secondary","Divorced",1
178,1977-12-31,"Male","Technical","Single",2
179,1979-12-31,"Female","Postgraduate","Single",3
180,2004-12-31,"Male","Secondary","Single",1
181,1993-12-31,"Female","Secondary","Married",0
182,1983-12-31,"Male","Secondary","Single",4
183,1987-12-31,"Male","Secondary","Married",0
184,1968-12-31,"Female","Other","Single",2
185,1972-12-31,"Female","Secondary","Single",2
186,1981-12-31,"Male","Secondary","Single",0
187,1965-12-31,"Female","Technical","Married",0
188,1978-12-31,"Male","Secondary","Single",2
189,1984-12-31,"Male","University","Married",1
190,1988-12-31,"Female","Postgraduate","Single",0
191,1975-12-31,"Female","University","Married",1
192,1988-12-31,"Female","Postgraduate","Married",1
193,1973-12-31,"Female","Postgraduate","Single",3
194,1978-12-31,"Female","Postgraduate","Divorced",0
195,1966-12-31,"Female","Secondary","Single",0
196,1972-12-31,"Female","Secondary","Married",2
197,1972-12-31,"Female","Technical","Married",0
198,1987-12-31,"Female","Technical","Married",2
199,1987-12-31,"Male","University","Married",5
200,1982-12-31,"Male","University","Divorced",1
201,1999-12-31,"Male","Technical","Divorced",0
202,1990-12-31,"Male","Technical","Single",2
203,1979-12-31,"Male","Secondary","Single",0
204,1969-12-31,"Female","Secondary","Divorced",2
205,1972-12-31,"Female","Technical","Married",2
206,1981-12-31,"Female","University","Married",1
207,2003-12-31,"Male","Secondary","Married",3
208,1974-12-31,"Female","University","Single",2
209,1981-12-31,"Male","Postgraduate","Single",2
210,1983-12-31,"Female","Postgraduate","Single",2
211,1970-12-31,"Male","Technical","Married",1
212,1992-12-31,"Female","University","Single",1
213,1985-12-31,"Female","Secondary","Divorced",1
214,1957-12-31,"Male","Secondary","Married",2
215,1989-12-31,"Female","University","Single",1
216,1978-12-31,"Female","Postgraduate","Married",2
217,1974-12-31,"Male","University","Married",3
218,2003-12-31,"Female","University","Married",0
219,2007-12-31,"Male","Technical","Divorced",0
220,1981-12-31,"Female","Technical","Single",0
221,1972-12-31,"Female","Secondary","Single",3
222,2007-12-31,"Male","Postgraduate","Widowed",1
223,1984-12-31,"Male","Postgraduate","Divorced",1
224,1985-12-31,"Female","Technical","Single",0
225,1961-12-31,"Male","Technical","Single",1
226,1974-12-31,"Male","Secondary","Single",4
227,1985-12-31,"Male","Secondary","Single",2
228,1982-12-31,"Male","Other","Married",3
229,1964-12-31,"Male","Postgraduate","Married",1
230,1981-12-31,"Male","University","Married",1
231,1981-12-31,"Other","Secondary","Single",1
232,1991-12-31,"Male","Secondary","Single",0
233,1980-12-31,"Female","University","Married",3
234,1979-12-31,"Male","Secondary","Divorced",3
235,1971-12-31,"Male","Postgraduate","Single",2
236,1988-12-31,"Male","Secondary","Married",2
237,1973-12-31,"Female","Technical","Married",2
238,1990-12-31,"Female","University","Married",1
239,1974-12-31,"Female","Secondary","Married",2
240,1979-12-31,"Male","Secondary","Married",1
241,1990-12-31,"Male","University","Single",1
242,1989-12-31,"Female","Secondary","Divorced",0
243,1985-12-31,"Male","Secondary","Single",1
244,1995-12-31,"Male","University","Single",1
245,1983-12-31,"Male","Technical","Single",0
246,1973-12-31,"Female","Technical","Married",0
247,1950-12-31,"Male","Other","Widowed",0
248,1983-12-31,"Male","Secondary","Married",0
249,1975-12-31,"Male","Technical","Married",3
250,1973-12-31,"Female","Technical","Single",0
251,1992-12-31,"Female","Secondary","Married",1
252,1970-12-31,"Female","Postgraduate","Single",0
253,1977-12-31,"Male","Secondary","Single",2
254,1999-12-31,"Male","Secondary","Married",2
255,1985-12-31,"Female","University","Married",1
256,1974-12-31,"Male","University","Married",2
257,1987-12-31,"Female","Technical","Married",1
258,1988-12-31,"Female","Postgraduate","Single",2
259,1992-12-31,"Female","Postgraduate","Widowed",2
260,1996-12-31,"Female","Secondary","Single",1
261,1973-12-31,"Male","Technical","Divorced",0
262,1967-12-31,"Male","University","Widowed",0
263,1984-12-31,"Female","Secondary","Single",3
264,1988-12-31,"Male","Secondary","Single",1
265,1964-12-31,"Female","Technical","Married",2
266,1984-12-31,"Male","Technical","Married",1
267,1981-12-31,"Male","University","Single",1
268,1976-12-31,"Female","Postgraduate","Married",2
269,1996-12-31,"Male","Technical","Single",2
270,1990-12-31,"Female","University","Married",2
271,1990-12-31,"Male","University","Single",2
272,1990-12-31,"Male","Technical","Married",3
273,1975-12-31,"Female","University","Single",2
274,2007-12-31,"Male","University","Married",1
275,1979-12-31,"Female","University","Single",3
276,1968-12-31,"Female","Postgraduate","Single",1
277,1982-12-31,"Male","Technical","Single",2
278,1986-12-31,"Female","University","Single",1
279,1993-12-31,"Female","University","Single",3
280,1976-12-31,"Female","Technical","Widowed",1
281,2000-12-31,"Female","Secondary","Single",1
282,1980-12-31,"Female","University","Married",2
283,1992-12-31,"Female","University","Married",0
284,1963-12-31,"Female","Secondary","Widowed",0
285,1974-12-31,"Female","Postgraduate","Divorced",0
286,1978-12-31,"Male","University","Married",2
287,1981-12-31,"Male","Technical","Married",1
288,1990-12-31,"Male","Postgraduate","Married",1
289,1970-12-31,"Male","Secondary","Divorced",1
290,1973-12-31,"Male","Technical","Married",1
291,1987-12-31,"Male","Secondary","Divorced",1
292,1991-12-31,"Female","University","Married",2
293,1984-12-31,"Female","University","Single",1
294,1977-12-31,"Female","Technical","Married",2
295,1994-12-31,"Female","Technical","Married",1
296,1980-12-31,"Female","University","Married",0
297,2007-12-31,"Female","University","Widowed",2
298,1989-12-31,"Male","Secondary","Married",2
299,1991-12-31,"Male","University","Single",3
300,1976-12-31,"Female","Secondary","Single",0
301,1976-12-31,"Male","University","Single",3
302,1982-12-31,"Female","University","Single",0
303,1987-12-31,"Female","Secondary","Single",2
304,1968-12-31,"Male","Secondary","Divorced",2
305,1983-12-31,"Female","Technical","Married",0
306,1982-12-31,"Female","Secondary","Single",1
307,1968-12-31,"Female","University","Single",2
308,1978-12-31,"Male","University","Single",1
309,1986-12-31,"Female","Technical","Married",2
310,1962-12-31,"Male","Technical","Single",3
311,1993-12-31,"Male","Technical","Divorced",0
312,1983-12-31,"Male","Secondary","Single",1
313,1966-12-31,"Female","Secondary","Single",1
314,1961-12-31,"Female","Secondary","Married",3
315,1956-12-31,"Male","University","Single",2
316,1986-12-31,"Female","Technical","Single",1
317,1989-12-31,"Male","Technical","Single",5
318,1999-12-31,"Male","Secondary","Married",2
319,1955-12-31,"Female","University","Single",2
320,1991-12-31,"Female","Technical","Married",1
321,1977-12-31,"Male","University","Single",1
322,1975-12-31,"Female","University","Married",1
323,1970-12-31,"Male","University","Divorced",3
324,1976-12-31,"Male","Technical","Married",1
325,2007-12-31,"Female","University","Divorced",1
326,1971-12-31,"Male","Technical","Single",2
327,1976-12-31,"Male","Secondary","Married",0
328,1977-12-31,"Female","University","Married",1
329,1991-12-31,"Female","University","Single",1
330,1970-12-31,"Female","Other","Single",1
331,1965-12-31,"Male","Technical","Divorced",2
332,1976-12-31,"Female","Technical","Single",1
333,1978-12-31,"Female","University","Widowed",2
334,1972-12-31,"Male","University","Divorced",3
335,1977-12-31,"Male","Secondary","Single",0
336,1978-12-31,"Female","University","Married",1
337,2000-12-31,"Male","Technical","Married",1
338,1963-12-31,"Male","Technical","Married",3
339,1976-12-31,"Female","Secondary","Single",2
340,1976-12-31,"Female","University","Single",0
341,1957-12-31,"Male","University","Married",1
342,1986-12-31,"Male","Technical","Single",0
343,1971-12-31,"Other","Secondary","Married",2
344,1976-12-31,"Male","University","Single",1
345,1983-12-31,"Female","Technical","Married",0
346,1984-12-31,"Female","Technical","Married",0
347,1996-12-31,"Female","Technical","Widowed",2
348,1975-12-31,"Male","Secondary","Single",3
349,2007-12-31,"Female","Secondary","Married",1
350,1973-12-31,"Male","Secondary","Married",0
351,1978-12-31,"Male","University","Single",1
352,1983-12-31,"Male","University","Married",3
353,2000-12-31,"Male","Technical","Single",1
354,1995-12-31,"Female","University","Married",1
355,1969-12-31,"Male","Technical","Single",1
356,1986-12-31,"Female","University","Single",0
357,1978-12-31,"Female","Secondary","Single",1
358,1982-12-31,"Female","University","Married",1
359,1976-12-31,"Female","Postgraduate","Single",3
360,1993-12-31,"Female","Secondary","Single",0
361,1987-12-31,"Female","Technical","Single",3
362,2004-12-31,"Male","Secondary","Widowed",3
363,1979-12-31,"Male","University","Married",0
364,1984-12-31,"Female","Postgraduate","Married",1
365,1982-12-31,"Female","Secondary","Married",2
366,1974-12-31,"Female","Technical","Divorced",5
367,1978-12-31,"Female","Secondary","Married",1
368,1962-12-31,"Female","University","Single",1
369,1974-12-31,"Female","Other","Married",0
370,1985-12-31,"Female","University","Single",0
371,1984-12-31,"Male","Secondary","Widowed",1
372,1962-12-31,"Female","University","Married",1
373,1976-12-31,"Male","Secondary","Married",2
374,1975-12-31,"Male","Secondary","Married",0
375,1974-12-31,"Male","Secondary","Married",2
376,1991-12-31,"Male","Secondary","Married",1
377,1968-12-31,"Female","Secondary","Married",2
378,2006-12-31,"Male","Secondary","Divorced",1
379,1973-12-31,"Female","Technical","Married",2
380,1955-12-31,"Female","Technical","Married",1
381,1988-12-31,"Female","University","Single",2
382,1983-12-31,"Female","University","Divorced",1
383,1978-12-31,"Male","Secondary","Divorced",2
384,1988-12-31,"Male","University","Married",1
385,1976-12-31,"Female","Other","Married",1
386,1984-12-31,"Male","University","Married",1
387,1971-12-31,"Female","University","Divorced",2
388,1955-12-31,"Female","Secondary","Single",0
389,1996-12-31,"Female","University","Single",1
390,1987-12-31,"Male","University","Married",2
391,1972-12-31,"Female","University","Married",0
392,1976-12-31,"Female","Technical","Single",4
393,1981-12-31,"Male","Postgraduate","Married",2
394,1986-12-31,"Female","University","Single",2
395,1979-12-31,"Female","Secondary","Married",1
396,1979-12-31,"Male","Secondary","Married",0
397,1974-12-31,"Male","Secondary","Single",1
398,1978-12-31,"Female","Technical","Single",3
399,1982-12-31,"Female","Secondary","Married",0
400,1998-12-31,"Male","University","Married",0
401,1974-12-31,"Male","Secondary","Widowed",1
402,1982-12-31,"Female","Technical","Married",1
403,1979-12-31,"Male","University","Married",0
404,1994-12-31,"Female","Secondary","Married",1
405,1989-12-31,"Female","Postgraduate","Married",1
406,1972-12-31,"Female","University","Married",4
407,1983-12-31,"Female","Technical","Single",0
408,1987-12-31,"Female","University","Divorced",1
409,1996-12-31,"Male","Technical","Divorced",4
410,1994-12-31,"Male","Technical","Married",0
411,1994-12-31,"Female","Secondary","Married",1
412,1984-12-31,"Female","Technical","Single",0
413,1968-12-31,"Female","Postgraduate","Married",0
414,1981-12-31,"Male","University","Married",1
415,1993-12-31,"Male","Secondary","Married",0
416,1982-12-31,"Female","Secondary","Married",1
417,1978-12-31,"Male","Technical","Single",2
418,1993-12-31,"Male","Secondary","Single",2
419,1996-12-31,"Female","University","Married",0
420,1969-12-31,"Female","Secondary","Divorced",2
421,1976-12-31,"Female","University","Single",1
422,1978-12-31,"Female","Other","Divorced",2
423,1989-12-31,"Female","University","Married",1
424,1980-12-31,"Male","Technical","Single",3
425,1967-12-31,"Male","Technical","Divorced",0
426,1987-12-31,"Female","Technical","Married",4
427,1966-12-31,"Male","Secondary","Divorced",3
428,1991-12-31,"Male","Secondary","Married",0
429,1967-12-31,"Female","University","Single",0
430,1975-12-31,"Female","University","Married",0
431,1992-12-31,"Female","Secondary","Married",1
432,1983-12-31,"Male","Postgraduate","Single",1
433,1980-12-31,"Female","University","Single",1
434,1997-12-31,"Female","Secondary","Single",0
435,1977-12-31,"Male","Postgraduate","Married",0
436,1976-12-31,"Female","Secondary","Married",2
437,1955-12-31,"Female","Technical","Widowed",2
438,1971-12-31,"Female","Technical","Single",3
439,1972-12-31,"Other","University","Married",0
440,1959-12-31,"Female","Postgraduate","Married",1
441,1977-12-31,"Male","Technical","Divorced",1
442,1974-12-31,"Male","Technical","Single",3
443,1981-12-31,"Male","University","Married",1
444,1970-12-31,"Male","Secondary","Married",2
445,1967-12-31,"Male","University","Single",2
446,1976-12-31,"Female","University","Single",1
447,1993-12-31,"Female","Secondary","Single",3
448,2007-12-31,"Male","University","Married",1
449,1977-12-31,"Female","Secondary","Single",3
450,1994-12-31,"Male","Secondary","Divorced",4
451,1973-12-31,"Other","University","Single",0
452,1970-12-31,"Male","University","Single",2
453,1989-12-31,"Male","Secondary","Married",0
454,1987-12-31,"Male","University","Divorced",2
455,1970-12-31,"Female","Postgraduate","Married",2
456,1968-12-31,"Female","University","Single",2
457,1964-12-31,"Female","University","Married",3
458,1984-12-31,"Male","Secondary","Divorced",2
459,1993-12-31,"Female","Technical","Married",0
460,1978-12-31,"Female","Secondary","Widowed",2
461,1997-12-31,"Female","Secondary","Single",1
462,1985-12-31,"Male","University","Single",0
463,1980-12-31,"Male","Secondary","Single",0
464,1993-12-31,"Female","Technical","Single",0
465,1983-12-31,"Male","University","Married",1
466,1992-12-31,"Male","Secondary","Single",2
467,1994-12-31,"Female","Technical","Single",3
468,1993-12-31,"Female","Technical","Divorced",0
469,2007-12-31,"Male","Technical","Single",1
470,1984-12-31,"Female","University","Divorced",1
471,1966-12-31,"Female","University","Single",2
472,1982-12-31,"Female","Secondary","Married",0
473,2007-12-31,"Female","University","Single",0
474,1975-12-31,"Female","Technical","Widowed",1
475,1972-12-31,"Female","Technical","Divorced",1
476,1988-12-31,"Male","Postgraduate","Divorced",1
477,1989-12-31,"Male","Secondary","Divorced",3
478,1988-12-31,"Female","Technical","Single",2
479,1982-12-31,"Female","Secondary","Single",0
480,1983-12-31,"Male","Secondary","Single",1
481,1982-12-31,"Female","University","Married",3
482,1984-12-31,"Male","Secondary","Married",1
483,1984-12-31,"Female","Secondary","Divorced",1
484,1977-12-31,"Male","Technical","Married",0
485,1999-12-31,"Female","Secondary","Single",2
486,1979-12-31,"Male","University","Widowed",3
487,1973-12-31,"Male","University","Married",1
488,1980-12-31,"Female","University","Married",1
489,1980-12-31,"Female","Postgraduate","Married",1
490,1979-12-31,"Female","University","Single",2
491,1996-12-31,"Male","Secondary","Married",2
492,1972-12-31,"Female","Other","Single",1
493,1985-12-31,"Male","Secondary","Widowed",1
494,2006-12-31,"Male","Secondary","Single",0
495,1985-12-31,"Male","Technical","Married",0
496,1979-12-31,"Female","Secondary","Single",1
497,1991-12-31,"Female","University","Married",2
498,1992-12-31,"Male","University","Divorced",2
499,1983-12-31,"Male","University","Single",2
500,1986-12-31,"Female","Other","Widowed",1
501,1999-12-31,"Female","Secondary","Single",2
502,2007-12-31,"Female","Secondary","Single",1
503,1976-12-31,"Other","Technical","Single",2
504,1993-12-31,"Female","Secondary","Single",3
505,1950-12-31,"Male","Technical","Divorced",1
506,1984-12-31,"Female","Technical","Single",1
507,1979-12-31,"Male","University","Married",1
508,1971-12-31,"Male","Technical","Married",0
509,2007-12-31,"Female","University","Single",0
510,1985-12-31,"Male","Technical","Single",2
511,2006-12-31,"Male","Secondary","Married",3
512,1997-12-31,"Female","Technical","Married",2
513,1972-12-31,"Female","Secondary","Single",1
514,1983-12-31,"Female","University","Widowed",0
515,1977-12-31,"Male","Postgraduate","Single",1
516,1973-12-31,"Male","Secondary","Single",2
517,1972-12-31,"Female","Postgraduate","Married",1
518,1997-12-31,"Male","University","Married",2
519,1984-12-31,"Male","Secondary","Widowed",3
520,1988-12-31,"Female","Secondary","Married",1
521,1977-12-31,"Female","University","Single",1
522,1975-12-31,"Female","University","Married",3
523,1973-12-31,"Male","Secondary","Married",1
524,1987-12-31,"Female","University","Single",1
525,1982-12-31,"Other","Secondary","Married",0
526,1979-12-31,"Female","Secondary","Single",2
527,1973-12-31,"Male","University","Single",0
528,1987-12-31,"Female","Technical","Single",1
529,1986-12-31,"Male","Secondary","Single",0
530,2003-12-31,"Male","Secondary","Widowed",0
531,1984-12-31,"Female","Secondary","Single",0
532,1972-12-31,"Female","Technical","Married",0
533,1989-12-31,"Male","Postgraduate","Married",1
534,1986-12-31,"Female","Technical","Single",2
535,1957-12-31,"Male","Technical","Single",0
536,1974-12-31,"Male","University","Married",2
537,1986-12-31,"Female","Technical","Married",2
538,1968-12-31,"Female","Secondary","Single",2
539,1975-12-31,"Male","University","Widowed",2
540,1983-12-31,"Other","Technical","Single",0
541,1956-12-31,"Female","Other","Divorced",2
542,1984-12-31,"Female","Technical","Married",0
543,1981-12-31,"Female","Secondary","Married",2
544,1959-12-31,"Female","Technical","Married",1
545,1963-12-31,"Female","Secondary","Single",1
546,1957-12-31,"Male","University","Single",0
547,1990-12-31,"Male","Secondary","Married",1
548,2007-12-31,"Male","Secondary","Single",2
549,2002-12-31,"Male","Secondary","Married",1
550,1975-12-31,"Female","University","Married",2
551,1988-12-31,"Male","University","Widowed",2
552,1982-12-31,"Male","University","Single",1
553,1977-12-31,"Male","University","Single",1
554,1968-12-31,"Male","University","Married",0
555,1965-12-31,"Male","Secondary","Divorced",0
556,1957-12-31,"Male","Secondary","Single",2
557,1995-12-31,"Male","Secondary","Single",0
558,1967-12-31,"Female","University","Divorced",0
559,1974-12-31,"Male","Technical","Married",1
560,1991-12-31,"Female","Technical","Divorced",3
561,1981-12-31,"Male","Technical","Married",1
562,1981-12-31,"Female","University","Married",0
563,1990-12-31,"Male","Secondary","Single",0
564,1976-12-31,"Female","Technical","Divorced",1
565,1992-12-31,"Female","Technical","Married",2
566,1990-12-31,"Female","Secondary","Single",0
567,1982-12-31,"Male","University","Single",2
568,1985-12-31,"Other","Technical","Married",2
569,1994-12-31,"Male","Other","Widowed",2
570,1965-12-31,"Male","Technical","Widowed",1
571,1972-12-31,"Male","Technical","Divorced",0
572,1986-12-31,"Male","Technical","Widowed",1
573,1976-12-31,"Male","Postgraduate","Divorced",0
574,1996-12-31,"Female","Technical","Married",0
575,1974-12-31,"Male","Other","Single",0
576,1975-12-31,"Female","University","Single",3
577,1967-12-31,"Male","Technical","Single",5
578,1976-12-31,"Female","Secondary","Single",2
579,2001-12-31,"Male","University","Divorced",0
580,1981-12-31,"Female","Postgraduate","Married",2
581,1974-12-31,"Female","Postgraduate","Married",0
582,1998-12-31,"Female","Postgraduate","Married",0
583,1979-12-31,"Female","University","Married",0
584,1986-12-31,"Male","Secondary","Married",2
585,1973-12-31,"Male","Secondary","Divorced",4
586,1980-12-31,"Male","Postgraduate","Married",3
587,2001-12-31,"Male","Secondary","Married",1
588,1982-12-31,"Female","Secondary","Married",1
589,1972-12-31,"Female","Postgraduate","Single",3
590,2007-12-31,"Female","Secondary","Single",0
591,1988-12-31,"Female","University","Married",0
592,1998-12-31,"Male","University","Single",1
593,1972-12-31,"Female","Secondary","Single",1
594,1973-12-31,"Male","University","Married",0
595,1970-12-31,"Female","Technical","Single",0
596,1962-12-31,"Male","University","Single",0
597,1985-12-31,"Female","Technical","Married",0
598,1984-12-31,"Female","Technical","Married",1
599,1969-12-31,"Male","Secondary","Divorced",0
600,1987-12-31,"Female","Technical","Single",1
601,2002-12-31,"Male","University","Divorced",3
602,1979-12-31,"Female","Technical","Married",0
603,1988-12-31,"Female","Secondary","Divorced",0
604,1990-12-31,"Female","University","Married",2
605,1984-12-31,"Male","University","Single",1
606,1998-12-31,"Female","Technical","Married",3
607,1981-12-31,"Male","Secondary","Married",2
608,1987-12-31,"Male","Postgraduate","Divorced",0
609,1971-12-31,"Female","University","Single",1
610,1982-12-31,"Female","University","Single",1
611,1987-12-31,"Male","Technical","Single",0
612,1979-12-31,"Female","Technical","Single",1
613,1999-12-31,"Male","Secondary","Divorced",4
614,1971-12-31,"Male","Technical","Married",1
615,1981-12-31,"Female","University","Married",2
616,1972-12-31,"Female","Secondary","Married",1
617,1983-12-31,"Male","Technical","Married",1
618,1981-12-31,"Female","Secondary","Divorced",2
619,1977-12-31,"Female","Secondary","Single",0
620,1993-12-31,"Male","Secondary","Married",2
621,1965-12-31,"Male","Secondary","Divorced",3
622,1980-12-31,"Male","Technical","Married",2
623,1983-12-31,"Male","Secondary","Married",0
624,1990-12-31,"Male","University","Married",1
625,1973-12-31,"Male","University","Married",2
626,1983-12-31,"Female","Secondary","Married",1
627,1980-12-31,"Other","University","Married",1
628,1982-12-31,"Male","Technical","Divorced",2
629,1979-12-31,"Male","University","Single",3
630,1971-12-31,"Female","Other","Divorced",3
631,1995-12-31,"Female","Technical","Married",0
632,1985-12-31,"Other","Secondary","Single",3
633,1961-12-31,"Female","Secondary","Married",3
634,1964-12-31,"Male","Technical","Single",1
635,1986-12-31,"Male","University","Single",2
636,1989-12-31,"Female","Technical","Single",3
637,1976-12-31,"Male","Technical","Single",1
638,1979-12-31,"Female","Technical","Single",0
639,1984-12-31,"Female","Postgraduate","Married",0
640,1997-12-31,"Female","Secondary","Married",4
641,1962-12-31,"Female","University","Single",1
642,1970-12-31,"Male","Postgraduate","Single",2
643,1969-12-31,"Female","Secondary","Single",0
644,1986-12-31,"Male","Secondary","Married",2
645,1994-12-31,"Male","University","Married",1
646,1966-12-31,"Male","Technical","Married",1
647,1984-12-31,"Female","Postgraduate","Single",0
648,1971-12-31,"Male","Technical","Married",0
649,1971-12-31,"Female","Secondary","Single",1
650,1980-12-31,"Male","Technical","Married",1
651,1992-12-31,"Male","University","Single",1
652,1997-12-31,"Male","Secondary","Married",0
653,1954-12-31,"Female","Technical","Single",0
654,1981-12-31,"Female","Secondary","Married",0
655,1979-12-31,"Female","Secondary","Married",1
656,2004-12-31,"Female","Secondary","Single",0
657,1996-12-31,"Female","University","Married",1
658,1967-12-31,"Female","University","Married",1
659,1998-12-31,"Female","University","Married",0
660,1959-12-31,"Male","University","Married",1
661,1998-12-31,"Male","University","Widowed",1
662,1975-12-31,"Female","Technical","Divorced",0
663,1997-12-31,"Female","University","Married",1
664,1959-12-31,"Female","Secondary","Single",0
665,1999-12-31,"Female","University","Married",0
666,1984-12-31,"Female","Technical","Divorced",3
667,1993-12-31,"Male","University","Divorced",1
668,1978-12-31,"Male","University","Divorced",0
669,1979-12-31,"Female","Postgraduate","Married",2
670,1986-12-31,"Male","Secondary","Single",0
671,1987-12-31,"Male","Technical","Widowed",1
672,1999-12-31,"Male","University","Single",0
673,1970-12-31,"Male","University","Divorced",1
674,1975-12-31,"Female","Secondary","Single",0
675,1986-12-31,"Female","University","Married",1
676,2004-12-31,"Male","Technical","Married",4
677,1966-12-31,"Female","University","Married",0
678,1977-12-31,"Female","University","Single",1
679,1980-12-31,"Female","University","Widowed",2
680,1982-12-31,"Female","Secondary","Single",0
681,1990-12-31,"Male","Technical","Single",1
682,1968-12-31,"Female","Secondary","Single",0
683,1956-12-31,"Female","Technical","Married",0
684,1995-12-31,"Female","University","Married",3
685,1995-12-31,"Female","Secondary","Married",2
686,1966-12-31,"Female","Postgraduate","Single",1
687,2007-12-31,"Male","Technical","Single",1
688,1978-12-31,"Male","University","Married",0
689,1985-12-31,"Female","Technical","Single",1
690,1984-12-31,"Female","Technical","Married",1
691,1962-12-31,"Female","University","Single",2
692,2004-12-31,"Female","Secondary","Single",2
693,1985-12-31,"Male","Other","Divorced",2
694,1998-12-31,"Male","Technical","Single",1
695,1965-12-31,"Male","Technical","Divorced",0
696,2007-12-31,"Other","University","Single",1
697,1989-12-31,"Male","Technical","Single",3
698,1979-12-31,"Male","Secondary","Divorced",2
699,1969-12-31,"Male","University","Married",1
700,1975-12-31,"Male","Secondary","Single",2
701,1954-12-31,"Male","University","Married",0
702,1958-12-31,"Male","Secondary","Married",2
703,1983-12-31,"Male","University","Divorced",1
704,1977-12-31,"Female","Secondary","Single",1
705,1998-12-31,"Male","University","Single",0
706,1982-12-31,"Male","University","Divorced",1
707,1971-12-31,"Male","Technical","Widowed",1
708,1986-12-31,"Male","Technical","Single",1
709,1976-12-31,"Other","Secondary","Single",2
710,1984-12-31,"Male","Postgraduate","Widowed",3
711,1982-12-31,"Male","Secondary","Married",2
712,1988-12-31,"Male","Technical","Single",1
713,1988-12-31,"Female","University","Married",1
714,1983-12-31,"Male","Technical","Single",1
715,1977-12-31,"Male","Secondary","Married",3
716,1970-12-31,"Female","Technical","Divorced",2
717,1996-12-31,"Male","Secondary","Single",4
718,1962-12-31,"Male","Secondary","Single",0
719,1967-12-31,"Male","Secondary","Divorced",2
720,1982-12-31,"Male","Technical","Single",2
721,1985-12-31,"Male","Secondary","Single",0
722,1970-12-31,"Male","Technical","Single",1
723,1985-12-31,"Female","Technical","Single",2
724,1993-12-31,"Female","University","Married",1
725,1990-12-31,"Male","Technical","Single",1
726,2002-12-31,"Female","Technical","Divorced",1
727,2007-12-31,"Male","Technical","Divorced",3
728,1957-12-31,"Male","Technical","Married",2
729,1979-12-31,"Male","University","Single",4
730,1988-12-31,"Other","Secondary","Single",1
731,1982-12-31,"Male","University","Married",2
732,1984-12-31,"Male","Secondary","Married",4
733,1981-12-31,"Female","Secondary","Married",2
734,1973-12-31,"Male","Other","Married",2
735,1977-12-31,"Female","Technical","Married",3
736,1978-12-31,"Female","Technical","Single",1
737,2005-12-31,"Male","Technical","Single",0
738,1983-12-31,"Male","Technical","Married",1
739,1988-12-31,"Female","University","Married",1
740,1974-12-31,"Female","Technical","Divorced",0
741,1994-12-31,"Male","Technical","Married",2
742,1992-12-31,"Female","University","Married",0
743,1988-12-31,"Female","Technical","Married",0
744,1987-12-31,"Female","Postgraduate","Single",1
745,1990-12-31,"Female","Secondary","Married",1
746,1965-12-31,"Male","Other","Widowed",0
747,1950-12-31,"Female","Secondary","Married",1
748,1959-12-31,"Female","University","Married",3
749,1987-12-31,"Female","Secondary","Divorced",1
750,1989-12-31,"Male","Other","Widowed",2
751,1976-12-31,"Male","Secondary","Single",0
752,1981-12-31,"Male","Postgraduate","Single",1
753,1974-12-31,"Male","Technical","Divorced",0
754,1991-12-31,"Male","Secondary","Married",2
755,1970-12-31,"Female","Secondary","Single",1
756,1990-12-31,"Female","Technical","Married",2
757,1997-12-31,"Male","Secondary","Married",1
758,1983-12-31,"Male","Technical","Single",1
759,1960-12-31,"Female","University","Single",1
760,1993-12-31,"Other","Technical","Single",3
761,1994-12-31,"Male","University","Married",2
762,1998-12-31,"Male","Postgraduate","Married",2
763,1983-12-31,"Female","Secondary","Married",4
764,1973-12-31,"Female","Secondary","Widowed",5
765,1984-12-31,"Male","University","Single",3
766,1972-12-31,"Female","Technical","Married",0
767,1970-12-31,"Male","University","Single",0
768,1975-12-31,"Female","University","Single",0
769,1952-12-31,"Other","Secondary","Married",3
770,1968-12-31,"Male","Secondary","Married",3
771,1960-12-31,"Female","University","Married",1
772,1985-12-31,"Female","Secondary","Divorced",2
773,1987-12-31,"Male","Technical","Married",4
774,1991-12-31,"Male","Technical","Single",1
775,1976-12-31,"Female","Secondary","Single",1
776,1972-12-31,"Female","Postgraduate","Widowed",1
777,1971-12-31,"Male","Technical","Single",0
778,1971-12-31,"Male","University","Married",2
779,1989-12-31,"Female","Technical","Married",0
780,1974-12-31,"Female","Technical","Divorced",1
781,1979-12-31,"Male","Technical","Married",2
782,1994-12-31,"Male","Secondary","Married",2
783,1978-12-31,"Female","Technical","Married",0
784,1976-12-31,"Male","Technical","Married",1
785,1981-12-31,"Male","Secondary","Divorced",0
786,1970-12-31,"Female","University","Divorced",0
787,1986-12-31,"Female","Postgraduate","Single",1
788,1971-12-31,"Female","University","Single",0
789,1972-12-31,"Male","Technical","Married",0
790,1969-12-31,"Female","Secondary","Divorced",4
791,1974-12-31,"Female","Secondary","Single",1
792,1970-12-31,"Male","Technical","Single",2
793,1972-12-31,"Male","University","Single",1
794,1990-12-31,"Male","Other","Married",3
795,1977-12-31,"Male","Technical","Single",0
796,1979-12-31,"Male","Technical","Single",0
797,1997-12-31,"Female","University","Single",4
798,1979-12-31,"Male","University","Married",1
799,1976-12-31,"Male","Secondary","Married",0
800,1957-12-31,"Other","Secondary","Single",0
801,1992-12-31,"Male","Technical","Married",1
802,1985-12-31,"Male","Secondary","Single",0
803,1976-12-31,"Male","University","Married",3
804,1974-12-31,"Female","Secondary","Single",0
805,1976-12-31,"Female","Secondary","Divorced",3
806,1969-12-31,"Female","Technical","Single",4
807,1968-12-31,"Female","University","Single",1
808,2001-12-31,"Male","University","Married",2
809,1968-12-31,"Male","Technical","Married",4
810,1975-12-31,"Female","Postgraduate","Single",1
811,1991-12-31,"Male","Secondary","Single",1
812,1979-12-31,"Female","Secondary","Single",2
813,1986-12-31,"Male","University","Married",1
814,1971-12-31,"Male","Technical","Single",2
815,1990-12-31,"Male","Secondary","Divorced",1
816,1974-12-31,"Male","Technical","Married",1
817,1981-12-31,"Female","Secondary","Married",0
818,1976-12-31,"Female","Secondary","Married",1
819,1971-12-31,"Male","Secondary","Widowed",3
820,1980-12-31,"Female","Secondary","Divorced",0
821,1971-12-31,"Male","University","Single",1
822,1990-12-31,"Female","University","Single",1
823,1992-12-31,"Female","University","Married",3
824,1954-12-31,"Female","Secondary","Single",1
825,1982-12-31,"Female","University","Married",2
826,1974-12-31,"Female","Secondary","Single",2
827,1990-12-31,"Male","Secondary","Married",0
828,1987-12-31,"Male","University","Married",1
829,1991-12-31,"Female","Technical","Divorced",3
830,1985-12-31,"Male","Secondary","Married",1
831,1971-12-31,"Other","University","Widowed",0
832,1990-12-31,"Female","University","Widowed",2
833,1983-12-31,"Female","Technical","Single",2
834,1972-12-31,"Female","Technical","Married",1
835,1975-12-31,"Female","University","Single",0
836,2006-12-31,"Male","Technical","Married",3
837,1974-12-31,"Male","Postgraduate","Married",1
838,2005-12-31,"Female","Technical","Divorced",2
839,1976-12-31,"Female","Other","Single",2
840,1961-12-31,"Male","Technical","Married",0
841,1971-12-31,"Male","Technical","Single",2
842,1995-12-31,"Male","Other","Single",0
843,1986-12-31,"Female","University","Single",0
844,1972-12-31,"Male","Secondary","Single",0
845,2007-12-31,"Male","Secondary","Single",0
846,1979-12-31,"Male","Secondary","Married",0
847,2007-12-31,"Male","University","Married",3
848,1982-12-31,"Female","Technical","Single",2
849,1989-12-31,"Female","Technical","Married",3
850,1979-12-31,"Female","Technical","Married",0
851,1979-12-31,"Male","Secondary","Single",0
852,1971-12-31,"Male","Secondary","Single",0
853,1988-12-31,"Male","Secondary","Single",2
854,1985-12-31,"Male","Technical","Single",3
855,1954-12-31,"Male","Technical","Married",0
856,1972-12-31,"Female","Secondary","Single",2
857,1992-12-31,"Male","University","Divorced",1
858,1975-12-31,"Female","Technical","Single",0
859,1982-12-31,"Female","Technical","Married",0
860,1976-12-31,"Male","Secondary","Married",4
861,1994-12-31,"Female","Technical","Single",2
862,2007-12-31,"Female","Secondary","Single",2
863,1996-12-31,"Female","Postgraduate","Single",2
864,1988-12-31,"Male","Secondary","Married",2
865,1996-12-31,"Female","University","Married",3
866,1962-12-31,"Male","Postgraduate","Married",0
867,1987-12-31,"Male","Secondary","Single",0
868,1983-12-31,"Female","Postgraduate","Married",2
869,1990-12-31,"Male","Technical","Married",1
870,1990-12-31,"Male","University","Married",0
871,1980-12-31,"Male","University","Single",0
872,1977-12-31,"Female","Secondary","Single",1
873,1969-12-31,"Female","Postgraduate","Single",2
874,1991-12-31,"Female","Secondary","Married",0
875,1972-12-31,"Female","Technical","Married",0
876,1999-12-31,"Female","Technical","Single",2
877,1978-12-31,"Male","Technical","Single",3
878,1980-12-31,"Female","University","Single",1
879,1984-12-31,"Female","University","Married",2
880,1976-12-31,"Male","Secondary","Single",4
881,1971-12-31,"Male","Secondary","Married",2
882,1981-12-31,"Female","Secondary","Single",1
883,1971-12-31,"Female","Secondary","Married",3
884,1976-12-31,"Male","Other","Single",1
885,1989-12-31,"Female","University","Married",2
886,1973-12-31,"Male","Technical","Married",3
887,1973-12-31,"Female","Secondary","Single",1
888,1989-12-31,"Male","Other","Single",1
889,1974-12-31,"Female","Technical","Single",2
890,2005-12-31,"Male","Secondary","Single",0
891,1980-12-31,"Female","Technical","Married",1
892,1979-12-31,"Male","University","Single",2
893,1981-12-31,"Male","Technical","Single",0
894,2006-12-31,"Female","Secondary","Divorced",1
895,1986-12-31,"Male","University","Married",1
896,1994-12-31,"Female","University","Divorced",4
897,1996-12-31,"Female","Postgraduate","Married",1
898,1982-12-31,"Female","University","Married",2
899,1977-12-31,"Female","University","Single",2
900,1988-12-31,"Male","Postgraduate","Married",3
901,1991-12-31,"Male","University","Single",0
902,2007-12-31,"Female","University","Married",0
903,1981-12-31,"Female","Secondary","Single",2
904,1973-12-31,"Female","University","Single",1
905,1984-12-31,"Male","Secondary","Single",1
906,1988-12-31,"Male","University","Divorced",0
907,1971-12-31,"Female","Technical","Married",0
908,2004-12-31,"Female","Secondary","Single",3
909,1986-12-31,"Male","Secondary","Single",2
910,1986-12-31,"Female","University","Divorced",2
911,1982-12-31,"Female","Technical","Single",2
912,1968-12-31,"Female","University","Married",1
913,1989-12-31,"Other","Secondary","Divorced",2
914,1975-12-31,"Male","Secondary","Divorced",0
915,1974-12-31,"Male","Secondary","Single",0
916,1982-12-31,"Female","University","Single",0
917,1984-12-31,"Male","Technical","Married",2
918,1973-12-31,"Female","Postgraduate","Single",5
919,1982-12-31,"Female","Secondary","Married",0
920,2004-12-31,"Female","Secondary","Widowed",0
921,2004-12-31,"Male","Postgraduate","Married",0
922,1985-12-31,"Male","University","Married",1
923,1983-12-31,"Female","Secondary","Married",2
924,1970-12-31,"Female","Technical","Single",2
925,1994-12-31,"Male","University","Married",1
926,1977-12-31,"Female","Technical","Married",2
927,1979-12-31,"Male","Technical","Divorced",0
928,1994-12-31,"Male","Secondary","Single",1
929,1964-12-31,"Female","Secondary","Married",2
930,1986-12-31,"Female","Secondary","Married",1
931,2002-12-31,"Female","Secondary","Married",1
932,2000-12-31,"Female","Technical","Single",2
933,1985-12-31,"Female","Secondary","Married",2
934,1968-12-31,"Female","Secondary","Married",0
935,1974-12-31,"Male","Secondary","Divorced",0
936,1985-12-31,"Female","Technical","Married",2
937,2003-12-31,"Female","University","Married",1
938,1994-12-31,"Other","Secondary","Married",0
939,1986-12-31,"Male","Secondary","Divorced",0
940,1988-12-31,"Male","Secondary","Married",1
941,1991-12-31,"Male","Postgraduate","Married",0
942,1980-12-31,"Female","Technical","Married",1
943,1996-12-31,"Female","University","Married",1
944,2002-12-31,"Female","Technical","Married",3
945,1994-12-31,"Female","Technical","Single",4
946,1990-12-31,"Female","Postgraduate","Married",1
947,1977-12-31,"Male","Postgraduate","Divorced",0
948,1995-12-31,"Male","Other","Single",2
949,2001-12-31,"Male","University","Married",1
950,1979-12-31,"Male","University","Married",2
951,2006-12-31,"Female","Postgraduate","Widowed",5
952,1970-12-31,"Female","Secondary","Divorced",1
953,1986-12-31,"Female","Secondary","Divorced",1
954,1985-12-31,"Male","Secondary","Divorced",2
955,1977-12-31,"Male","University","Single",2
956,1984-12-31,"Female","Technical","Single",0
957,1985-12-31,"Female","Secondary","Widowed",1
958,1985-12-31,"Male","University","Widowed",1
959,1989-12-31,"Male","Secondary","Married",0
960,1987-12-31,"Female","University","Married",2
961,1978-12-31,"Female","Postgraduate","Single",1
962,1991-12-31,"Male","University","Divorced",3
963,1976-12-31,"Female","Technical","Divorced",1
964,1959-12-31,"Female","University","Single",1
965,1963-12-31,"Female","Technical","Single",1
966,1984-12-31,"Male","Secondary","Married",1
967,2001-12-31,"Female","University","Married",0
968,1991-12-31,"Female","Postgraduate","Single",1
969,1995-12-31,"Female","Secondary","Married",0
970,1991-12-31,"Male","Secondary","Single",1
971,1971-12-31,"Female","University","Married",1
972,1986-12-31,"Female","Secondary","Married",2
973,1975-12-31,"Female","University","Widowed",0
974,1984-12-31,"Male","Secondary","Married",1
975,1972-12-31,"Female","Technical","Single",1
976,1969-12-31,"Male","Technical","Married",2
977,1972-12-31,"Female","University","Single",1
978,1986-12-31,"Male","Technical","Married",0
979,1960-12-31,"Female","Secondary","Single",3
980,1966-12-31,"Male","Secondary","Widowed",0
981,1988-12-31,"Male","Technical","Married",1
982,1993-12-31,"Female","University","Single",3
983,1960-12-31,"Female","Technical","Divorced",3
984,1985-12-31,"Female","Technical","Married",0
985,1975-12-31,"Female","Technical","Single",2
986,1989-12-31,"Male","Technical","Single",2
987,1986-12-31,"Female","Secondary","Married",0
988,1986-12-31,"Male","University","Married",1
989,1990-12-31,"Female","University","Single",3
990,1997-12-31,"Female","Technical","Widowed",1
991,1981-12-31,"Female","Technical","Married",5
992,1985-12-31,"Female","Technical","Single",2
993,1980-12-31,"Female","Secondary","Single",2
994,1992-12-31,"Female","University","Single",1
995,1997-12-31,"Female","Secondary","Divorced",1
996,1983-12-31,"Female","Secondary","Married",0
997,1965-12-31,"Female","Secondary","Married",1
998,1999-12-31,"Female","Technical","Married",3
999,1988-12-31,"Male","University","Married",1
1000,1979-12-31,"Female","Postgraduate","Single",0
1001,1962-12-31,"Female","University","Married",1
1002,1981-12-31,"Male","Technical","Married",0
1003,1992-12-31,"Male","Technical","Single",1
1004,1991-12-31,"Male","Secondary","Single",1
1005,1987-12-31,"Female","University","Single",1
1006,2005-12-31,"Female","University","Divorced",0
1007,1983-12-31,"Female","Technical","Married",1
1008,1994-12-31,"Male","Technical","Divorced",3
1009,1974-12-31,"Male","University","Married",2
1010,1986-12-31,"Female","Secondary","Married",0
1011,1985-12-31,"Female","Postgraduate","Married",3
1012,1990-12-31,"Female","Postgraduate","Married",1
1013,1988-12-31,"Female","University","Single",2
1014,1998-12-31,"Female","Secondary","Divorced",1
1015,1970-12-31,"Male","University","Single",1
1016,1977-12-31,"Female","Technical","Widowed",2
1017,1979-12-31,"Male","University","Single",0
1018,1997-12-31,"Female","University","Married",1
1019,1970-12-31,"Other","Other","Single",0
1020,1967-12-31,"Male","University","Married",3
1021,1982-12-31,"Female","Technical","Single",0
1022,2003-12-31,"Male","Secondary","Married",3
1023,1993-12-31,"Female","Technical","Married",2
1024,1988-12-31,"Female","Secondary","Divorced",1
1025,1975-12-31,"Female","University","Single",4
1026,1980-12-31,"Male","University","Married",2
1027,1977-12-31,"Male","University","Divorced",3
1028,1983-12-31,"Female","Postgraduate","Single",3
1029,1972-12-31,"Female","University","Married",2
1030,2002-12-31,"Female","Postgraduate","Married",3
1031,1993-12-31,"Male","University","Married",2
1032,1990-12-31,"Male","Technical","Married",1
1033,1962-12-31,"Male","Technical","Married",1
1034,1996-12-31,"Male","University","Married",1
1035,1993-12-31,"Female","Secondary","Married",2
1036,1979-12-31,"Female","Secondary","Married",3
1037,1965-12-31,"Male","University","Widowed",1
1038,1976-12-31,"Male","Secondary","Widowed",2
1039,1979-12-31,"Female","Secondary","Married",0
1040,1991-12-31,"Female","University","Single",1
1041,1971-12-31,"Male","Secondary","Married",2
1042,1999-12-31,"Male","University","Married",0
1043,1977-12-31,"Female","Secondary","Divorced",0
1044,1995-12-31,"Male","Secondary","Married",2
1045,1983-12-31,"Female","Secondary","Married",1
1046,1999-12-31,"Female","Technical","Married",2
1047,1979-12-31,"Female","University","Married",1
1048,1975-12-31,"Male","Secondary","Married",2
1049,1988-12-31,"Female","University","Single",4
1050,2004-12-31,"Female","Technical","Single",0
1051,1991-12-31,"Male","University","Married",3
1052,1995-12-31,"Female","Secondary","Single",2
1053,1976-12-31,"Male","Postgraduate","Single",0
1054,1982-12-31,"Female","University","Divorced",0
1055,1973-12-31,"Female","University","Single",1
1056,1978-12-31,"Male","Postgraduate","Single",2
1057,1990-12-31,"Male","University","Married",2
1058,1986-12-31,"Male","Technical","Single",0
1059,1985-12-31,"Male","Secondary","Widowed",1
1060,2007-12-31,"Female","Technical","Married",2
1061,1992-12-31,"Female","University","Single",1
1062,1988-12-31,"Male","Secondary","Single",0
1063,1970-12-31,"Female","Technical","Divorced",0
1064,1968-12-31,"Female","Secondary","Single",1
1065,1982-12-31,"Male","Secondary","Single",2
1066,1995-12-31,"Male","Secondary","Divorced",2
1067,1984-12-31,"Male","Technical","Married",2
1068,1985-12-31,"Female","University","Married",3
1069,2000-12-31,"Male","Technical","Married",0
1070,1996-12-31,"Female","University","Single",1
1071,1953-12-31,"Male","University","Divorced",3
1072,1999-12-31,"Male","Secondary","Single",1
1073,1996-12-31,"Male","University","Married",0
1074,1975-12-31,"Male","Postgraduate","Single",5
1075,1976-12-31,"Male","Technical","Married",0
1076,1982-12-31,"Male","Secondary","Single",0
1077,1969-12-31,"Female","Technical","Divorced",1
1078,1995-12-31,"Male","University","Divorced",2
1079,1975-12-31,"Male","University","Married",2
1080,1985-12-31,"Male","University","Single",0
1081,1992-12-31,"Female","Secondary","Single",0
1082,1976-12-31,"Male","University","Married",2
1083,1993-12-31,"Male","Technical","Single",5
1084,1963-12-31,"Male","University","Married",3
1085,1992-12-31,"Female","Secondary","Single",0
1086,1986-12-31,"Male","Secondary","Married",2
1087,1982-12-31,"Female","Secondary","Married",1
1088,2007-12-31,"Male","Other","Single",2
1089,1964-12-31,"Male","Postgraduate","Single",4
1090,1989-12-31,"Male","Secondary","Married",0
1091,1988-12-31,"Female","Secondary","Single",0
1092,1993-12-31,"Male","Secondary","Married",0
1093,1985-12-31,"Female","University","Single",0
1094,1963-12-31,"Male","Secondary","Divorced",1
1095,1974-12-31,"Female","Postgraduate","Married",1
1096,1968-12-31,"Female","Technical","Divorced",2
1097,1982-12-31,"Male","Technical","Single",2
1098,1993-12-31,"Male","Technical","Single",1
1099,1987-12-31,"Female","Technical","Single",1
1100,1980-12-31,"Male","Secondary","Widowed",2
1101,1968-12-31,"Female","Technical","Married",1
1102,1977-12-31,"Male","Technical","Single",0
1103,1958-12-31,"Female","Postgraduate","Single",0
1104,1990-12-31,"Male","Technical","Married",0
1105,1963-12-31,"Female","University","Married",3
1106,1966-12-31,"Female","Secondary","Married",0
1107,1977-12-31,"Female","Secondary","Married",1
1108,1963-12-31,"Female","University","Married",0
1109,2003-12-31,"Female","Secondary","Married",0
1110,2000-12-31,"Male","Technical","Single",0
1111,1989-12-31,"Female","University","Divorced",3
1112,1998-12-31,"Female","University","Married",0
1113,1983-12-31,"Male","Other","Widowed",2
1114,1986-12-31,"Male","Secondary","Divorced",1
1115,1997-12-31,"Female","Secondary","Single",1
1116,1970-12-31,"Male","Technical","Divorced",1
1117,1987-12-31,"Male","University","Married",0
1118,1973-12-31,"Male","Secondary","Single",1
1119,1975-12-31,"Male","University","Married",0
1120,1987-12-31,"Female","Secondary","Single",1
1121,2001-12-31,"Male","Postgraduate","Single",2
1122,1989-12-31,"Female","University","Married",1
1123,1979-12-31,"Female","University","Married",5
1124,1971-12-31,"Female","University","Married",1
1125,1963-12-31,"Male","Technical","Married",3
1126,1967-12-31,"Female","Technical","Single",2
1127,1973-12-31,"Female","Postgraduate","Married",0
1128,1974-12-31,"Male","Technical","Married",0
1129,1974-12-31,"Female","Secondary","Divorced",1
1130,1963-12-31,"Male","Other","Married",0
1131,1977-12-31,"Male","Secondary","Widowed",2
1132,1982-12-31,"Female","Secondary","Single",0
1133,2007-12-31,"Male","Technical","Married",1
1134,1975-12-31,"Male","Technical","Single",3
1135,1983-12-31,"Female","Postgraduate","Single",0
1136,1978-12-31,"Male","Secondary","Single",1
1137,1999-12-31,"Male","Other","Single",0
1138,1971-12-31,"Male","Postgraduate","Single",0
1139,2001-12-31,"Female","Secondary","Married",0
1140,1999-12-31,"Female","Secondary","Divorced",0
1141,2007-12-31,"Female","Secondary","Single",2
1142,1981-12-31,"Male","University","Married",1
1143,2002-12-31,"Female","Secondary","Married",2
1144,1962-12-31,"Male","Secondary","Divorced",0
1145,1974-12-31,"Female","Technical","Widowed",0
1146,1964-12-31,"Male","University","Single",0
1147,1982-12-31,"Male","University","Divorced",4
1148,1981-12-31,"Male","University","Married",1
1149,1965-12-31,"Male","University","Single",1
1150,1969-12-31,"Female","Technical","Single",1
1151,1983-12-31,"Female","Technical","Married",1
1152,1989-12-31,"Male","University","Single",1
1153,1995-12-31,"Female","Secondary","Single",1
1154,1986-12-31,"Male","Secondary","Single",1
1155,1980-12-31,"Female","Secondary","Single",2
1156,1976-12-31,"Male","University","Single",3
1157,1971-12-31,"Female","Technical","Single",3
1158,1981-12-31,"Female","Technical","Single",3
1159,1980-12-31,"Female","University","Divorced",1
1160,1988-12-31,"Male","Secondary","Widowed",0
1161,1969-12-31,"Male","Technical","Divorced",1
1162,1984-12-31,"Female","Secondary","Divorced",3
1163,1988-12-31,"Male","Technical","Single",3
1164,1974-12-31,"Female","Technical","Married",1
1165,1985-12-31,"Female","Secondary","Single",1
1166,1972-12-31,"Male","University","Single",1
1167,1969-12-31,"Male","Technical","Married",1
1168,1976-12-31,"Male","University","Single",3
1169,1963-12-31,"Female","University","Single",0
1170,1968-12-31,"Female","Secondary","Single",2
1171,1974-12-31,"Male","University","Single",0
1172,1988-12-31,"Female","University","Married",2
1173,1974-12-31,"Female","Secondary","Single",1
1174,2007-12-31,"Other","Technical","Widowed",2
1175,1993-12-31,"Female","University","Widowed",0
1176,1984-12-31,"Female","Secondary","Married",0
1177,1978-12-31,"Male","University","Divorced",1
1178,1981-12-31,"Female","University","Divorced",1
1179,1960-12-31,"Male","Secondary","Divorced",1
1180,1967-12-31,"Female","University","Married",2
1181,2000-12-31,"Female","Postgraduate","Single",1
1182,1981-12-31,"Female","Technical","Single",0
1183,1975-12-31,"Female","University","Single",2
1184,1985-12-31,"Female","Secondary","Single",2
1185,1978-12-31,"Female","Postgraduate","Single",0
1186,1981-12-31,"Female","Other","Widowed",3
1187,2004-12-31,"Female","Secondary","Married",0
1188,1970-12-31,"Male","Technical","Single",1
1189,1968-12-31,"Male","University","Married",1
1190,1999-12-31,"Male","Technical","Single",2
1191,1996-12-31,"Female","Technical","Married",1
1192,1980-12-31,"Female","Secondary","Single",0
1193,1976-12-31,"Female","University","Married",1
1194,1982-12-31,"Female","Technical","Married",4
1195,1980-12-31,"Female","Secondary","Single",3
1196,1981-12-31,"Male","University","Divorced",0
1197,1996-12-31,"Male","Secondary","Single",1
1198,1971-12-31,"Male","University","Married",1
1199,1977-12-31,"Male","Secondary","Single",1
1200,1988-12-31,"Female","Secondary","Married",2
1201,1985-12-31,"Female","University","Married",1
1202,1971-12-31,"Female","Secondary","Single",1
1203,1982-12-31,"Female","Technical","Married",2
1204,1979-12-31,"Male","Technical","Married",1
1205,1968-12-31,"Male","University","Single",0
1206,1972-12-31,"Male","Secondary","Married",2
1207,1978-12-31,"Female","Secondary","Single",0
1208,1987-12-31,"Female","University","Married",2
1209,1966-12-31,"Female","University","Single",1
1210,1993-12-31,"Male","University","Married",3
1211,1977-12-31,"Female","University","Married",4
1212,1977-12-31,"Male","University","Single",1
1213,1973-12-31,"Male","Secondary","Single",1
1214,1998-12-31,"Female","Secondary","Single",0
1215,2000-12-31,"Male","Technical","Single",2
1216,1990-12-31,"Female","Technical","Married",0
1217,1994-12-31,"Female","University","Divorced",1
1218,1995-12-31,"Female","Technical","Single",3
1219,1984-12-31,"Female","Secondary","Widowed",1
1220,1980-12-31,"Female","Secondary","Single",1
1221,2001-12-31,"Male","Secondary","Married",0
1222,1970-12-31,"Male","University","Married",1
1223,1969-12-31,"Female","Technical","Married",1
1224,1983-12-31,"Male","Secondary","Single",3
1225,1971-12-31,"Male","Secondary","Married",3
1226,1957-12-31,"Female","Technical","Married",0
1227,1973-12-31,"Female","Technical","Married",0
1228,1984-12-31,"Male","Secondary","Single",1
1229,1988-12-31,"Male","Secondary","Married",0
1230,1973-12-31,"Female","Secondary","Single",2
1231,1994-12-31,"Female","Technical","Married",1
1232,1959-12-31,"Female","Secondary","Single",0
1233,1981-12-31,"Female","University","Married",0
1234,2002-12-31,"Male","Postgraduate","Married",3
1235,1983-12-31,"Male","University","Single",0
1236,1971-12-31,"Male","Technical","Married",1
1237,1985-12-31,"Female","Postgraduate","Married",0
1238,1993-12-31,"Male","Technical","Single",4
1239,1985-12-31,"Female","Other","Single",0
1240,1999-12-31,"Male","Secondary","Married",1
1241,1979-12-31,"Male","Secondary","Married",3
1242,1984-12-31,"Female","Technical","Single",1
1243,1984-12-31,"Female","Secondary","Single",1
1244,1977-12-31,"Female","Technical","Single",1
1245,1988-12-31,"Male","Technical","Single",0
1246,1968-12-31,"Female","Technical","Married",1
1247,1992-12-31,"Female","University","Single",0
1248,1985-12-31,"Female","Secondary","Single",1
1249,2001-12-31,"Female","Secondary","Married",0
1250,1984-12-31,"Male","Technical","Married",1
1251,1971-12-31,"Male","University","Married",0
1252,1973-12-31,"Other","University","Divorced",0
1253,1966-12-31,"Male","Other","Married",2
1254,1980-12-31,"Female","Postgraduate","Single",0
1255,1982-12-31,"Female","Technical","Single",1
1256,1966-12-31,"Male","University","Divorced",0
1257,1986-12-31,"Female","Technical","Single",1
1258,1992-12-31,"Female","Technical","Divorced",2
1259,1987-12-31,"Female","Technical","Married",2
1260,1969-12-31,"Male","Secondary","Single",0
1261,1979-12-31,"Female","University","Married",1
1262,1975-12-31,"Male","University","Married",1
1263,1990-12-31,"Female","Secondary","Single",1
1264,1994-12-31,"Female","Postgraduate","Single",2
1265,1996-12-31,"Female","Secondary","Married",2
1266,1987-12-31,"Male","University","Widowed",1
1267,1972-12-31,"Female","Secondary","Single",4
1268,1974-12-31,"Male","Secondary","Married",1
1269,1979-12-31,"Male","Secondary","Single",5
1270,1978-12-31,"Female","Secondary","Married",0
1271,2007-12-31,"Female","University","Single",2
1272,1991-12-31,"Female","Postgraduate","Divorced",3
1273,1985-12-31,"Female","University","Single",1
1274,1968-12-31,"Male","Technical","Married",0
1275,1990-12-31,"Male","University","Married",0
1276,2003-12-31,"Female","University","Widowed",1
1277,1995-12-31,"Male","Secondary","Married",1
1278,1973-12-31,"Other","Technical","Married",0
1279,2004-12-31,"Male","Secondary","Single",1
1280,1969-12-31,"Female","Secondary","Married",2
1281,1980-12-31,"Male","Technical","Married",1
1282,1979-12-31,"Female","Secondary","Widowed",1
1283,1970-12-31,"Female","University","Single",3
1284,1954-12-31,"Male","Technical","Married",0
1285,1983-12-31,"Male","Technical","Married",0
1286,1977-12-31,"Male","Secondary","Married",2
1287,1997-12-31,"Female","Secondary","Widowed",0
1288,1987-12-31,"Female","Technical","Single",4
1289,1972-12-31,"Male","Technical","Married",0
1290,2004-12-31,"Female","University","Married",1
1291,1994-12-31,"Female","University","Single",2
1292,1962-12-31,"Male","Other","Married",0
1293,1974-12-31,"Male","Secondary","Single",3
1294,1978-12-31,"Male","University","Widowed",0
1295,1988-12-31,"Female","Secondary","Married",1
1296,1965-12-31,"Male","Secondary","Married",1
1297,1993-12-31,"Male","Technical","Married",2
1298,2007-12-31,"Female","Technical","Single",3
1299,1971-12-31,"Female","Secondary","Single",0
1300,2004-12-31,"Female","University","Divorced",1
1301,2002-12-31,"Female","Secondary","Divorced",2
1302,1985-12-31,"Male","Postgraduate","Married",2
1303,1992-12-31,"Female","University","Married",1
1304,1990-12-31,"Male","University","Married",1
1305,1985-12-31,"Female","Technical","Married",1
1306,1967-12-31,"Female","Technical","Single",1
1307,1984-12-31,"Female","Technical","Single",1
1308,2007-12-31,"Male","Technical","Divorced",0
1309,1962-12-31,"Male","Technical","Married",3
1310,1970-12-31,"Female","University","Married",2
1311,1982-12-31,"Female","University","Divorced",0
1312,2007-12-31,"Male","University","Single",0
1313,1969-12-31,"Male","University","Married",1
1314,1992-12-31,"Male","Secondary","Married",2
1315,1962-12-31,"Male","University","Married",1
1316,1972-12-31,"Male","Secondary","Married",2
1317,1975-12-31,"Male","Secondary","Single",3
1318,1981-12-31,"Female","University","Married",2
1319,1963-12-31,"Male","Technical","Divorced",1
1320,1999-12-31,"Female","University","Married",0
1321,1990-12-31,"Male","Technical","Married",1
1322,1981-12-31,"Female","Other","Single",3
1323,1976-12-31,"Female","University","Divorced",4
1324,1977-12-31,"Female","Other","Single",1
1325,1975-12-31,"Male","University","Single",3
1326,1979-12-31,"Female","Postgraduate","Married",1
1327,1996-12-31,"Male","Secondary","Married",0
1328,1998-12-31,"Male","University","Married",2
1329,1986-12-31,"Female","Secondary","Single",1
1330,1972-12-31,"Female","Postgraduate","Single",1
1331,1981-12-31,"Female","Technical","Married",0
1332,1979-12-31,"Male","Secondary","Married",1
1333,1992-12-31,"Female","Postgraduate","Married",2
1334,1974-12-31,"Female","Technical","Married",0
1335,1993-12-31,"Female","University","Married",1
1336,2006-12-31,"Female","Technical","Single",1
1337,1966-12-31,"Female","University","Single",0
1338,1983-12-31,"Male","University","Married",1
1339,1998-12-31,"Female","University","Married",3
1340,1976-12-31,"Female","University","Widowed",1
1341,1984-12-31,"Male","Secondary","Single",0
1342,1983-12-31,"Male","Technical","Married",2
1343,1990-12-31,"Male","Technical","Married",0
1344,1982-12-31,"Male","Postgraduate","Married",1
1345,1985-12-31,"Male","Secondary","Single",2
1346,1988-12-31,"Male","Secondary","Married",0
1347,2007-12-31,"Female","Secondary","Divorced",1
1348,1981-12-31,"Male","Technical","Widowed",1
1349,1987-12-31,"Female","University","Single",2
1350,1977-12-31,"Female","Secondary","Married",2
1351,1983-12-31,"Female","University","Single",1
1352,1998-12-31,"Female","Secondary","Single",1
1353,1999-12-31,"Male","Secondary","Divorced",4
1354,1981-12-31,"Female","Secondary","Single",0
1355,1991-12-31,"Male","Other","Widowed",1
1356,2000-12-31,"Male","Secondary","Married",1
1357,1985-12-31,"Male","University","Married",1
1358,1993-12-31,"Female","University","Married",0
1359,1990-12-31,"Female","Secondary","Married",4
1360,1983-12-31,"Female","Secondary","Single",4
1361,1985-12-31,"Female","Secondary","Single",1
1362,2007-12-31,"Male","Postgraduate","Single",0
1363,1969-12-31,"Male","Postgraduate","Widowed",1
1364,1967-12-31,"Male","Technical","Single",3
1365,1967-12-31,"Female","Secondary","Married",0
1366,2005-12-31,"Female","Technical","Married",2
1367,1987-12-31,"Male","University","Married",1
1368,1967-12-31,"Male","Secondary","Single",2
1369,1982-12-31,"Female","Technical","Married",0
1370,1972-12-31,"Female","Technical","Married",3
1371,1998-12-31,"Male","Technical","Married",3
1372,1979-12-31,"Female","Technical","Married",2
1373,1977-12-31,"Female","Secondary","Married",2
1374,1968-12-31,"Female","University","Married",1
1375,1968-12-31,"Female","Postgraduate","Single",2
1376,1980-12-31,"Female","Technical","Married",2
1377,1989-12-31,"Male","Technical","Married",2
1378,1996-12-31,"Female","Secondary","Married",3
1379,1983-12-31,"Male","Postgraduate","Single",2
1380,1970-12-31,"Female","Secondary","Divorced",1
1381,1990-12-31,"Female","Secondary","Single",0
1382,1986-12-31,"Male","University","Married",2
1383,1984-12-31,"Male","Secondary","Widowed",0
1384,1977-12-31,"Female","University","Married",2
1385,2000-12-31,"Female","Technical","Single",1
1386,1975-12-31,"Other","University","Single",1
1387,1985-12-31,"Male","Technical","Single",3
1388,1979-12-31,"Female","University","Divorced",0
1389,1983-12-31,"Male","University","Married",2
1390,2002-12-31,"Female","University","Single",0
1391,1991-12-31,"Female","Secondary","Married",2
1392,1982-12-31,"Female","Technical","Single",2
1393,1974-12-31,"Male","University","Single",2
1394,1973-12-31,"Female","University","Married",1
1395,1994-12-31,"Male","Technical","Single",2
1396,1986-12-31,"Female","Secondary","Single",1
1397,1991-12-31,"Male","University","Married",0
1398,1990-12-31,"Female","University","Married",1
1399,1990-12-31,"Female","Technical","Married",1
1400,1994-12-31,"Female","Technical","Married",0
1401,1991-12-31,"Female","Secondary","Single",2
1402,1970-12-31,"Female","University","Married",0
1403,1968-12-31,"Male","Secondary","Single",1
1404,1966-12-31,"Male","Technical","Single",1
1405,1968-12-31,"Male","Secondary","Divorced",1
1406,1982-12-31,"Female","Secondary","Married",1
1407,1973-12-31,"Male","University","Widowed",1
1408,1983-12-31,"Male","Technical","Widowed",2
1409,1983-12-31,"Female","Secondary","Divorced",1
1410,1996-12-31,"Female","Secondary","Married",2
1411,1968-12-31,"Female","Technical","Single",0
1412,1988-12-31,"Male","Technical","Married",0
1413,1993-12-31,"Male","University","Married",1
1414,1986-12-31,"Male","Technical","Married",0
1415,1979-12-31,"Male","University","Divorced",0
1416,1997-12-31,"Male","Other","Divorced",1
1417,1963-12-31,"Male","Secondary","Married",3
1418,1950-12-31,"Female","Postgraduate","Married",2
1419,1965-12-31,"Male","Technical","Divorced",1
1420,1965-12-31,"Male","Secondary","Married",1
1421,1982-12-31,"Female","Technical","Married",1
1422,1967-12-31,"Male","Technical","Single",1
1423,1989-12-31,"Male","Other","Single",3
1424,1972-12-31,"Male","Secondary","Single",0
1425,1977-12-31,"Male","Secondary","Married",0
1426,1997-12-31,"Male","Secondary","Single",0
1427,1969-12-31,"Male","Technical","Married",2
1428,1992-12-31,"Male","Secondary","Married",1
1429,1987-12-31,"Male","University","Single",0
1430,1972-12-31,"Female","University","Single",3
1431,1971-12-31,"Male","Secondary","Single",5
1432,1992-12-31,"Female","Secondary","Single",2
1433,1975-12-31,"Female","University","Married",0
1434,1983-12-31,"Male","Technical","Married",1
1435,1991-12-31,"Male","Secondary","Married",1
1436,2007-12-31,"Male","Secondary","Married",1
1437,1983-12-31,"Female","University","Married",1
1438,1992-12-31,"Female","Secondary","Married",1
1439,1982-12-31,"Female","Secondary","Married",2
1440,1979-12-31,"Female","Technical","Married",1
1441,1973-12-31,"Female","University","Married",1
1442,1979-12-31,"Female","Technical","Divorced",1
1443,1990-12-31,"Female","University","Single",1
1444,1979-12-31,"Female","Technical","Single",0
1445,1987-12-31,"Male","University","Widowed",1
1446,1984-12-31,"Other","Other","Single",2
1447,1980-12-31,"Male","Secondary","Married",2
1448,1979-12-31,"Female","Technical","Married",1
1449,1966-12-31,"Male","Secondary","Married",1
1450,1993-12-31,"Male","Secondary","Married",0
1451,1966-12-31,"Female","University","Single",0
1452,1960-12-31,"Male","Secondary","Married",1
1453,1990-12-31,"Male","Secondary","Married",1
1454,1988-12-31,"Male","Other","Divorced",3
1455,1992-12-31,"Male","University","Single",0
1456,1974-12-31,"Female","University","Single",1
1457,1998-12-31,"Male","Technical","Single",4
1458,1969-12-31,"Other","Secondary","Single",2
1459,1991-12-31,"Female","Secondary","Married",2
1460,1992-12-31,"Male","Secondary","Single",0
1461,1975-12-31,"Male","Secondary","Married",1
1462,1988-12-31,"Female","Secondary","Single",0
1463,1979-12-31,"Female","University","Married",0
1464,1961-12-31,"Male","Other","Married",3
1465,1980-12-31,"Male","University","Single",1
1466,1962-12-31,"Male","University","Married",0
1467,1979-12-31,"Female","University","Married",2
1468,1966-12-31,"Female","Technical","Married",4
1469,1972-12-31,"Male","University","Single",1
1470,1977-12-31,"Male","Secondary","Married",3
1471,1996-12-31,"Male","Technical","Single",2
1472,1994-12-31,"Female","Secondary","Single",1
1473,2007-12-31,"Female","University","Widowed",1
1474,1980-12-31,"Male","Secondary","Single",0
1475,1985-12-31,"Female","University","Married",2
1476,1977-12-31,"Male","Technical","Married",1
1477,1983-12-31,"Male","Secondary","Married",0
1478,1974-12-31,"Male","Technical","Widowed",1
1479,1980-12-31,"Male","Postgraduate","Married",2
1480,1992-12-31,"Female","Secondary","Married",0
1481,1960-12-31,"Female","Technical","Married",2
1482,1997-12-31,"Female","Postgraduate","Married",2
1483,1977-12-31,"Male","Secondary","Divorced",2
1484,1995-12-31,"Female","Secondary","Married",2
1485,1982-12-31,"Female","Secondary","Married",2
1486,1983-12-31,"Male","Postgraduate","Divorced",1
1487,1988-12-31,"Male","University","Single",1
1488,1969-12-31,"Female","Secondary","Single",2
1489,1991-12-31,"Male","University","Single",3
1490,1982-12-31,"Female","Postgraduate","Single",2
1491,1990-12-31,"Male","Other","Divorced",2
1492,1988-12-31,"Female","Secondary","Divorced",2
1493,1983-12-31,"Female","Technical","Single",1
1494,1984-12-31,"Male","Secondary","Single",2
1495,1950-12-31,"Female","University","Single",0
1496,1994-12-31,"Female","Secondary","Married",0
1497,1968-12-31,"Male","Technical","Married",2
1498,1978-12-31,"Male","University","Single",2
1499,1988-12-31,"Female","Other","Single",0
1500,1979-12-31,"Female","University","Single",1
1501,1984-12-31,"Female","Secondary","Divorced",3
1502,1990-12-31,"Female","Secondary","Married",1
1503,1976-12-31,"Male","Secondary","Divorced",2
1504,1967-12-31,"Male","Secondary","Married",1
1505,1997-12-31,"Female","University","Single",3
1506,2005-12-31,"Female","University","Married",4
1507,1991-12-31,"Female","University","Married",0
1508,1965-12-31,"Female","Secondary","Married",0
1509,1985-12-31,"Female","University","Divorced",0
1510,1975-12-31,"Female","Other","Single",0
1511,1970-12-31,"Female","Secondary","Single",1
1512,1961-12-31,"Female","Secondary","Married",0
1513,1970-12-31,"Female","University","Single",2
1514,1981-12-31,"Female","Secondary","Widowed",2
1515,1986-12-31,"Male","Secondary","Single",1
1516,2007-12-31,"Male","University","Married",1
1517,1986-12-31,"Female","Secondary","Divorced",0
1518,1976-12-31,"Female","Secondary","Single",2
1519,1994-12-31,"Female","Secondary","Single",1
1520,1968-12-31,"Female","Technical","Married",1
1521,1974-12-31,"Female","Secondary","Divorced",3
1522,1989-12-31,"Male","University","Single",2
1523,1981-12-31,"Female","Secondary","Divorced",2
1524,1978-12-31,"Female","Postgraduate","Divorced",1
1525,1986-12-31,"Female","Technical","Single",0
1526,1975-12-31,"Male","Secondary","Single",3
1527,1988-12-31,"Female","Technical","Single",2
1528,1980-12-31,"Male","Secondary","Married",1
1529,1961-12-31,"Male","Other","Single",1
1530,1992-12-31,"Male","Other","Married",1
1531,1991-12-31,"Male","Secondary","Single",2
1532,1968-12-31,"Female","Secondary","Married",0
1533,1981-12-31,"Male","Technical","Married",2
1534,1971-12-31,"Male","Secondary","Married",0
1535,1981-12-31,"Male","Secondary","Single",1
1536,1988-12-31,"Male","Other","Single",1
1537,1971-12-31,"Male","Technical","Single",0
1538,1983-12-31,"Male","Postgraduate","Single",2
1539,2005-12-31,"Female","Secondary","Divorced",4
1540,1965-12-31,"Female","Secondary","Single",1
1541,2007-12-31,"Male","Postgraduate","Single",1
1542,1986-12-31,"Other","Technical","Married",1
1543,2001-12-31,"Female","Secondary","Married",3
1544,1979-12-31,"Male","University","Single",1
1545,1984-12-31,"Male","Technical","Single",4
1546,1971-12-31,"Female","Technical","Married",1
1547,2007-12-31,"Male","University","Divorced",3
1548,1974-12-31,"Male","Technical","Single",1
1549,1967-12-31,"Female","Secondary","Married",2
1550,1978-12-31,"Female","Secondary","Married",0
1551,1970-12-31,"Male","Technical","Married",5
1552,1975-12-31,"Female","Technical","Married",2
1553,1991-12-31,"Female","Technical","Single",1
1554,1999-12-31,"Male","Secondary","Married",1
1555,1995-12-31,"Male","Secondary","Married",0
1556,1994-12-31,"Female","University","Divorced",0
1557,1987-12-31,"Male","University","Single",3
1558,1982-12-31,"Male","Secondary","Widowed",1
1559,1990-12-31,"Male","University","Married",5
1560,1970-12-31,"Male","Technical","Married",0
1561,1965-12-31,"Male","Secondary","Single",0
1562,1984-12-31,"Female","Technical","Single",3
1563,1988-12-31,"Male","Technical","Single",3
1564,1988-12-31,"Male","University","Married",1
1565,1988-12-31,"Male","University","Widowed",0
1566,1996-12-31,"Female","University","Married",2
1567,1995-12-31,"Male","Technical","Single",2
1568,1997-12-31,"Male","Secondary","Married",4
1569,1993-12-31,"Male","Postgraduate","Single",0
1570,1973-12-31,"Female","Technical","Married",0
1571,1961-12-31,"Female","University","Divorced",1
1572,1982-12-31,"Other","University","Single",4
1573,1982-12-31,"Male","Secondary","Married",1
1574,1984-12-31,"Male","Postgraduate","Widowed",3
1575,1994-12-31,"Female","Technical","Single",3
1576,2002-12-31,"Male","Secondary","Single",1
1577,1990-12-31,"Male","University","Married",1
1578,1960-12-31,"Female","Technical","Married",3
1579,2000-12-31,"Male","Technical","Divorced",1
1580,1975-12-31,"Female","Technical","Single",3
1581,1985-12-31,"Female","Technical","Divorced",2
1582,1998-12-31,"Male","Secondary","Single",2
1583,1954-12-31,"Male","Technical","Widowed",0
1584,1967-12-31,"Male","Secondary","Single",1
1585,1964-12-31,"Male","Postgraduate","Married",0
1586,1975-12-31,"Male","Secondary","Married",0
1587,2007-12-31,"Female","Technical","Single",1
1588,1983-12-31,"Male","Technical","Single",5
1589,1965-12-31,"Male","University","Single",1
1590,1982-12-31,"Male","Technical","Married",1
1591,1987-12-31,"Female","Secondary","Married",1
1592,1977-12-31,"Female","Secondary","Single",1
1593,1974-12-31,"Female","Technical","Single",2
1594,2001-12-31,"Female","Secondary","Married",2
1595,1975-12-31,"Male","Secondary","Divorced",1
1596,1978-12-31,"Male","Secondary","Single",1
1597,1992-12-31,"Female","University","Single",1
1598,1978-12-31,"Male","Secondary","Single",0
1599,1999-12-31,"Female","Secondary","Single",2
1600,1992-12-31,"Male","Secondary","Married",0
1601,1973-12-31,"Female","University","Divorced",0
1602,1966-12-31,"Female","Secondary","Single",2
1603,1989-12-31,"Male","Secondary","Married",3
1604,1996-12-31,"Female","Technical","Single",1
1605,1991-12-31,"Female","University","Divorced",1
1606,1969-12-31,"Female","University","Single",1
1607,1976-12-31,"Female","University","Married",0
1608,1988-12-31,"Female","Postgraduate","Married",0
1609,1981-12-31,"Male","Technical","Married",2
1610,1959-12-31,"Male","University","Married",0
1611,1980-12-31,"Female","University","Single",2
1612,1969-12-31,"Male","Technical","Single",0
1613,1967-12-31,"Female","Postgraduate","Married",0
1614,1970-12-31,"Male","Technical","Married",1
1615,1981-12-31,"Male","Secondary","Married",1
1616,1994-12-31,"Male","University","Divorced",1
1617,1996-12-31,"Male","Technical","Single",1
1618,1989-12-31,"Male","University","Single",1
1619,1973-12-31,"Female","Secondary","Married",2
1620,1989-12-31,"Female","University","Married",1
1621,1985-12-31,"Female","Secondary","Divorced",4
1622,1997-12-31,"Female","University","Married",0
1623,1993-12-31,"Male","Secondary","Married",1
1624,1980-12-31,"Female","Secondary","Single",0
1625,1966-12-31,"Female","University","Single",1
1626,1974-12-31,"Female","Postgraduate","Married",1
1627,1990-12-31,"Other","Technical","Married",0
1628,1967-12-31,"Female","Technical","Single",0
1629,1971-12-31,"Female","University","Married",0
1630,1974-12-31,"Male","Postgraduate","Single",1
1631,1984-12-31,"Female","Technical","Married",0
1632,1989-12-31,"Male","Secondary","Single",1
1633,1992-12-31,"Male","Technical","Single",0
1634,1985-12-31,"Female","Technical","Married",1
1635,1986-12-31,"Male","Technical","Single",3
1636,1981-12-31,"Female","Secondary","Married",0
1637,1983-12-31,"Male","University","Single",2
1638,1981-12-31,"Female","Secondary","Married",1
1639,1980-12-31,"Female","Technical","Single",2
1640,1979-12-31,"Male","Secondary","Single",1
1641,1994-12-31,"Female","Secondary","Married",1
1642,1986-12-31,"Male","Technical","Married",2
1643,1986-12-31,"Female","University","Widowed",1
1644,1977-12-31,"Male","University","Single",1
1645,1991-12-31,"Female","Technical","Single",3
1646,1984-12-31,"Female","University","Single",2
1647,1950-12-31,"Male","Technical","Married",1
1648,1960-12-31,"Male","Postgraduate","Single",1
1649,1972-12-31,"Male","Technical","Single",3
1650,1982-12-31,"Female","Other","Divorced",1
1651,1983-12-31,"Female","Secondary","Single",2
1652,2003-12-31,"Female","University","Married",3
1653,1984-12-31,"Male","Secondary","Divorced",0
1654,1969-12-31,"Male","Secondary","Married",3
1655,1959-12-31,"Male","Secondary","Divorced",2
1656,2001-12-31,"Male","Secondary","Divorced",1
1657,1978-12-31,"Female","Secondary","Married",3
1658,1993-12-31,"Male","Postgraduate","Divorced",1
1659,2007-12-31,"Male","Secondary","Single",2
1660,1985-12-31,"Female","Technical","Divorced",1
1661,1988-12-31,"Male","University","Divorced",1
1662,1983-12-31,"Male","Other","Married",0
1663,2002-12-31,"Male","Secondary","Married",1
1664,1965-12-31,"Male","Technical","Single",0
1665,1986-12-31,"Male","Technical","Widowed",1
1666,1983-12-31,"Female","Technical","Married",0
1667,1990-12-31,"Female","University","Divorced",1
1668,1966-12-31,"Male","University","Married",2
1669,1985-12-31,"Female","Secondary","Married",2
1670,1978-12-31,"Male","Secondary","Divorced",1
1671,1987-12-31,"Female","Secondary","Single",0
1672,1997-12-31,"Female","Secondary","Single",0
1673,1983-12-31,"Male","University","Single",2
1674,1976-12-31,"Male","Secondary","Widowed",1
1675,1962-12-31,"Male","University","Single",0
1676,1971-12-31,"Male","Secondary","Single",1
1677,1985-12-31,"Female","Technical","Divorced",0
1678,1986-12-31,"Female","Postgraduate","Married",0
1679,1981-12-31,"Male","University","Divorced",2
1680,1993-12-31,"Female","Technical","Single",0
1681,1991-12-31,"Female","Secondary","Single",1
1682,1963-12-31,"Male","Technical","Married",3
1683,1990-12-31,"Male","University","Single",2
1684,2002-12-31,"Female","University","Married",2
1685,1989-12-31,"Male","University","Single",0
1686,1972-12-31,"Female","University","Married",0
1687,1990-12-31,"Male","Technical","Married",2
1688,1997-12-31,"Female","Secondary","Single",3
1689,1988-12-31,"Female","Secondary","Married",2
1690,1967-12-31,"Male","University","Married",0
1691,1967-12-31,"Female","Technical","Single",1
1692,1988-12-31,"Male","University","Single",3
1693,2001-12-31,"Male","University","Married",2
1694,2007-12-31,"Male","University","Divorced",1
1695,1981-12-31,"Female","University","Married",3
1696,1984-12-31,"Female","University","Married",0
1697,1976-12-31,"Male","University","Married",1
1698,1993-12-31,"Male","University","Married",0
1699,1966-12-31,"Male","Other","Widowed",0
1700,1986-12-31,"Female","Secondary","Single",0
1701,1982-12-31,"Female","University","Married",3
1702,1966-12-31,"Female","Secondary","Married",2
1703,1958-12-31,"Male","Technical","Single",2
1704,2007-12-31,"Male","Technical","Married",0
1705,1980-12-31,"Female","University","Married",1
1706,2007-12-31,"Male","Secondary","Single",0
1707,1990-12-31,"Female","Secondary","Single",1
1708,1985-12-31,"Male","Secondary","Single",1
1709,1992-12-31,"Female","Postgraduate","Married",0
1710,1976-12-31,"Female","University","Married",1
1711,1983-12-31,"Male","Secondary","Widowed",0
1712,1979-12-31,"Male","Postgraduate","Single",0
1713,1989-12-31,"Female","University","Single",1
1714,1981-12-31,"Male","Technical","Married",1
1715,1994-12-31,"Female","University","Married",1
1716,1997-12-31,"Female","University","Married",1
1717,1966-12-31,"Male","Secondary","Single",2
1718,1988-12-31,"Female","Other","Divorced",1
1719,1975-12-31,"Female","University","Married",2
1720,1961-12-31,"Female","Secondary","Married",0
1721,1993-12-31,"Female","Secondary","Married",0
1722,1976-12-31,"Female","Secondary","Married",2
1723,1973-12-31,"Male","Secondary","Married",0
1724,1981-12-31,"Female","Other","Married",1
1725,1982-12-31,"Male","Secondary","Married",1
1726,1976-12-31,"Male","University","Married",0
1727,1975-12-31,"Male","Secondary","Single",2
1728,1983-12-31,"Male","Secondary","Married",1
1729,1983-12-31,"Female","Technical","Divorced",0
1730,1974-12-31,"Female","University","Single",0
1731,2002-12-31,"Female","University","Married",3
1732,1972-12-31,"Female","Secondary","Married",2
1733,1977-12-31,"Female","University","Married",2
1734,1990-12-31,"Female","Postgraduate","Married",0
1735,1987-12-31,"Male","Technical","Married",1
1736,1965-12-31,"Male","Technical","Married",2
1737,1972-12-31,"Male","Secondary","Single",1
1738,1975-12-31,"Female","University","Single",0
1739,1987-12-31,"Male","Secondary","Married",0
1740,1982-12-31,"Male","University","Single",2
1741,1969-12-31,"Male","Secondary","Married",1
1742,1967-12-31,"Female","Technical","Single",1
1743,1994-12-31,"Male","Secondary","Single",1
1744,1996-12-31,"Male","Secondary","Single",1
1745,2003-12-31,"Female","Secondary","Married",2
1746,1976-12-31,"Female","Postgraduate","Married",2
1747,1982-12-31,"Male","Technical","Married",2
1748,1976-12-31,"Male","Postgraduate","Single",0
1749,1977-12-31,"Male","Secondary","Married",2
1750,1981-12-31,"Male","University","Divorced",3
1751,1965-12-31,"Female","Secondary","Single",2
1752,1966-12-31,"Male","University","Married",1
1753,1985-12-31,"Male","Technical","Married",1
1754,1977-12-31,"Male","University","Married",5
1755,1980-12-31,"Female","University","Married",0
1756,1981-12-31,"Female","Other","Widowed",2
1757,1986-12-31,"Female","Secondary","Married",1
1758,1995-12-31,"Female","University","Married",0
1759,1975-12-31,"Female","Secondary","Single",2
1760,1980-12-31,"Male","Secondary","Single",1
1761,1986-12-31,"Male","University","Divorced",0
1762,1962-12-31,"Female","Secondary","Widowed",2
1763,1989-12-31,"Male","Secondary","Single",0
1764,1982-12-31,"Female","Technical","Single",1
1765,1982-12-31,"Male","University","Single",2
1766,1985-12-31,"Male","Postgraduate","Married",1
1767,1972-12-31,"Female","University","Married",1
1768,1960-12-31,"Female","Technical","Married",2
1769,1998-12-31,"Female","Secondary","Married",4
1770,1959-12-31,"Female","Postgraduate","Married",1
1771,1971-12-31,"Female","Technical","Single",1
1772,2004-12-31,"Male","Technical","Married",2
1773,1980-12-31,"Female","University","Married",2
1774,1986-12-31,"Female","Other","Married",3
1775,1964-12-31,"Male","University","Married",3
1776,1994-12-31,"Female","Postgraduate","Single",1
1777,1992-12-31,"Female","Technical","Married",0
1778,1992-12-31,"Male","Secondary","Married",1
1779,1966-12-31,"Female","Secondary","Married",0
1780,1980-12-31,"Male","University","Divorced",2
1781,2007-12-31,"Female","Secondary","Single",2
1782,1982-12-31,"Male","Secondary","Single",1
1783,2001-12-31,"Female","Secondary","Married",2
1784,1974-12-31,"Female","Secondary","Married",1
1785,1954-12-31,"Female","Technical","Divorced",1
1786,1989-12-31,"Female","Postgraduate","Married",2
1787,1981-12-31,"Male","University","Single",1
1788,1980-12-31,"Male","Secondary","Single",2
1789,1979-12-31,"Male","University","Married",2
1790,1988-12-31,"Male","Secondary","Single",2
1791,1980-12-31,"Male","Secondary","Married",1
1792,1988-12-31,"Male","Secondary","Divorced",3
1793,1977-12-31,"Female","University","Single",1
1794,1974-12-31,"Male","Other","Divorced",2
1795,1991-12-31,"Male","University","Single",1
1796,1981-12-31,"Male","Technical","Married",1
1797,1965-12-31,"Male","Secondary","Single",4
1798,1996-12-31,"Male","University","Widowed",1
1799,2002-12-31,"Male","Secondary","Married",2
1800,2007-12-31,"Male","Secondary","Married",1
1801,1968-12-31,"Female","Secondary","Married",1
1802,1986-12-31,"Male","Secondary","Married",1
1803,1967-12-31,"Female","University","Single",0
1804,1990-12-31,"Male","Secondary","Single",0
1805,1966-12-31,"Male","University","Married",0
1806,1971-12-31,"Female","Secondary","Single",2
1807,1993-12-31,"Male","Technical","Single",0
1808,1990-12-31,"Female","Secondary","Married",1
1809,1976-12-31,"Female","Technical","Single",1
1810,1973-12-31,"Male","Secondary","Single",3
1811,1977-12-31,"Male","Secondary","Single",1
1812,1978-12-31,"Male","University","Married",1
1813,1976-12-31,"Male","University","Single",1
1814,1974-12-31,"Female","Secondary","Divorced",2
1815,1996-12-31,"Male","Secondary","Divorced",1
1816,1982-12-31,"Female","Technical","Married",0
1817,1987-12-31,"Female","Postgraduate","Single",0
1818,1970-12-31,"Female","University","Single",1
1819,1980-12-31,"Female","University","Single",0
1820,1994-12-31,"Male","Postgraduate","Divorced",2
1821,1960-12-31,"Female","University","Married",0
1822,1997-12-31,"Male","Secondary","Divorced",1
1823,1994-12-31,"Female","Secondary","Divorced",2
1824,1992-12-31,"Female","Technical","Married",0
1825,1950-12-31,"Male","University","Single",0
1826,1979-12-31,"Female","Postgraduate","Married",2
1827,1990-12-31,"Female","University","Married",1
1828,1984-12-31,"Female","University","Single",2
1829,1984-12-31,"Male","University","Married",0
1830,1986-12-31,"Male","Technical","Single",1
1831,1986-12-31,"Male","Secondary","Single",0
1832,1992-12-31,"Male","Secondary","Single",2
1833,1987-12-31,"Female","Technical","Single",2
1834,1995-12-31,"Male","Secondary","Single",1
1835,1968-12-31,"Female","Secondary","Married",1
1836,1982-12-31,"Female","Technical","Married",0
1837,1992-12-31,"Female","Technical","Married",5
1838,1971-12-31,"Female","Secondary","Single",0
1839,1986-12-31,"Male","University","Divorced",0
1840,1967-12-31,"Female","Technical","Married",0
1841,1980-12-31,"Male","University","Married",1
1842,1986-12-31,"Male","Postgraduate","Married",3
1843,2000-12-31,"Male","Secondary","Divorced",1
1844,1962-12-31,"Male","Technical","Married",1
1845,2002-12-31,"Other","University","Married",1
1846,1982-12-31,"Female","Secondary","Married",0
1847,1986-12-31,"Female","Technical","Married",0
1848,2002-12-31,"Male","Technical","Single",1
1849,1992-12-31,"Male","Secondary","Married",5
1850,1985-12-31,"Male","University","Single",2
1851,1999-12-31,"Male","Secondary","Single",1
1852,1988-12-31,"Female","University","Divorced",1
1853,1975-12-31,"Male","Other","Married",2
1854,1987-12-31,"Male","University","Single",1
1855,1986-12-31,"Male","University","Single",1
1856,1991-12-31,"Male","Secondary","Married",1
1857,1990-12-31,"Female","University","Married",2
1858,1980-12-31,"Female","Technical","Single",1
1859,1991-12-31,"Female","Secondary","Married",3
1860,1965-12-31,"Male","University","Divorced",2
1861,1979-12-31,"Female","University","Married",1
1862,1997-12-31,"Female","University","Single",1
1863,1978-12-31,"Male","University","Single",2
1864,1969-12-31,"Male","Secondary","Married",1
1865,2003-12-31,"Female","Technical","Single",2
1866,1983-12-31,"Male","Secondary","Married",5
1867,1979-12-31,"Other","University","Married",0
1868,1975-12-31,"Female","Technical","Married",1
1869,1959-12-31,"Male","Secondary","Married",1
1870,1977-12-31,"Female","Secondary","Married",1
1871,1960-12-31,"Male","Secondary","Married",2
1872,1992-12-31,"Male","University","Single",2
1873,1998-12-31,"Male","Secondary","Married",1
1874,1993-12-31,"Female","Secondary","Single",2
1875,1984-12-31,"Female","University","Single",2
1876,1983-12-31,"Female","Secondary","Single",0
1877,1990-12-31,"Female","University","Single",0
1878,1974-12-31,"Male","University","Single",3
1879,1970-12-31,"Female","Postgraduate","Married",2
1880,1984-12-31,"Male","Technical","Single",1
1881,1992-12-31,"Male","University","Married",0
1882,2007-12-31,"Male","University","Widowed",0
1883,1986-12-31,"Male","Technical","Married",2
1884,1992-12-31,"Female","University","Widowed",1
1885,1970-12-31,"Male","Technical","Married",1
1886,1973-12-31,"Female","University","Single",0
1887,1982-12-31,"Male","Secondary","Widowed",3
1888,1988-12-31,"Male","University","Married",2
1889,1980-12-31,"Female","Technical","Divorced",0
1890,1979-12-31,"Male","Secondary","Single",0
1891,1997-12-31,"Female","University","Widowed",1
1892,2001-12-31,"Female","Postgraduate","Single",0
1893,1989-12-31,"Female","University","Married",1
1894,1975-12-31,"Male","Secondary","Married",2
1895,1981-12-31,"Other","Other","Married",1
1896,1979-12-31,"Female","Secondary","Single",0
1897,1967-12-31,"Male","Postgraduate","Married",0
1898,1993-12-31,"Other","University","Single",1
1899,1971-12-31,"Female","Technical","Widowed",2
1900,1968-12-31,"Male","Technical","Single",1
1901,1975-12-31,"Male","Technical","Single",3
1902,1976-12-31,"Female","Technical","Married",1
1903,1981-12-31,"Female","Technical","Single",2
1904,1970-12-31,"Female","University","Divorced",2
1905,1980-12-31,"Other","Secondary","Married",2
1906,1968-12-31,"Female","Secondary","Divorced",0
1907,1999-12-31,"Male","University","Single",1
1908,2007-12-31,"Male","Secondary","Divorced",4
1909,1986-12-31,"Female","Postgraduate","Married",1
1910,1959-12-31,"Male","Secondary","Single",1
1911,1972-12-31,"Other","Postgraduate","Married",3
1912,1990-12-31,"Female","Secondary","Single",1
1913,1970-12-31,"Male","Secondary","Single",0
1914,1976-12-31,"Male","Technical","Married",1
1915,1960-12-31,"Female","Secondary","Married",0
1916,1971-12-31,"Female","Secondary","Single",2
1917,1985-12-31,"Male","University","Married",0
1918,1994-12-31,"Female","Secondary","Single",1
1919,1980-12-31,"Male","University","Widowed",0
1920,1972-12-31,"Male","Secondary","Widowed",0
1921,1959-12-31,"Male","Technical","Married",2
1922,1974-12-31,"Female","University","Single",1
1923,1982-12-31,"Male","University","Single",2
1924,1987-12-31,"Female","Technical","Single",2
1925,1982-12-31,"Female","Secondary","Single",1
1926,1981-12-31,"Female","University","Married",1
1927,1978-12-31,"Male","Technical","Married",4
1928,1960-12-31,"Male","Secondary","Single",3
1929,1969-12-31,"Female","Secondary","Married",0
1930,1998-12-31,"Male","Postgraduate","Married",0
1931,1991-12-31,"Female","Secondary","Married",0
1932,1990-12-31,"Female","University","Married",5
1933,1979-12-31,"Male","Secondary","Single",3
1934,1971-12-31,"Male","Secondary","Married",3
1935,1981-12-31,"Male","University","Married",1
1936,1964-12-31,"Male","University","Divorced",3
1937,1967-12-31,"Female","University","Single",3
1938,1996-12-31,"Male","Postgraduate","Divorced",4
1939,1996-12-31,"Male","Postgraduate","Married",2
1940,1958-12-31,"Female","University","Married",4
1941,1984-12-31,"Female","Technical","Divorced",2
1942,1988-12-31,"Male","University","Single",1
1943,1965-12-31,"Female","Secondary","Married",2
1944,1974-12-31,"Female","Technical","Single",0
1945,1996-12-31,"Male","Technical","Married",1
1946,1989-12-31,"Male","University","Widowed",2
1947,1992-12-31,"Female","Secondary","Married",0
1948,1980-12-31,"Male","Secondary","Single",3
1949,1979-12-31,"Male","University","Single",2
1950,1984-12-31,"Male","Postgraduate","Single",1
1951,1972-12-31,"Male","University","Single",2
1952,1986-12-31,"Male","Secondary","Single",2
1953,2007-12-31,"Female","University","Single",0
1954,1998-12-31,"Male","Postgraduate","Married",1
1955,1979-12-31,"Male","Postgraduate","Single",0
1956,2003-12-31,"Male","University","Single",1
1957,1987-12-31,"Male","Postgraduate","Married",0
1958,1950-12-31,"Male","University","Married",5
1959,1965-12-31,"Female","University","Married",2
1960,1991-12-31,"Male","Secondary","Married",3
1961,1976-12-31,"Female","Secondary","Married",0
1962,1966-12-31,"Male","Technical","Married",1
1963,1977-12-31,"Male","Secondary","Widowed",1
1964,1971-12-31,"Female","University","Married",1
1965,1965-12-31,"Female","Technical","Single",1
1966,1997-12-31,"Male","Secondary","Divorced",0
1967,1984-12-31,"Female","University","Married",0
1968,1995-12-31,"Female","Secondary","Married",0
1969,1973-12-31,"Female","Technical","Single",0
1970,1979-12-31,"Male","Secondary","Married",1
1971,1995-12-31,"Female","Technical","Single",1
1972,1999-12-31,"Female","Postgraduate","Widowed",0
1973,1991-12-31,"Female","Postgraduate","Single",0
1974,1992-12-31,"Female","Technical","Married",1
1975,1991-12-31,"Female","Postgraduate","Married",1
1976,1985-12-31,"Male","University","Married",0
1977,1971-12-31,"Female","University","Married",0
1978,1988-12-31,"Female","University","Married",2
1979,1967-12-31,"Female","Technical","Divorced",2
1980,1978-12-31,"Female","University","Widowed",2
1981,1983-12-31,"Male","Secondary","Divorced",1
1982,1977-12-31,"Male","Technical","Single",3
1983,1993-12-31,"Other","Secondary","Single",2
1984,1989-12-31,"Female","Secondary","Single",2
1985,1983-12-31,"Male","University","Single",1
1986,1982-12-31,"Male","Secondary","Single",0
1987,1989-12-31,"Female","Technical","Married",1
1988,1975-12-31,"Female","Technical","Divorced",0
1989,1968-12-31,"Male","University","Single",0
1990,1994-12-31,"Female","University","Married",0
1991,1985-12-31,"Male","University","Single",2
1992,1972-12-31,"Male","Secondary","Married",0
1993,1984-12-31,"Female","Secondary","Married",1
1994,1976-12-31,"Male","University","Single",0
1995,1974-12-31,"Female","University","Single",2
1996,1966-12-31,"Female","University","Married",0
1997,1993-12-31,"Female","University","Married",2
1998,1990-12-31,"Female","Secondary","Single",2
1999,1980-12-31,"Male","Secondary","Divorced",4
2000,1991-12-31,"Female","Secondary","Married",1
2001,1989-12-31,"Male","University","Married",0
2002,1969-12-31,"Female","Secondary","Married",2
2003,1989-12-31,"Male","Postgraduate","Married",4
2004,1969-12-31,"Female","Secondary","Single",1
2005,1965-12-31,"Male","Technical","Divorced",0
2006,1982-12-31,"Male","Secondary","Married",0
2007,1959-12-31,"Male","Technical","Married",1
2008,1997-12-31,"Male","University","Divorced",0
2009,1996-12-31,"Female","Technical","Married",2
2010,2000-12-31,"Male","University","Married",0
2011,1973-12-31,"Male","Other","Married",1
2012,1989-12-31,"Male","University","Married",1
2013,1982-12-31,"Male","University","Married",2
2014,1987-12-31,"Female","Secondary","Married",1
2015,1993-12-31,"Male","Secondary","Single",0
2016,1967-12-31,"Male","University","Single",0
2017,1983-12-31,"Female","Postgraduate","Single",1
2018,2007-12-31,"Female","Technical","Single",1
2019,1971-12-31,"Male","Secondary","Married",3
2020,1973-12-31,"Male","University","Married",3
2021,1979-12-31,"Female","Secondary","Divorced",2
2022,1968-12-31,"Female","Technical","Single",1
2023,1979-12-31,"Female","Secondary","Single",1
2024,1955-12-31,"Male","Secondary","Divorced",1
2025,1992-12-31,"Male","Secondary","Single",1
2026,1973-12-31,"Male","Secondary","Married",1
2027,1986-12-31,"Female","Postgraduate","Single",1
2028,1992-12-31,"Male","Secondary","Married",1
2029,1979-12-31,"Female","Technical","Married",1
2030,1996-12-31,"Female","Secondary","Single",1
2031,1982-12-31,"Male","Technical","Single",1
2032,1998-12-31,"Female","University","Married",2
2033,1980-12-31,"Female","University","Married",3
2034,1976-12-31,"Female","University","Married",0
2035,1972-12-31,"Female","Technical","Married",1
2036,1996-12-31,"Other","Secondary","Divorced",1
2037,1977-12-31,"Female","University","Widowed",2
2038,1988-12-31,"Female","University","Divorced",1
2039,1982-12-31,"Female","University","Married",2
2040,1971-12-31,"Male","Secondary","Single",1
2041,1978-12-31,"Female","University","Single",1
2042,2002-12-31,"Male","Technical","Single",2
2043,1983-12-31,"Female","University","Single",1
2044,1986-12-31,"Male","Postgraduate","Married",1
2045,1971-12-31,"Female","Secondary","Single",0
2046,1994-12-31,"Male","Secondary","Single",2
2047,1990-12-31,"Female","Technical","Single",1
2048,1973-12-31,"Male","Secondary","Married",1
2049,1999-12-31,"Female","Technical","Married",0
2050,1990-12-31,"Female","Technical","Single",1
2051,1969-12-31,"Male","University","Single",1
2052,2007-12-31,"Female","Secondary","Widowed",2
2053,1993-12-31,"Female","Technical","Single",3
2054,1968-12-31,"Female","Secondary","Single",3
2055,1974-12-31,"Female","Technical","Married",0
2056,1989-12-31,"Male","Technical","Married",1
2057,1998-12-31,"Female","Secondary","Married",1
2058,1976-12-31,"Female","Secondary","Single",1
2059,1977-12-31,"Male","University","Single",3
2060,1987-12-31,"Female","Secondary","Married",0
2061,1985-12-31,"Female","Secondary","Married",0
2062,1980-12-31,"Female","Secondary","Single",0
2063,1977-12-31,"Male","University","Married",4
2064,1974-12-31,"Female","Technical","Married",2
2065,1990-12-31,"Female","Technical","Married",0
2066,1973-12-31,"Female","Secondary","Divorced",0
2067,1986-12-31,"Male","University","Married",1
2068,1971-12-31,"Female","Technical","Single",1
2069,2007-12-31,"Female","University","Single",1
2070,1978-12-31,"Male","University","Married",1
2071,1985-12-31,"Female","Technical","Married",4
2072,1970-12-31,"Male","University","Married",0
2073,1972-12-31,"Male","Technical","Single",0
2074,1988-12-31,"Female","University","Married",0
2075,1994-12-31,"Female","Secondary","Widowed",0
2076,1994-12-31,"Other","University","Married",1
2077,2007-12-31,"Male","Secondary","Married",0
2078,1972-12-31,"Female","Technical","Married",0
2079,1972-12-31,"Female","Secondary","Widowed",0
2080,1993-12-31,"Female","Secondary","Married",0
2081,1975-12-31,"Male","Technical","Divorced",1
2082,1973-12-31,"Female","University","Single",3
2083,1965-12-31,"Female","Secondary","Divorced",4
2084,1988-12-31,"Female","Secondary","Single",1
2085,1978-12-31,"Male","Secondary","Single",2
2086,1990-12-31,"Male","Technical","Single",3
2087,1965-12-31,"Male","Secondary","Married",2
2088,1978-12-31,"Female","Technical","Divorced",1
2089,1979-12-31,"Male","Technical","Married",2
2090,1979-12-31,"Male","Secondary","Single",1
2091,2006-12-31,"Female","University","Single",2
2092,2000-12-31,"Female","Secondary","Married",1
2093,1990-12-31,"Female","Secondary","Married",1
2094,2003-12-31,"Male","University","Single",0
2095,1977-12-31,"Male","Secondary","Single",1
2096,1966-12-31,"Male","Other","Married",1
2097,1984-12-31,"Male","University","Single",0
2098,1984-12-31,"Male","Technical","Married",0
2099,1983-12-31,"Male","University","Single",1
2100,1963-12-31,"Female","University","Married",2
2101,1973-12-31,"Female","Other","Divorced",2
2102,1969-12-31,"Female","Secondary","Single",1
2103,1974-12-31,"Female","University","Divorced",1
2104,1988-12-31,"Male","University","Married",2
2105,1988-12-31,"Male","Secondary","Married",3
2106,1960-12-31,"Female","Postgraduate","Married",2
2107,1975-12-31,"Female","University","Married",1
2108,1980-12-31,"Male","Secondary","Married",0
2109,1988-12-31,"Male","Postgraduate","Single",2
2110,1976-12-31,"Male","Secondary","Divorced",4
2111,2002-12-31,"Female","University","Divorced",2
2112,1995-12-31,"Female","Technical","Single",1
2113,1984-12-31,"Female","Technical","Widowed",2
2114,1988-12-31,"Male","Secondary","Single",0
2115,1989-12-31,"Female","Secondary","Single",1
2116,1989-12-31,"Male","Secondary","Divorced",1
2117,1964-12-31,"Male","Secondary","Single",1
2118,1988-12-31,"Male","Secondary","Married",1
2119,1962-12-31,"Female","Secondary","Single",1
2120,1970-12-31,"Male","Secondary","Married",0
2121,1971-12-31,"Male","Secondary","Married",0
2122,1988-12-31,"Male","University","Single",1
2123,2007-12-31,"Female","University","Married",1
2124,1961-12-31,"Male","Secondary","Single",2
2125,1979-12-31,"Male","University","Single",2
2126,1966-12-31,"Female","Technical","Single",1
2127,1976-12-31,"Male","Secondary","Married",2
2128,1974-12-31,"Female","Postgraduate","Divorced",2
2129,1987-12-31,"Other","Postgraduate","Single",0
2130,1993-12-31,"Female","Technical","Divorced",3
2131,1986-12-31,"Male","University","Single",2
2132,1974-12-31,"Male","Other","Married",1
2133,1990-12-31,"Male","Technical","Divorced",1
2134,1988-12-31,"Female","Technical","Married",0
2135,1990-12-31,"Male","University","Married",2
2136,1965-12-31,"Female","University","Single",2
2137,1971-12-31,"Female","University","Married",2
2138,1982-12-31,"Female","University","Single",1
2139,1994-12-31,"Female","Technical","Married",0
2140,1989-12-31,"Female","University","Widowed",1
2141,1981-12-31,"Male","Secondary","Widowed",1
2142,1979-12-31,"Male","Secondary","Single",1
2143,1995-12-31,"Female","Technical","Married",0
2144,1996-12-31,"Female","University","Married",0
2145,1994-12-31,"Female","Secondary","Married",4
2146,1984-12-31,"Female","Other","Widowed",0
2147,1991-12-31,"Male","Technical","Married",1
2148,2007-12-31,"Male","University","Married",2
2149,1975-12-31,"Male","University","Divorced",0
2150,1982-12-31,"Female","University","Married",1
2151,1955-12-31,"Male","Technical","Single",2
2152,1994-12-31,"Female","Secondary","Married",1
2153,1980-12-31,"Female","Secondary","Married",3
2154,1975-12-31,"Female","University","Married",2
2155,1975-12-31,"Female","Technical","Single",3
2156,1969-12-31,"Male","Secondary","Widowed",2
2157,2002-12-31,"Other","Technical","Single",3
2158,1983-12-31,"Female","Technical","Single",1
2159,1991-12-31,"Female","Secondary","Married",0
2160,1979-12-31,"Male","University","Single",0
2161,1985-12-31,"Male","Secondary","Divorced",0
2162,1977-12-31,"Male","University","Single",1
2163,1998-12-31,"Other","University","Married",1
2164,1966-12-31,"Female","University","Married",2
2165,1971-12-31,"Male","Postgraduate","Married",0
2166,1979-12-31,"Female","Secondary","Married",0
2167,1993-12-31,"Male","University","Married",2
2168,1970-12-31,"Male","Secondary","Single",1
2169,2005-12-31,"Male","University","Single",1
2170,1976-12-31,"Female","Secondary","Married",0
2171,1989-12-31,"Male","Technical","Single",1
2172,1990-12-31,"Female","Postgraduate","Married",2
2173,1971-12-31,"Female","University","Married",1
2174,1993-12-31,"Male","University","Single",3
2175,1980-12-31,"Male","Postgraduate","Widowed",0
2176,1996-12-31,"Male","Technical","Single",1
2177,1986-12-31,"Female","Secondary","Married",1
2178,1994-12-31,"Female","Technical","Single",0
2179,1975-12-31,"Female","Secondary","Single",3
2180,1979-12-31,"Female","University","Married",0
2181,1970-12-31,"Female","Secondary","Married",0
2182,1983-12-31,"Male","Secondary","Single",1
2183,1967-12-31,"Female","Secondary","Widowed",0
2184,1982-12-31,"Female","Secondary","Married",0
2185,2006-12-31,"Male","Technical","Single",1
2186,1999-12-31,"Female","Technical","Single",2
2187,1985-12-31,"Male","University","Single",1
2188,1973-12-31,"Male","Technical","Single",3
2189,1965-12-31,"Female","Secondary","Single",2
2190,1975-12-31,"Male","University","Single",0
2191,1976-12-31,"Other","Technical","Single",2
2192,1965-12-31,"Female","University","Married",1
2193,2003-12-31,"Male","University","Single",3
2194,1972-12-31,"Male","Secondary","Single",4
2195,1996-12-31,"Male","University","Widowed",0
2196,1967-12-31,"Female","Other","Single",5
2197,1994-12-31,"Male","University","Married",1
2198,1981-12-31,"Male","Technical","Married",2
2199,1996-12-31,"Male","Secondary","Married",2
2200,1976-12-31,"Female","Secondary","Single",3
2201,1986-12-31,"Female","Technical","Single",1
2202,1985-12-31,"Female","Secondary","Widowed",1
2203,1982-12-31,"Male","Secondary","Married",2
2204,1985-12-31,"Female","Technical","Single",1
2205,1974-12-31,"Male","Secondary","Married",2
2206,1981-12-31,"Female","University","Married",0
2207,1972-12-31,"Female","Secondary","Single",1
2208,1975-12-31,"Male","University","Single",2
2209,1967-12-31,"Female","Secondary","Married",1
2210,1990-12-31,"Female","University","Single",1
2211,1968-12-31,"Other","Secondary","Single",0
2212,1995-12-31,"Female","University","Divorced",1
2213,1992-12-31,"Female","Secondary","Single",1
2214,1990-12-31,"Female","Technical","Single",0
2215,1992-12-31,"Female","Postgraduate","Single",1
2216,1972-12-31,"Female","Technical","Divorced",3
2217,1996-12-31,"Male","University","Single",1
2218,1975-12-31,"Male","Secondary","Married",0
2219,1988-12-31,"Male","University","Divorced",3
2220,1979-12-31,"Male","Technical","Married",2
2221,1982-12-31,"Male","Secondary","Married",1
2222,1973-12-31,"Female","Technical","Single",0
2223,1979-12-31,"Female","Secondary","Single",0
2224,1985-12-31,"Female","Technical","Single",1
2225,1982-12-31,"Female","Secondary","Divorced",1
2226,1990-12-31,"Male","University","Married",1
2227,1994-12-31,"Female","Secondary","Single",0
2228,1972-12-31,"Female","University","Single",5
2229,1991-12-31,"Female","University","Married",0
2230,1986-12-31,"Male","University","Married",1
2231,1996-12-31,"Female","Secondary","Single",2
2232,1994-12-31,"Female","Technical","Divorced",0
2233,2007-12-31,"Female","Secondary","Single",2
2234,1967-12-31,"Other","Technical","Widowed",0
2235,1963-12-31,"Male","Technical","Married",1
2236,1977-12-31,"Male","Secondary","Married",1
2237,1999-12-31,"Female","Postgraduate","Single",1
2238,1992-12-31,"Female","Technical","Divorced",0
2239,1963-12-31,"Male","University","Single",2
2240,2007-12-31,"Male","Secondary","Single",0
2241,1978-12-31,"Male","Secondary","Divorced",1
2242,2002-12-31,"Male","Technical","Divorced",0
2243,1988-12-31,"Female","Technical","Married",1
2244,1977-12-31,"Female","Secondary","Married",2
2245,1986-12-31,"Female","Technical","Married",2
2246,1954-12-31,"Female","Secondary","Married",0
2247,1991-12-31,"Female","Other","Single",0
2248,1973-12-31,"Male","Technical","Married",2
2249,1980-12-31,"Female","Secondary","Single",2
2250,1990-12-31,"Female","Secondary","Married",2
2251,1999-12-31,"Male","University","Single",3
2252,2003-12-31,"Female","University","Married",1
2253,2005-12-31,"Male","Technical","Single",1
2254,2007-12-31,"Female","University","Single",0
2255,1988-12-31,"Other","University","Married",0
2256,1990-12-31,"Male","Secondary","Single",1
2257,1993-12-31,"Male","University","Single",2
2258,1980-12-31,"Female","Secondary","Married",2
2259,1953-12-31,"Female","Secondary","Divorced",2
2260,1977-12-31,"Male","Other","Single",1
2261,1985-12-31,"Male","University","Married",1
2262,2004-12-31,"Male","University","Married",3
2263,1980-12-31,"Female","Secondary","Single",3
2264,1990-12-31,"Female","Technical","Married",1
2265,1971-12-31,"Female","Secondary","Married",1
2266,1979-12-31,"Male","Technical","Married",3
2267,1983-12-31,"Male","Secondary","Married",1
2268,1982-12-31,"Male","Technical","Widowed",1
2269,1990-12-31,"Male","Technical","Married",2
2270,1987-12-31,"Male","Technical","Divorced",1
2271,1986-12-31,"Male","Postgraduate","Single",0
2272,1976-12-31,"Male","Secondary","Single",2
2273,1981-12-31,"Male","University","Single",1
2274,1994-12-31,"Male","Secondary","Divorced",1
2275,2007-12-31,"Male","University","Married",1
2276,1976-12-31,"Male","Secondary","Single",0
2277,1972-12-31,"Male","Secondary","Married",0
2278,1976-12-31,"Male","Secondary","Married",1
2279,1982-12-31,"Female","Technical","Married",0
2280,1982-12-31,"Male","University","Single",0
2281,1980-12-31,"Male","University","Married",0
2282,1987-12-31,"Male","Secondary","Married",1
2283,1975-12-31,"Male","Postgraduate","Divorced",0
2284,2007-12-31,"Male","Secondary","Married",1
2285,1981-12-31,"Male","Secondary","Married",1
2286,1967-12-31,"Male","Secondary","Married",0
2287,1988-12-31,"Female","Postgraduate","Married",2
2288,1981-12-31,"Female","University","Married",3
2289,1995-12-31,"Male","Secondary","Married",1
2290,1982-12-31,"Male","Technical","Married",0
2291,1991-12-31,"Male","University","Single",2
2292,1965-12-31,"Male","Secondary","Married",0
2293,1987-12-31,"Male","Technical","Married",2
2294,1976-12-31,"Male","Technical","Married",2
2295,1979-12-31,"Female","Technical","Divorced",0
2296,2007-12-31,"Female","Postgraduate","Divorced",3
2297,1978-12-31,"Male","Secondary","Married",1
2298,1963-12-31,"Female","Secondary","Married",1
2299,1976-12-31,"Female","Secondary","Married",2
2300,1980-12-31,"Female","Secondary","Married",2
2301,1981-12-31,"Female","Secondary","Single",0
2302,1981-12-31,"Other","Technical","Divorced",0
2303,1982-12-31,"Male","Secondary","Married",1
2304,1980-12-31,"Male","Secondary","Single",1
2305,1963-12-31,"Female","University","Married",1
2306,1993-12-31,"Male","Technical","Single",0
2307,1983-12-31,"Male","Secondary","Married",2
2308,1982-12-31,"Male","Technical","Married",0
2309,1990-12-31,"Male","University","Single",1
2310,2001-12-31,"Female","University","Married",2
2311,1985-12-31,"Female","Postgraduate","Married",1
2312,1985-12-31,"Female","University","Married",1
2313,1971-12-31,"Female","University","Married",0
2314,1993-12-31,"Female","University","Divorced",0
2315,1985-12-31,"Female","University","Single",2
2316,1985-12-31,"Male","Secondary","Married",3
2317,1976-12-31,"Female","Secondary","Single",0
2318,1991-12-31,"Male","University","Married",0
2319,1988-12-31,"Female","Secondary","Single",2
2320,1972-12-31,"Male","University","Married",0
2321,2001-12-31,"Male","Secondary","Married",2
2322,1980-12-31,"Female","Secondary","Married",0
2323,1985-12-31,"Female","Secondary","Single",0
2324,1976-12-31,"Female","Other","Single",3
2325,2007-12-31,"Female","University","Single",2
2326,1973-12-31,"Female","Technical","Single",1
2327,1977-12-31,"Female","University","Divorced",0
2328,1979-12-31,"Male","Technical","Single",0
2329,1975-12-31,"Male","Technical","Single",1
2330,1985-12-31,"Male","Secondary","Divorced",3
2331,1991-12-31,"Female","Secondary","Single",1
2332,1980-12-31,"Male","Technical","Single",3
2333,1974-12-31,"Male","University","Single",1
2334,1978-12-31,"Female","Secondary","Married",0
2335,1983-12-31,"Female","University","Married",1
2336,1993-12-31,"Female","University","Married",1
2337,1975-12-31,"Male","Secondary","Single",1
2338,1973-12-31,"Female","Secondary","Widowed",4
2339,1989-12-31,"Female","Secondary","Married",2
2340,1987-12-31,"Female","Technical","Married",0
2341,1991-12-31,"Male","Postgraduate","Single",0
2342,1975-12-31,"Male","University","Single",1
2343,1982-12-31,"Male","Postgraduate","Married",2
2344,1988-12-31,"Male","Other","Married",0
2345,1973-12-31,"Female","University","Single",2
2346,1980-12-31,"Male","University","Married",0
2347,1960-12-31,"Male","Postgraduate","Single",3
2348,1976-12-31,"Male","Technical","Widowed",0
2349,1975-12-31,"Female","University","Single",3
2350,1988-12-31,"Male","Technical","Single",2
2351,1982-12-31,"Male","Technical","Widowed",1
2352,1971-12-31,"Male","University","Married",1
2353,1979-12-31,"Female","University","Single",0
2354,1986-12-31,"Male","Secondary","Married",1
2355,1989-12-31,"Male","Secondary","Married",1
2356,1997-12-31,"Female","Secondary","Widowed",1
2357,1951-12-31,"Female","University","Single",2
2358,1979-12-31,"Male","Secondary","Married",3
2359,1996-12-31,"Male","Technical","Single",1
2360,1981-12-31,"Male","Secondary","Single",2
2361,1988-12-31,"Male","Other","Divorced",1
2362,1985-12-31,"Male","University","Single",2
2363,1983-12-31,"Female","University","Married",2
2364,1987-12-31,"Male","Secondary","Married",2
2365,1979-12-31,"Female","Technical","Single",0
2366,1982-12-31,"Female","University","Single",1
2367,1985-12-31,"Female","University","Married",1
2368,1963-12-31,"Female","Postgraduate","Divorced",2
2369,1983-12-31,"Male","Secondary","Married",1
2370,1976-12-31,"Female","Other","Married",1
2371,1980-12-31,"Female","University","Married",1
2372,1977-12-31,"Female","Technical","Married",2
2373,1973-12-31,"Female","University","Single",0
2374,1973-12-31,"Female","Technical","Single",1
2375,1998-12-31,"Male","Secondary","Married",0
2376,1981-12-31,"Male","University","Single",0
2377,2006-12-31,"Female","Postgraduate","Married",1
2378,1975-12-31,"Female","University","Married",2
2379,1978-12-31,"Male","University","Married",1
2380,1968-12-31,"Female","Technical","Married",1
2381,2001-12-31,"Female","Secondary","Married",4
2382,1994-12-31,"Female","University","Married",2
2383,1971-12-31,"Male","Technical","Single",1
2384,1990-12-31,"Female","Secondary","Married",3
2385,1988-12-31,"Female","University","Single",1
2386,1976-12-31,"Male","Technical","Married",1
2387,1988-12-31,"Female","Technical","Single",0
2388,1975-12-31,"Female","Secondary","Divorced",1
2389,1997-12-31,"Male","University","Married",1
2390,1993-12-31,"Male","Technical","Single",2
2391,1967-12-31,"Male","Secondary","Married",1
2392,1992-12-31,"Female","Secondary","Single",1
2393,1987-12-31,"Male","Technical","Married",0
2394,1992-12-31,"Female","Technical","Divorced",2
2395,1982-12-31,"Male","Technical","Widowed",1
2396,1983-12-31,"Female","Secondary","Married",2
2397,1976-12-31,"Female","Other","Married",0
2398,1974-12-31,"Male","Secondary","Divorced",2
2399,1971-12-31,"Female","Secondary","Married",0
2400,1992-12-31,"Male","Secondary","Married",1
2401,1984-12-31,"Other","University","Married",3
2402,1999-12-31,"Female","Secondary","Widowed",2
2403,1974-12-31,"Other","Technical","Single",0
2404,1980-12-31,"Male","University","Widowed",3
2405,1985-12-31,"Female","University","Single",1
2406,1981-12-31,"Male","Postgraduate","Single",3
2407,1980-12-31,"Male","Secondary","Single",3
2408,1980-12-31,"Male","Secondary","Divorced",2
2409,1993-12-31,"Male","Secondary","Married",0
2410,1987-12-31,"Female","University","Single",2
2411,1963-12-31,"Female","University","Married",1
2412,1972-12-31,"Female","University","Married",0
2413,1981-12-31,"Female","University","Single",1
2414,1970-12-31,"Male","Technical","Married",1
2415,1993-12-31,"Female","Other","Single",1
2416,1984-12-31,"Male","Secondary","Married",2
2417,1974-12-31,"Female","Secondary","Single",2
2418,1995-12-31,"Female","Technical","Single",1
2419,1964-12-31,"Other","Technical","Single",0
2420,1988-12-31,"Male","Secondary","Single",1
2421,1975-12-31,"Female","University","Married",1
2422,1975-12-31,"Male","Postgraduate","Single",4
2423,1957-12-31,"Female","Secondary","Married",0
2424,2002-12-31,"Male","Secondary","Married",1
2425,1973-12-31,"Female","Secondary","Single",2
2426,1985-12-31,"Female","University","Divorced",2
2427,1984-12-31,"Female","Technical","Married",3
2428,1979-12-31,"Male","Secondary","Single",0
2429,1975-12-31,"Female","Secondary","Married",0
2430,1984-12-31,"Female","Technical","Widowed",3
2431,1975-12-31,"Female","University","Single",2
2432,1954-12-31,"Female","Other","Single",0
2433,2000-12-31,"Female","Technical","Married",0
2434,2005-12-31,"Female","Technical","Single",1
2435,1985-12-31,"Male","University","Divorced",1
2436,1966-12-31,"Male","Technical","Married",0
2437,1988-12-31,"Male","University","Single",3
2438,1996-12-31,"Female","University","Married",3
2439,1976-12-31,"Male","University","Married",0
2440,1977-12-31,"Female","Technical","Married",4
2441,1962-12-31,"Male","University","Married",2
2442,1997-12-31,"Female","Secondary","Married",1
2443,1980-12-31,"Female","Secondary","Single",1
2444,1971-12-31,"Male","University","Single",1
2445,2000-12-31,"Female","Secondary","Married",4
2446,1961-12-31,"Female","Technical","Married",3
2447,1995-12-31,"Female","Secondary","Single",1
2448,1975-12-31,"Female","Other","Married",1
2449,1978-12-31,"Female","Other","Married",1
2450,1968-12-31,"Female","Technical","Married",0
2451,1985-12-31,"Male","Technical","Single",1
2452,1984-12-31,"Female","Secondary","Single",2
2453,1961-12-31,"Female","Postgraduate","Single",1
2454,1978-12-31,"Female","Secondary","Single",1
2455,1972-12-31,"Female","Technical","Single",2
2456,1979-12-31,"Female","Secondary","Widowed",0
2457,1975-12-31,"Male","Technical","Single",3
2458,1977-12-31,"Female","Secondary","Married",1
2459,1992-12-31,"Female","Secondary","Single",1
2460,1997-12-31,"Male","Secondary","Single",1
2461,1974-12-31,"Male","University","Single",3
2462,1987-12-31,"Male","Technical","Widowed",2
2463,1983-12-31,"Male","Technical","Widowed",0
2464,1987-12-31,"Male","Postgraduate","Married",0
2465,1999-12-31,"Female","University","Single",2
2466,1975-12-31,"Male","Postgraduate","Widowed",1
2467,1996-12-31,"Female","Technical","Divorced",0
2468,1985-12-31,"Female","Postgraduate","Married",0
2469,1988-12-31,"Male","Postgraduate","Married",0
2470,1992-12-31,"Male","Secondary","Divorced",1
2471,1962-12-31,"Male","University","Married",0
2472,1972-12-31,"Female","Secondary","Married",0
2473,1984-12-31,"Female","Technical","Single",2
2474,1987-12-31,"Male","Secondary","Married",1
2475,1978-12-31,"Male","Technical","Married",1
2476,1987-12-31,"Female","Technical","Married",3
2477,1967-12-31,"Male","Postgraduate","Single",0
2478,1971-12-31,"Female","University","Married",1
2479,1970-12-31,"Male","Postgraduate","Married",0
2480,1986-12-31,"Male","Secondary","Single",2
2481,1985-12-31,"Male","University","Married",1
2482,1991-12-31,"Female","Secondary","Married",1
2483,2007-12-31,"Female","University","Single",2
2484,1987-12-31,"Male","Technical","Widowed",1
2485,1972-12-31,"Other","Technical","Married",3
2486,1983-12-31,"Male","Technical","Single",1
2487,1984-12-31,"Female","Technical","Married",4
2488,1986-12-31,"Male","Secondary","Single",1
2489,1990-12-31,"Male","Technical","Married",0
2490,1986-12-31,"Male","Secondary","Single",2
2491,1979-12-31,"Male","Secondary","Married",0
2492,1990-12-31,"Male","Secondary","Single",1
2493,1972-12-31,"Male","University","Single",1
2494,1987-12-31,"Other","Technical","Married",1
2495,1987-12-31,"Female","Secondary","Married",1
2496,1981-12-31,"Male","Secondary","Married",1
2497,1986-12-31,"Male","Technical","Married",1
2498,1971-12-31,"Male","University","Single",1
2499,1993-12-31,"Male","Secondary","Single",0
2500,1977-12-31,"Female","Technical","Single",0
2501,1993-12-31,"Male","University","Single",0
2502,1975-12-31,"Female","Secondary","Married",0
2503,1979-12-31,"Female","Secondary","Single",2
2504,1999-12-31,"Female","Other","Married",0
2505,1992-12-31,"Female","University","Divorced",2
2506,1976-12-31,"Female","Technical","Divorced",1
2507,1982-12-31,"Female","Secondary","Single",3
2508,1987-12-31,"Female","Secondary","Married",0
2509,1989-12-31,"Male","Other","Married",0
2510,1973-12-31,"Female","Technical","Married",1
2511,1996-12-31,"Female","University","Married",2
2512,1991-12-31,"Other","Technical","Married",1
2513,1982-12-31,"Male","Secondary","Married",0
2514,1997-12-31,"Female","Secondary","Married",1
2515,1986-12-31,"Male","University","Single",2
2516,1986-12-31,"Male","University","Single",0
2517,2001-12-31,"Female","Technical","Single",1
2518,1996-12-31,"Male","Technical","Married",0
2519,1985-12-31,"Female","University","Married",1
2520,1963-12-31,"Female","Secondary","Married",2
2521,1978-12-31,"Male","University","Married",0
2522,1978-12-31,"Female","University","Single",2
2523,1991-12-31,"Female","Secondary","Widowed",1
2524,1972-12-31,"Female","University","Married",0
2525,1977-12-31,"Female","Other","Single",2
2526,1967-12-31,"Female","University","Married",1
2527,1969-12-31,"Male","Secondary","Married",0
2528,1971-12-31,"Female","Secondary","Divorced",1
2529,1991-12-31,"Male","University","Divorced",2
2530,1979-12-31,"Female","Secondary","Divorced",0
2531,1976-12-31,"Female","University","Single",0
2532,1977-12-31,"Female","Technical","Married",1
2533,1998-12-31,"Male","Secondary","Widowed",0
2534,1986-12-31,"Male","Secondary","Married",2
2535,1966-12-31,"Female","Technical","Married",0
2536,1984-12-31,"Female","University","Divorced",1
2537,1973-12-31,"Female","University","Single",1
2538,1982-12-31,"Female","University","Single",2
2539,1994-12-31,"Male","Technical","Married",2
2540,1970-12-31,"Male","Secondary","Married",0
2541,1973-12-31,"Female","University","Widowed",2
2542,1981-12-31,"Female","Technical","Single",3
2543,1979-12-31,"Male","Secondary","Single",1
2544,1965-12-31,"Male","Technical","Married",0
2545,1981-12-31,"Male","Secondary","Married",3
2546,1976-12-31,"Male","University","Single",1
2547,1964-12-31,"Female","Technical","Married",1
2548,1980-12-31,"Male","University","Single",2
2549,1968-12-31,"Female","Secondary","Married",3
2550,1988-12-31,"Male","Secondary","Single",2
2551,1989-12-31,"Male","University","Single",3
2552,1967-12-31,"Female","University","Married",1
2553,2007-12-31,"Male","Secondary","Married",3
2554,1978-12-31,"Female","University","Divorced",1
2555,1968-12-31,"Male","Secondary","Married",0
2556,1983-12-31,"Female","Technical","Single",2
2557,1987-12-31,"Female","Technical","Married",4
2558,1982-12-31,"Male","University","Married",3
2559,1983-12-31,"Male","Secondary","Married",3
2560,1988-12-31,"Female","University","Single",2
2561,1950-12-31,"Female","Technical","Single",1
2562,1968-12-31,"Female","Postgraduate","Married",0
2563,1983-12-31,"Other","Technical","Divorced",2
2564,1958-12-31,"Female","Secondary","Widowed",2
2565,1969-12-31,"Male","University","Married",2
2566,1993-12-31,"Male","Technical","Single",1
2567,1998-12-31,"Female","Secondary","Married",0
2568,1985-12-31,"Male","Technical","Single",3
2569,2003-12-31,"Male","University","Married",1
2570,1956-12-31,"Male","Secondary","Married",0
2571,1982-12-31,"Female","Secondary","Single",2
2572,1975-12-31,"Male","Secondary","Married",2
2573,1997-12-31,"Male","Secondary","Single",1
2574,1978-12-31,"Female","University","Married",3
2575,1967-12-31,"Female","University","Married",1
2576,1996-12-31,"Female","University","Divorced",1
2577,1995-12-31,"Male","Technical","Divorced",1
2578,1979-12-31,"Male","Secondary","Married",1
2579,1972-12-31,"Male","Secondary","Married",3
2580,1987-12-31,"Female","Technical","Married",1
2581,1989-12-31,"Male","Postgraduate","Married",1
2582,1965-12-31,"Male","Secondary","Married",1
2583,1988-12-31,"Male","Secondary","Single",3
2584,2003-12-31,"Female","Technical","Single",0
2585,1977-12-31,"Male","Postgraduate","Married",1
2586,1965-12-31,"Female","Secondary","Married",1
2587,1977-12-31,"Female","Technical","Single",0
2588,1976-12-31,"Male","Secondary","Married",1
2589,1966-12-31,"Male","University","Single",1
2590,1977-12-31,"Female","University","Single",1
2591,1974-12-31,"Female","Secondary","Married",1
2592,1957-12-31,"Male","Technical","Married",1
2593,1977-12-31,"Female","Secondary","Single",1
2594,1993-12-31,"Male","University","Married",3
2595,1978-12-31,"Male","Technical","Single",2
2596,1996-12-31,"Female","University","Married",0
2597,1989-12-31,"Female","Secondary","Single",1
2598,1974-12-31,"Male","Other","Single",0
2599,1982-12-31,"Male","Secondary","Married",1
2600,1967-12-31,"Female","Secondary","Single",0
2601,1973-12-31,"Male","University","Widowed",0
2602,1982-12-31,"Female","Postgraduate","Single",1
2603,1984-12-31,"Male","University","Divorced",0
2604,1983-12-31,"Female","Technical","Single",1
2605,1986-12-31,"Female","Secondary","Single",2
2606,1982-12-31,"Female","Technical","Single",1
2607,1967-12-31,"Female","Technical","Single",0
2608,1985-12-31,"Female","Secondary","Divorced",1
2609,1961-12-31,"Female","University","Married",0
2610,1986-12-31,"Female","Technical","Divorced",2
2611,1987-12-31,"Male","University","Single",0
2612,1965-12-31,"Female","Secondary","Single",2
2613,1999-12-31,"Male","University","Single",2
2614,2002-12-31,"Male","University","Single",0
2615,1969-12-31,"Male","University","Single",2
2616,1994-12-31,"Female","Secondary","Married",0
2617,1988-12-31,"Female","Technical","Single",1
2618,1980-12-31,"Male","University","Widowed",1
2619,2003-12-31,"Female","Secondary","Married",1
2620,1983-12-31,"Male","University","Single",1
2621,1992-12-31,"Male","Secondary","Married",1
2622,1964-12-31,"Male","Technical","Single",3
2623,1973-12-31,"Female","University","Married",0
2624,1995-12-31,"Female","Secondary","Divorced",0
2625,1978-12-31,"Male","Secondary","Single",1
2626,1975-12-31,"Female","Secondary","Married",2
2627,1996-12-31,"Male","University","Single",0
2628,1972-12-31,"Male","Technical","Married",1
2629,2001-12-31,"Male","Postgraduate","Married",0
2630,1990-12-31,"Male","Postgraduate","Married",0
2631,1964-12-31,"Other","Technical","Married",2
2632,1983-12-31,"Female","Secondary","Married",2
2633,1975-12-31,"Male","Secondary","Married",0
2634,1966-12-31,"Male","Technical","Married",2
2635,1990-12-31,"Male","Technical","Married",1
2636,1975-12-31,"Female","University","Single",1
2637,1993-12-31,"Male","Secondary","Single",1
2638,1986-12-31,"Male","Technical","Single",4
2639,2001-12-31,"Female","University","Married",0
2640,1981-12-31,"Male","Technical","Divorced",1
2641,1987-12-31,"Female","University","Single",0
2642,1987-12-31,"Male","Postgraduate","Divorced",3
2643,1989-12-31,"Female","Technical","Divorced",0
2644,1991-12-31,"Female","Secondary","Married",2
2645,1995-12-31,"Male","Technical","Divorced",1
2646,1984-12-31,"Male","University","Divorced",1
2647,1970-12-31,"Female","University","Single",1
2648,1997-12-31,"Female","University","Married",1
2649,1976-12-31,"Female","Secondary","Single",2
2650,1992-12-31,"Male","Secondary","Married",2
2651,1988-12-31,"Male","Secondary","Married",1
2652,1971-12-31,"Female","Technical","Divorced",1
2653,1975-12-31,"Female","Secondary","Married",1
2654,1986-12-31,"Female","Postgraduate","Single",0
2655,1994-12-31,"Male","University","Married",1
2656,1994-12-31,"Female","University","Divorced",2
2657,1963-12-31,"Male","University","Single",0
2658,1991-12-31,"Male","Technical","Single",1
2659,1975-12-31,"Female","Postgraduate","Married",2
2660,1962-12-31,"Female","Technical","Single",1
2661,1999-12-31,"Female","Technical","Married",2
2662,1963-12-31,"Female","University","Single",1
2663,1980-12-31,"Female","University","Single",0
2664,1983-12-31,"Female","Technical","Single",0
2665,2007-12-31,"Male","Secondary","Married",3
2666,1981-12-31,"Male","University","Divorced",1
2667,1987-12-31,"Male","Technical","Married",2
2668,1989-12-31,"Female","Technical","Married",1
2669,1983-12-31,"Male","Secondary","Single",1
2670,1984-12-31,"Male","Postgraduate","Married",0
2671,1977-12-31,"Male","Technical","Married",0
2672,1976-12-31,"Male","Technical","Married",0
2673,1996-12-31,"Male","University","Married",0
2674,1988-12-31,"Male","Secondary","Divorced",3
2675,2000-12-31,"Male","Secondary","Single",1
2676,1981-12-31,"Female","University","Single",0
2677,1966-12-31,"Male","Secondary","Divorced",0
2678,1976-12-31,"Other","Secondary","Divorced",1
2679,1979-12-31,"Female","Secondary","Married",0
2680,1989-12-31,"Male","Other","Married",3
2681,1967-12-31,"Female","Secondary","Married",1
2682,1982-12-31,"Male","Technical","Married",0
2683,1975-12-31,"Female","Secondary","Divorced",3
2684,1982-12-31,"Male","University","Married",0
2685,1964-12-31,"Male","University","Divorced",2
2686,2002-12-31,"Female","Secondary","Single",0
2687,1987-12-31,"Male","Secondary","Married",0
2688,1978-12-31,"Female","Technical","Married",0
2689,1985-12-31,"Female","University","Married",1
2690,1989-12-31,"Female","Technical","Widowed",0
2691,1996-12-31,"Male","University","Single",1
2692,1993-12-31,"Male","Technical","Married",1
2693,1978-12-31,"Female","University","Single",0
2694,1967-12-31,"Male","Secondary","Single",0
2695,1980-12-31,"Male","University","Married",1
2696,1967-12-31,"Male","Technical","Married",1
2697,1995-12-31,"Female","University","Married",0
2698,1984-12-31,"Male","University","Married",1
2699,1965-12-31,"Female","University","Married",1
2700,1992-12-31,"Female","Technical","Single",3
2701,1969-12-31,"Male","University","Single",1
2702,1983-12-31,"Male","Technical","Single",3
2703,1981-12-31,"Female","Postgraduate","Single",2
2704,1970-12-31,"Female","Postgraduate","Married",2
2705,1994-12-31,"Male","University","Single",1
2706,1956-12-31,"Female","University","Single",0
2707,1999-12-31,"Male","University","Married",1
2708,1977-12-31,"Female","University","Divorced",0
2709,1969-12-31,"Male","Secondary","Married",1
2710,1989-12-31,"Male","Secondary","Married",1
2711,1984-12-31,"Female","Technical","Single",0
2712,1975-12-31,"Male","Secondary","Married",1
2713,1980-12-31,"Male","Technical","Married",1
2714,1992-12-31,"Male","Secondary","Married",0
2715,1971-12-31,"Male","Secondary","Married",1
2716,1964-12-31,"Female","Postgraduate","Married",0
2717,1990-12-31,"Female","Secondary","Single",1
2718,1982-12-31,"Female","Secondary","Single",1
2719,1970-12-31,"Male","Technical","Married",3
2720,1975-12-31,"Male","University","Married",2
2721,1990-12-31,"Male","University","Married",0
2722,1987-12-31,"Male","Secondary","Married",0
2723,1999-12-31,"Male","Secondary","Single",2
2724,1961-12-31,"Male","Secondary","Single",0
2725,1974-12-31,"Female","University","Single",1
2726,1997-12-31,"Female","University","Divorced",0
2727,1981-12-31,"Male","Technical","Single",4
2728,1968-12-31,"Male","Technical","Single",0
2729,1988-12-31,"Female","Secondary","Married",1
2730,1989-12-31,"Male","Technical","Single",4
2731,1996-12-31,"Female","Secondary","Married",1
2732,1996-12-31,"Female","Secondary","Married",1
2733,1989-12-31,"Female","Technical","Single",5
2734,1970-12-31,"Male","Secondary","Married",0
2735,1992-12-31,"Male","University","Single",2
2736,1964-12-31,"Male","Secondary","Married",3
2737,1976-12-31,"Male","University","Married",5
2738,1987-12-31,"Male","University","Single",1
2739,1993-12-31,"Male","University","Single",0
2740,1993-12-31,"Male","Technical","Divorced",2
2741,1994-12-31,"Female","Secondary","Divorced",3
2742,1974-12-31,"Female","Technical","Widowed",1
2743,1976-12-31,"Female","Secondary","Married",1
2744,1977-12-31,"Female","Technical","Single",3
2745,1986-12-31,"Female","Secondary","Married",1
2746,1995-12-31,"Male","Postgraduate","Married",1
2747,2003-12-31,"Female","University","Single",2
2748,1985-12-31,"Other","Secondary","Single",1
2749,1963-12-31,"Male","Secondary","Single",1
2750,1979-12-31,"Female","Secondary","Married",1
2751,1973-12-31,"Male","Postgraduate","Married",0
2752,1982-12-31,"Male","Secondary","Married",0
2753,1979-12-31,"Female","University","Single",0
2754,1994-12-31,"Female","Secondary","Single",3
2755,1967-12-31,"Male","Technical","Married",0
2756,1984-12-31,"Female","Secondary","Married",2
2757,1994-12-31,"Female","Secondary","Single",1
2758,1980-12-31,"Male","Other","Single",2
2759,1983-12-31,"Female","Postgraduate","Single",1
2760,1991-12-31,"Female","Technical","Married",0
2761,1991-12-31,"Female","Secondary","Married",1
2762,1987-12-31,"Male","Postgraduate","Married",2
2763,2006-12-31,"Male","University","Married",2
2764,1977-12-31,"Female","Secondary","Married",2
2765,1982-12-31,"Female","University","Divorced",1
2766,1962-12-31,"Male","Secondary","Single",0
2767,1997-12-31,"Female","University","Married",1
2768,1982-12-31,"Female","Secondary","Single",1
2769,1962-12-31,"Female","Postgraduate","Single",2
2770,2002-12-31,"Female","Other","Single",0
2771,1987-12-31,"Female","University","Single",4
2772,1983-12-31,"Female","Secondary","Married",0
2773,1980-12-31,"Male","Secondary","Married",3
2774,1976-12-31,"Female","Secondary","Divorced",3
2775,1973-12-31,"Female","Technical","Married",2
2776,1974-12-31,"Female","Secondary","Married",0
2777,2002-12-31,"Female","Other","Single",0
2778,1971-12-31,"Female","Postgraduate","Married",2
2779,1967-12-31,"Female","University","Divorced",0
2780,1976-12-31,"Male","University","Single",1
2781,1986-12-31,"Female","Technical","Single",1
2782,1973-12-31,"Female","University","Married",3
2783,1988-12-31,"Male","Technical","Married",2
2784,1984-12-31,"Female","University","Divorced",3
2785,1975-12-31,"Female","Secondary","Married",1
2786,1990-12-31,"Male","Technical","Divorced",2
2787,1979-12-31,"Female","Secondary","Single",2
2788,1977-12-31,"Male","Technical","Widowed",1
2789,1996-12-31,"Female","Secondary","Married",0
2790,1965-12-31,"Male","University","Single",4
2791,1988-12-31,"Female","University","Married",1
2792,1989-12-31,"Female","Postgraduate","Widowed",0
2793,1979-12-31,"Female","University","Divorced",1
2794,1982-12-31,"Male","Technical","Single",1
2795,1978-12-31,"Male","Technical","Single",1
2796,1977-12-31,"Female","Technical","Married",0
2797,1970-12-31,"Female","University","Divorced",1
2798,1987-12-31,"Female","Secondary","Single",0
2799,1963-12-31,"Female","Postgraduate","Married",1
2800,2001-12-31,"Male","University","Married",1
2801,1971-12-31,"Male","Technical","Married",0
2802,1971-12-31,"Female","Technical","Married",2
2803,1983-12-31,"Female","University","Divorced",2
2804,1968-12-31,"Male","Technical","Married",1
2805,1988-12-31,"Female","Secondary","Widowed",1
2806,1994-12-31,"Male","Technical","Married",2
2807,1967-12-31,"Female","University","Married",0
2808,1983-12-31,"Male","University","Single",2
2809,1982-12-31,"Female","University","Single",1
2810,1961-12-31,"Male","Postgraduate","Single",3
2811,1992-12-31,"Female","Secondary","Single",2
2812,1979-12-31,"Male","Technical","Married",3
2813,1990-12-31,"Male","Secondary","Married",1
2814,1976-12-31,"Male","Secondary","Single",0
2815,1992-12-31,"Female","University","Single",2
2816,1985-12-31,"Male","University","Divorced",2
2817,1971-12-31,"Female","Postgraduate","Married",2
2818,1979-12-31,"Female","Technical","Divorced",2
2819,1969-12-31,"Male","University","Single",1
2820,1983-12-31,"Male","University","Married",2
2821,1989-12-31,"Male","Secondary","Married",2
2822,1978-12-31,"Other","Technical","Single",1
2823,1980-12-31,"Female","Technical","Widowed",1
2824,2007-12-31,"Male","Secondary","Married",0
2825,1957-12-31,"Male","Technical","Married",0
2826,1972-12-31,"Male","University","Married",1
2827,1988-12-31,"Male","Technical","Married",1
2828,1977-12-31,"Female","Technical","Single",0
2829,1973-12-31,"Female","Technical","Married",2
2830,1962-12-31,"Female","Secondary","Married",1
2831,1982-12-31,"Female","University","Single",0
2832,1984-12-31,"Male","Secondary","Single",2
2833,1996-12-31,"Male","University","Divorced",1
2834,1991-12-31,"Female","Postgraduate","Single",0
2835,2000-12-31,"Male","University","Widowed",0
2836,1990-12-31,"Male","Technical","Single",0
2837,1985-12-31,"Female","University","Single",1
2838,1977-12-31,"Male","Secondary","Widowed",0
2839,1995-12-31,"Male","Secondary","Divorced",4
2840,1982-12-31,"Male","Secondary","Married",0
2841,1989-12-31,"Male","University","Divorced",1
2842,1980-12-31,"Female","Technical","Married",0
2843,2004-12-31,"Male","Technical","Single",2
2844,1977-12-31,"Male","Technical","Widowed",1
2845,1991-12-31,"Male","University","Married",3
2846,1989-12-31,"Female","University","Divorced",1
2847,1991-12-31,"Male","University","Married",1
2848,1974-12-31,"Female","Postgraduate","Divorced",2
2849,1982-12-31,"Male","Secondary","Single",2
2850,2007-12-31,"Male","Postgraduate","Married",3
2851,1962-12-31,"Male","Technical","Widowed",3
2852,1972-12-31,"Male","Secondary","Divorced",1
2853,1984-12-31,"Male","Postgraduate","Married",4
2854,1974-12-31,"Male","Technical","Single",0
2855,1968-12-31,"Male","Postgraduate","Divorced",1
2856,1999-12-31,"Female","Technical","Divorced",1
2857,1981-12-31,"Female","Technical","Married",2
2858,2001-12-31,"Female","Technical","Single",0
2859,1982-12-31,"Female","Secondary","Single",0
2860,1986-12-31,"Female","Technical","Single",0
2861,1979-12-31,"Male","Technical","Married",3
2862,1998-12-31,"Male","Postgraduate","Married",1
2863,2005-12-31,"Male","Technical","Single",5
2864,1962-12-31,"Male","Technical","Single",2
2865,1967-12-31,"Male","University","Married",1
2866,1996-12-31,"Female","Secondary","Divorced",2
2867,1985-12-31,"Female","University","Single",0
2868,1980-12-31,"Male","Technical","Married",1
2869,1984-12-31,"Female","University","Married",2
2870,1970-12-31,"Female","Secondary","Married",1
2871,1976-12-31,"Female","Secondary","Married",3
2872,1998-12-31,"Female","University","Married",2
2873,1988-12-31,"Male","University","Divorced",1
2874,1989-12-31,"Male","University","Married",0
2875,1955-12-31,"Male","Secondary","Divorced",2
2876,1982-12-31,"Female","Technical","Married",1
2877,1977-12-31,"Female","Secondary","Single",1
2878,1977-12-31,"Male","Secondary","Married",3
2879,1996-12-31,"Female","Secondary","Widowed",0
2880,1986-12-31,"Male","Technical","Married",2
2881,1978-12-31,"Female","University","Married",4
2882,1992-12-31,"Male","University","Single",0
2883,1959-12-31,"Male","Postgraduate","Single",3
2884,1975-12-31,"Female","Technical","Single",1
2885,1968-12-31,"Female","Technical","Single",1
2886,1992-12-31,"Male","Secondary","Married",3
2887,1979-12-31,"Male","University","Divorced",0
2888,1981-12-31,"Male","Secondary","Single",1
2889,1972-12-31,"Male","Technical","Single",3
2890,1977-12-31,"Male","Secondary","Single",0
2891,1969-12-31,"Male","Postgraduate","Married",1
2892,1980-12-31,"Female","University","Married",0
2893,1984-12-31,"Male","University","Single",2
2894,1958-12-31,"Male","University","Married",1
2895,1968-12-31,"Male","Secondary","Married",1
2896,1950-12-31,"Male","Secondary","Single",1
2897,1989-12-31,"Female","University","Married",0
2898,1981-12-31,"Male","Secondary","Married",0
2899,1987-12-31,"Female","Technical","Divorced",1
2900,1985-12-31,"Female","Secondary","Divorced",1
2901,1996-12-31,"Male","Postgraduate","Single",3
2902,1980-12-31,"Female","Postgraduate","Single",2
2903,1985-12-31,"Male","University","Married",0
2904,1981-12-31,"Male","Secondary","Single",3
2905,1964-12-31,"Female","Secondary","Married",2
2906,2003-12-31,"Male","Technical","Married",1
2907,1998-12-31,"Male","University","Married",2
2908,1961-12-31,"Female","Secondary","Divorced",1
2909,1990-12-31,"Male","University","Single",1
2910,1992-12-31,"Male","Secondary","Married",2
2911,1979-12-31,"Female","University","Married",1
2912,1969-12-31,"Male","Secondary","Divorced",1
2913,1984-12-31,"Male","University","Single",1
2914,1971-12-31,"Male","Secondary","Married",1
2915,1990-12-31,"Female","Secondary","Married",0
2916,1961-12-31,"Female","Secondary","Single",0
2917,1987-12-31,"Male","Postgraduate","Single",1
2918,1975-12-31,"Female","Secondary","Single",1
2919,1998-12-31,"Female","Technical","Divorced",0
2920,1994-12-31,"Female","Secondary","Single",4
2921,1984-12-31,"Female","University","Married",1
2922,1966-12-31,"Male","Secondary","Single",2
2923,1983-12-31,"Female","Technical","Married",2
2924,1967-12-31,"Female","University","Single",2
2925,2006-12-31,"Female","Secondary","Widowed",1
2926,1974-12-31,"Female","Secondary","Single",1
2927,1982-12-31,"Male","Technical","Married",1
2928,1980-12-31,"Male","University","Married",0
2929,1974-12-31,"Male","University","Divorced",0
2930,1997-12-31,"Male","Postgraduate","Widowed",2
2931,1976-12-31,"Male","University","Married",2
2932,2007-12-31,"Male","Secondary","Married",1
2933,1995-12-31,"Male","University","Single",0
2934,1995-12-31,"Female","Postgraduate","Married",5
2935,1981-12-31,"Female","University","Married",1
2936,1969-12-31,"Female","Secondary","Married",1
2937,1995-12-31,"Female","Secondary","Married",1
2938,1992-12-31,"Female","University","Single",2
2939,1976-12-31,"Female","Technical","Married",2
2940,1991-12-31,"Male","Secondary","Divorced",2
2941,1986-12-31,"Female","University","Single",2
2942,1969-12-31,"Male","Secondary","Married",2
2943,1964-12-31,"Male","University","Single",0
2944,1970-12-31,"Male","Secondary","Divorced",0
2945,1981-12-31,"Male","Technical","Married",1
2946,2005-12-31,"Male","Secondary","Divorced",0
2947,1986-12-31,"Male","Other","Divorced",2
2948,1963-12-31,"Male","Technical","Divorced",1
2949,1982-12-31,"Male","Secondary","Married",2
2950,1975-12-31,"Female","Other","Married",4
2951,1982-12-31,"Female","University","Married",2
2952,1973-12-31,"Male","University","Married",4
2953,1966-12-31,"Male","Secondary","Single",0
2954,1992-12-31,"Other","Postgraduate","Single",1
2955,1985-12-31,"Female","University","Married",0
2956,1988-12-31,"Male","Secondary","Married",1
2957,1995-12-31,"Male","University","Married",5
2958,1995-12-31,"Male","Technical","Divorced",1
2959,1992-12-31,"Male","Secondary","Married",1
2960,1982-12-31,"Male","Secondary","Married",2
2961,1980-12-31,"Female","Secondary","Widowed",0
2962,1954-12-31,"Male","Postgraduate","Married",0
2963,1997-12-31,"Female","Secondary","Single",3
2964,1977-12-31,"Male","University","Single",1
2965,1984-12-31,"Female","Other","Divorced",1
2966,1991-12-31,"Female","Technical","Single",1
2967,1993-12-31,"Female","Secondary","Married",4
2968,1983-12-31,"Female","Secondary","Divorced",2
2969,1989-12-31,"Female","University","Married",4
2970,1977-12-31,"Male","Other","Single",2
2971,1981-12-31,"Female","Technical","Single",0
2972,1984-12-31,"Female","Secondary","Single",1
2973,1976-12-31,"Female","Secondary","Married",1
2974,1973-12-31,"Male","University","Married",0
2975,1994-12-31,"Female","Secondary","Married",2
2976,1990-12-31,"Female","Technical","Widowed",2
2977,1979-12-31,"Female","Technical","Married",0
2978,1989-12-31,"Male","University","Married",0
2979,1979-12-31,"Female","University","Single",0
2980,1966-12-31,"Female","Other","Married",0
2981,1989-12-31,"Female","University","Single",1
2982,1994-12-31,"Male","Secondary","Single",0
2983,1998-12-31,"Female","University","Single",3
2984,1991-12-31,"Male","Technical","Single",1
2985,1994-12-31,"Male","University","Married",1
2986,1985-12-31,"Female","Secondary","Widowed",0
2987,1992-12-31,"Female","Postgraduate","Single",3
2988,1974-12-31,"Male","University","Single",1
2989,1991-12-31,"Male","Technical","Married",1
2990,1960-12-31,"Female","Secondary","Married",2
2991,2007-12-31,"Other","Technical","Single",2
2992,1970-12-31,"Female","Other","Married",1
2993,2001-12-31,"Female","Technical","Married",2
2994,1965-12-31,"Male","University","Married",1
2995,1991-12-31,"Female","Secondary","Married",4
2996,1991-12-31,"Female","Secondary","Divorced",1
2997,1987-12-31,"Female","Secondary","Single",1
2998,1977-12-31,"Female","Technical","Married",3
2999,1981-12-31,"Male","Secondary","Married",1
3000,1997-12-31,"Male","University","Married",0
3001,1976-12-31,"Male","Technical","Single",1
3002,1991-12-31,"Male","University","Single",2
3003,1987-12-31,"Male","University","Widowed",0
3004,1982-12-31,"Female","University","Single",4
3005,1969-12-31,"Male","Secondary","Divorced",1
3006,1971-12-31,"Male","University","Single",2
3007,1989-12-31,"Male","Secondary","Single",2
3008,1988-12-31,"Female","Secondary","Single",2
3009,1977-12-31,"Female","Secondary","Married",1
3010,1996-12-31,"Female","Technical","Single",1
3011,1978-12-31,"Male","University","Single",4
3012,1995-12-31,"Male","University","Single",0
3013,1984-12-31,"Male","Secondary","Widowed",2
3014,1971-12-31,"Female","University","Married",1
3015,1989-12-31,"Male","Technical","Married",3
3016,1986-12-31,"Female","University","Married",0
3017,1985-12-31,"Female","Other","Married",0
3018,1988-12-31,"Male","University","Single",3
3019,1968-12-31,"Male","University","Married",1
3020,1990-12-31,"Male","University","Married",1
3021,1965-12-31,"Female","Secondary","Divorced",0
3022,1991-12-31,"Male","University","Married",0
3023,1982-12-31,"Female","University","Single",2
3024,1995-12-31,"Female","Secondary","Divorced",2
3025,1963-12-31,"Male","Technical","Single",1
3026,1985-12-31,"Female","Technical","Married",0
3027,2007-12-31,"Female","Technical","Single",1
3028,1959-12-31,"Female","Secondary","Married",1
3029,1962-12-31,"Male","Technical","Single",2
3030,1976-12-31,"Male","University","Single",2
3031,1980-12-31,"Male","Postgraduate","Single",0
3032,1994-12-31,"Female","Secondary","Married",2
3033,1977-12-31,"Female","University","Married",1
3034,1979-12-31,"Female","University","Single",1
3035,1970-12-31,"Male","Other","Married",1
3036,1976-12-31,"Female","Technical","Married",1
3037,1993-12-31,"Female","University","Single",1
3038,1974-12-31,"Female","University","Married",1
3039,1984-12-31,"Male","University","Married",0
3040,1991-12-31,"Female","University","Divorced",3
3041,1991-12-31,"Female","Secondary","Married",5
3042,1995-12-31,"Male","Secondary","Married",1
3043,1979-12-31,"Female","Secondary","Divorced",1
3044,1977-12-31,"Male","Technical","Married",0
3045,1987-12-31,"Male","Postgraduate","Married",3
3046,1974-12-31,"Female","Secondary","Single",0
3047,1986-12-31,"Other","Technical","Married",0
3048,1984-12-31,"Male","Technical","Single",1
3049,1983-12-31,"Female","University","Single",3
3050,1980-12-31,"Female","Technical","Divorced",2
3051,1958-12-31,"Male","Secondary","Single",1
3052,1996-12-31,"Male","University","Single",0
3053,1980-12-31,"Female","University","Divorced",2
3054,1983-12-31,"Male","University","Single",2
3055,1963-12-31,"Male","Technical","Divorced",3
3056,1982-12-31,"Male","Technical","Single",2
3057,1966-12-31,"Female","Secondary","Married",1
3058,1980-12-31,"Female","Technical","Widowed",0
3059,1982-12-31,"Male","Secondary","Married",0
3060,1984-12-31,"Male","University","Widowed",0
3061,1993-12-31,"Male","Postgraduate","Single",1
3062,1999-12-31,"Female","Technical","Single",1
3063,1976-12-31,"Female","Technical","Single",1
3064,2002-12-31,"Male","University","Married",1
3065,1984-12-31,"Male","Technical","Single",3
3066,1985-12-31,"Female","University","Single",1
3067,1972-12-31,"Male","University","Single",2
3068,1994-12-31,"Male","Postgraduate","Single",3
3069,1998-12-31,"Female","Technical","Married",0
3070,1991-12-31,"Male","University","Single",1
3071,1985-12-31,"Female","University","Single",1
3072,1976-12-31,"Female","Technical","Divorced",1
3073,1990-12-31,"Male","Secondary","Single",3
3074,1989-12-31,"Male","Technical","Married",4
3075,1976-12-31,"Female","Technical","Married",0
3076,1979-12-31,"Male","Other","Single",2
3077,1986-12-31,"Female","Secondary","Married",3
3078,1997-12-31,"Male","Secondary","Single",1
3079,1999-12-31,"Male","Secondary","Married",1
3080,1997-12-31,"Male","University","Married",2
3081,1982-12-31,"Female","Technical","Married",0
3082,1967-12-31,"Male","University","Married",4
3083,1967-12-31,"Female","University","Single",5
3084,1981-12-31,"Female","Secondary","Single",3
3085,2007-12-31,"Female","Secondary","Divorced",1
3086,1974-12-31,"Female","Postgraduate","Widowed",2
3087,1983-12-31,"Male","Technical","Widowed",0
3088,2001-12-31,"Female","Other","Widowed",1
3089,1989-12-31,"Female","Postgraduate","Married",0
3090,1979-12-31,"Male","Postgraduate","Married",2
3091,1973-12-31,"Male","University","Married",0
3092,1978-12-31,"Male","University","Single",0
3093,1990-12-31,"Male","Technical","Widowed",1
3094,1973-12-31,"Male","University","Married",3
3095,1989-12-31,"Female","Technical","Married",1
3096,1987-12-31,"Female","Technical","Married",4
3097,1978-12-31,"Female","Technical","Single",2
3098,1999-12-31,"Male","Technical","Married",2
3099,1963-12-31,"Male","Secondary","Single",0
3100,1967-12-31,"Female","University","Single",1
3101,1985-12-31,"Female","Technical","Married",1
3102,2003-12-31,"Female","Secondary","Married",3
3103,1974-12-31,"Female","University","Married",1
3104,1969-12-31,"Male","Secondary","Single",1
3105,1980-12-31,"Male","Secondary","Single",1
3106,1956-12-31,"Female","Secondary","Married",2
3107,1968-12-31,"Female","University","Divorced",2
3108,1967-12-31,"Male","Secondary","Divorced",4
3109,2007-12-31,"Female","University","Single",1
3110,1985-12-31,"Female","Technical","Single",4
3111,1978-12-31,"Female","University","Widowed",1
3112,1981-12-31,"Male","Secondary","Single",1
3113,1990-12-31,"Male","University","Married",3
3114,1992-12-31,"Male","Secondary","Single",1
3115,1983-12-31,"Male","University","Widowed",0
3116,1989-12-31,"Female","Secondary","Married",2
3117,1980-12-31,"Female","Secondary","Single",1
3118,1974-12-31,"Male","University","Divorced",0
3119,2002-12-31,"Female","Secondary","Married",3
3120,1975-12-31,"Male","Technical","Divorced",1
3121,1987-12-31,"Male","Technical","Married",3
3122,1985-12-31,"Male","Postgraduate","Married",2
3123,1975-12-31,"Male","Technical","Married",0
3124,1980-12-31,"Male","Technical","Divorced",0
3125,2000-12-31,"Female","Postgraduate","Single",2
3126,1995-12-31,"Male","Secondary","Married",1
3127,1976-12-31,"Female","Secondary","Widowed",1
3128,1963-12-31,"Female","University","Married",0
3129,1978-12-31,"Female","Secondary","Divorced",2
3130,1989-12-31,"Female","Secondary","Married",2
3131,1970-12-31,"Male","Secondary","Single",1
3132,1984-12-31,"Female","Postgraduate","Married",2
3133,1983-12-31,"Female","Technical","Married",3
3134,2007-12-31,"Female","Other","Divorced",2
3135,1999-12-31,"Male","University","Divorced",1
3136,1991-12-31,"Male","Technical","Divorced",3
3137,1972-12-31,"Female","Other","Single",1
3138,1994-12-31,"Female","Technical","Single",1
3139,1964-12-31,"Female","Technical","Married",1
3140,1996-12-31,"Female","Technical","Married",2
3141,1981-12-31,"Male","Postgraduate","Married",2
3142,2007-12-31,"Male","Secondary","Widowed",2
3143,1970-12-31,"Male","Secondary","Married",2
3144,1969-12-31,"Female","Technical","Married",0
3145,1985-12-31,"Male","Secondary","Married",2
3146,1983-12-31,"Male","Postgraduate","Divorced",1
3147,1985-12-31,"Female","Secondary","Single",2
3148,2007-12-31,"Female","Other","Single",1
3149,1990-12-31,"Male","Secondary","Single",2
3150,1993-12-31,"Female","Secondary","Single",0
3151,1973-12-31,"Female","Secondary","Married",1
3152,1987-12-31,"Female","University","Married",2
3153,1994-12-31,"Male","Secondary","Married",2
3154,1976-12-31,"Female","Other","Married",2
3155,1997-12-31,"Male","Technical","Single",3
3156,1995-12-31,"Other","Technical","Single",0
3157,1969-12-31,"Male","Secondary","Divorced",0
3158,1957-12-31,"Female","Technical","Married",0
3159,1995-12-31,"Female","Secondary","Single",1
3160,1971-12-31,"Male","Postgraduate","Divorced",0
3161,1986-12-31,"Female","University","Single",2
3162,1987-12-31,"Male","University","Married",1
3163,1961-12-31,"Male","University","Married",0
3164,1988-12-31,"Other","Technical","Married",0
3165,1976-12-31,"Male","Secondary","Married",2
3166,1998-12-31,"Female","Secondary","Married",2
3167,1981-12-31,"Male","University","Married",0
3168,1995-12-31,"Male","University","Married",3
3169,1967-12-31,"Male","Secondary","Married",1
3170,2006-12-31,"Male","Secondary","Single",0
3171,2007-12-31,"Male","University","Divorced",2
3172,1981-12-31,"Male","University","Single",5
3173,1990-12-31,"Male","University","Married",0
3174,1983-12-31,"Male","University","Single",2
3175,1984-12-31,"Male","Technical","Married",0
3176,1965-12-31,"Male","Secondary","Married",2
3177,1980-12-31,"Female","University","Widowed",1
3178,1988-12-31,"Male","Technical","Widowed",0
3179,1992-12-31,"Female","Secondary","Single",0
3180,2007-12-31,"Male","Secondary","Married",0
3181,1966-12-31,"Female","University","Single",3
3182,1987-12-31,"Female","University","Married",3
3183,1979-12-31,"Female","University","Single",1
3184,1986-12-31,"Female","University","Married",1
3185,1987-12-31,"Female","Secondary","Single",3
3186,1978-12-31,"Male","Secondary","Married",3
3187,1972-12-31,"Male","Secondary","Married",2
3188,1996-12-31,"Female","Secondary","Married",4
3189,1962-12-31,"Female","Secondary","Single",1
3190,1981-12-31,"Female","Technical","Married",2
3191,1999-12-31,"Male","University","Married",3
3192,1969-12-31,"Female","Secondary","Married",3
3193,1989-12-31,"Male","University","Single",2
3194,1982-12-31,"Female","University","Married",1
3195,1972-12-31,"Female","Secondary","Single",2
3196,2001-12-31,"Male","University","Single",0
3197,1968-12-31,"Male","University","Married",2
3198,1989-12-31,"Male","University","Widowed",1
3199,1981-12-31,"Male","Secondary","Married",0
3200,1964-12-31,"Female","University","Single",1
3201,1983-12-31,"Male","Secondary","Married",0
3202,1980-12-31,"Female","Secondary","Single",0
3203,1990-12-31,"Male","University","Widowed",4
3204,1969-12-31,"Female","Technical","Divorced",0
3205,1970-12-31,"Male","University","Married",0
3206,1973-12-31,"Male","Secondary","Single",0
3207,1987-12-31,"Male","Technical","Married",1
3208,1973-12-31,"Female","Secondary","Widowed",1
3209,1967-12-31,"Female","Technical","Married",2
3210,1976-12-31,"Female","University","Single",2
3211,1991-12-31,"Female","University","Married",4
3212,1956-12-31,"Female","Secondary","Married",2
3213,1988-12-31,"Female","Secondary","Single",1
3214,1983-12-31,"Female","Secondary","Married",2
3215,1966-12-31,"Female","Technical","Single",3
3216,1978-12-31,"Female","Technical","Married",1
3217,1973-12-31,"Male","Postgraduate","Married",2
3218,1989-12-31,"Male","University","Single",3
3219,1969-12-31,"Male","Secondary","Divorced",0
3220,1987-12-31,"Male","Secondary","Widowed",2
3221,1984-12-31,"Female","Secondary","Married",5
3222,1974-12-31,"Male","Postgraduate","Married",0
3223,2007-12-31,"Male","Secondary","Single",0
3224,1987-12-31,"Female","University","Single",1
3225,1992-12-31,"Female","Secondary","Married",2
3226,1997-12-31,"Male","Secondary","Single",4
3227,1983-12-31,"Male","Secondary","Married",1
3228,1982-12-31,"Female","Secondary","Married",1
3229,1980-12-31,"Female","Technical","Divorced",0
3230,1999-12-31,"Male","Technical","Married",1
3231,1979-12-31,"Female","Technical","Married",0
3232,1981-12-31,"Female","Postgraduate","Single",0
3233,2003-12-31,"Female","University","Single",3
3234,2007-12-31,"Female","Postgraduate","Married",3
3235,1980-12-31,"Female","University","Single",0
3236,1982-12-31,"Female","University","Single",5
3237,1985-12-31,"Female","Other","Divorced",3
3238,1976-12-31,"Female","University","Single",1
3239,1977-12-31,"Male","Secondary","Married",1
3240,1983-12-31,"Female","Secondary","Widowed",1
3241,2000-12-31,"Female","Secondary","Married",0
3242,1976-12-31,"Male","University","Single",0
3243,1966-12-31,"Male","Technical","Single",1
3244,1979-12-31,"Female","Technical","Married",0
3245,1988-12-31,"Female","University","Married",3
3246,1996-12-31,"Male","University","Married",1
3247,1991-12-31,"Female","Technical","Single",3
3248,1994-12-31,"Female","University","Single",5
3249,1968-12-31,"Male","Secondary","Single",2
3250,1987-12-31,"Female","Secondary","Single",1
3251,1966-12-31,"Female","Secondary","Married",2
3252,1990-12-31,"Male","Technical","Married",1
3253,1993-12-31,"Female","University","Married",2
3254,1985-12-31,"Male","Secondary","Single",0
3255,1983-12-31,"Female","University","Married",2
3256,1982-12-31,"Female","University","Single",1
3257,1989-12-31,"Male","Technical","Married",1
3258,1988-12-31,"Female","Postgraduate","Single",2
3259,1972-12-31,"Male","University","Married",2
3260,1976-12-31,"Male","Secondary","Single",2
3261,1990-12-31,"Male","University","Divorced",1
3262,1995-12-31,"Male","University","Single",1
3263,1954-12-31,"Male","Secondary","Married",2
3264,1990-12-31,"Female","Postgraduate","Married",0
3265,1973-12-31,"Male","Postgraduate","Single",1
3266,1963-12-31,"Female","Secondary","Single",1
3267,1981-12-31,"Female","Technical","Single",3
3268,1991-12-31,"Female","Secondary","Married",0
3269,1973-12-31,"Female","University","Married",3
3270,1998-12-31,"Male","University","Widowed",2
3271,1986-12-31,"Female","University","Married",0
3272,1984-12-31,"Male","Postgraduate","Married",1
3273,1960-12-31,"Male","University","Married",0
3274,1973-12-31,"Male","University","Single",2
3275,1989-12-31,"Male","Secondary","Married",0
3276,1981-12-31,"Other","Secondary","Married",1
3277,1969-12-31,"Male","Secondary","Married",1
3278,1988-12-31,"Male","Secondary","Married",0
3279,1977-12-31,"Male","Secondary","Married",1
3280,1993-12-31,"Male","Postgraduate","Married",4
3281,1974-12-31,"Female","Secondary","Single",0
3282,2001-12-31,"Other","Other","Single",0
3283,1956-12-31,"Male","Technical","Widowed",1
3284,1972-12-31,"Male","Postgraduate","Married",3
3285,1983-12-31,"Other","Secondary","Married",0
3286,1979-12-31,"Male","University","Married",2
3287,1998-12-31,"Male","Secondary","Married",2
3288,1991-12-31,"Male","Secondary","Divorced",1
3289,1976-12-31,"Male","Secondary","Single",3
3290,2000-12-31,"Male","Secondary","Single",0
3291,1996-12-31,"Female","Secondary","Married",1
3292,1976-12-31,"Male","University","Married",0
3293,1976-12-31,"Female","Secondary","Single",3
3294,1990-12-31,"Male","University","Single",0
3295,1966-12-31,"Female","Postgraduate","Single",2
3296,1953-12-31,"Female","University","Single",0
3297,1992-12-31,"Female","Secondary","Divorced",2
3298,1979-12-31,"Female","Other","Married",1
3299,1997-12-31,"Female","Secondary","Married",3
3300,1995-12-31,"Male","Secondary","Married",1
3301,1984-12-31,"Female","Secondary","Married",0
3302,1974-12-31,"Male","University","Single",2
3303,1972-12-31,"Male","University","Divorced",0
3304,1979-12-31,"Male","Secondary","Married",0
3305,1984-12-31,"Female","University","Widowed",0
3306,1990-12-31,"Male","Secondary","Married",1
3307,1980-12-31,"Female","Secondary","Married",1
3308,1975-12-31,"Male","University","Single",1
3309,1972-12-31,"Female","University","Single",1
3310,1974-12-31,"Male","University","Married",3
3311,1963-12-31,"Female","University","Married",1
3312,1993-12-31,"Female","Technical","Single",1
3313,1978-12-31,"Male","University","Married",1
3314,1987-12-31,"Male","Secondary","Divorced",0
3315,1970-12-31,"Female","Secondary","Married",3
3316,1990-12-31,"Male","Technical","Single",2
3317,1977-12-31,"Male","Technical","Married",0
3318,1987-12-31,"Male","Secondary","Married",2
3319,1988-12-31,"Male","University","Single",4
3320,1970-12-31,"Male","Secondary","Single",1
3321,1980-12-31,"Male","Technical","Single",0
3322,1993-12-31,"Female","Technical","Divorced",0
3323,1983-12-31,"Male","Other","Single",1
3324,1981-12-31,"Male","University","Single",0
3325,1985-12-31,"Male","Secondary","Married",3
3326,1986-12-31,"Male","Secondary","Single",0
3327,1988-12-31,"Female","Secondary","Married",3
3328,1977-12-31,"Male","Postgraduate","Married",1
3329,1977-12-31,"Male","University","Single",4
3330,1969-12-31,"Female","Technical","Married",4
3331,2002-12-31,"Female","University","Married",0
3332,1978-12-31,"Female","Secondary","Single",0
3333,1989-12-31,"Male","Technical","Married",0
3334,1994-12-31,"Female","Postgraduate","Married",0
3335,1967-12-31,"Female","Secondary","Single",1
3336,1974-12-31,"Male","Secondary","Married",3
3337,1982-12-31,"Male","Postgraduate","Married",3
3338,1980-12-31,"Female","University","Married",1
3339,1990-12-31,"Male","Secondary","Married",1
3340,1979-12-31,"Female","Postgraduate","Married",2
3341,1970-12-31,"Male","Secondary","Divorced",1
3342,1985-12-31,"Male","Secondary","Married",1
3343,1968-12-31,"Male","Secondary","Married",0
3344,1991-12-31,"Male","Technical","Married",2
3345,1976-12-31,"Male","University","Married",2
3346,1999-12-31,"Male","University","Single",1
3347,1972-12-31,"Male","Secondary","Married",0
3348,1974-12-31,"Female","Secondary","Single",0
3349,2001-12-31,"Male","University","Married",1
3350,1974-12-31,"Female","University","Single",0
3351,1975-12-31,"Female","Secondary","Married",0
3352,1986-12-31,"Male","Secondary","Single",2
3353,1978-12-31,"Male","Secondary","Widowed",1
3354,1965-12-31,"Female","Technical","Single",1
3355,1987-12-31,"Female","University","Married",1
3356,1983-12-31,"Female","Technical","Married",1
3357,1985-12-31,"Female","University","Married",1
3358,1983-12-31,"Female","Secondary","Married",0
3359,1980-12-31,"Male","Technical","Married",2
3360,1979-12-31,"Female","Secondary","Divorced",2
3361,1990-12-31,"Female","University","Single",1
3362,1990-12-31,"Male","Secondary","Divorced",0
3363,1991-12-31,"Male","University","Single",0
3364,1988-12-31,"Female","Secondary","Married",2
3365,1968-12-31,"Female","Secondary","Married",0
3366,1976-12-31,"Female","University","Married",4
3367,1986-12-31,"Female","Secondary","Married",1
3368,1984-12-31,"Male","Postgraduate","Single",2
3369,1996-12-31,"Female","Technical","Married",1
3370,1985-12-31,"Male","Technical","Single",0
3371,1985-12-31,"Female","Technical","Married",2
3372,1978-12-31,"Female","Technical","Married",0
3373,1981-12-31,"Female","University","Single",2
3374,1984-12-31,"Male","University","Single",1
3375,1952-12-31,"Female","Postgraduate","Married",1
3376,1996-12-31,"Male","Technical","Married",0
3377,1987-12-31,"Male","Technical","Single",2
3378,1973-12-31,"Male","University","Single",1
3379,1994-12-31,"Female","Technical","Divorced",1
3380,1973-12-31,"Female","University","Single",1
3381,1967-12-31,"Female","Secondary","Married",2
3382,1978-12-31,"Male","Postgraduate","Married",2
3383,1980-12-31,"Male","Technical","Single",1
3384,1984-12-31,"Female","Postgraduate","Single",1
3385,1987-12-31,"Female","Technical","Married",0
3386,1977-12-31,"Male","University","Divorced",0
3387,1973-12-31,"Male","Secondary","Single",0
3388,1983-12-31,"Female","University","Divorced",2
3389,1972-12-31,"Female","Secondary","Married",1
3390,1976-12-31,"Female","University","Single",2
3391,1980-12-31,"Female","University","Married",1
3392,1989-12-31,"Female","Secondary","Married",1
3393,1960-12-31,"Male","Secondary","Single",0
3394,2004-12-31,"Male","Technical","Single",1
3395,1993-12-31,"Male","Secondary","Single",0
3396,1988-12-31,"Male","Postgraduate","Single",1
3397,1984-12-31,"Female","Technical","Married",1
3398,1969-12-31,"Female","University","Divorced",0
3399,1986-12-31,"Male","University","Married",3
3400,1992-12-31,"Female","Secondary","Married",2
3401,1988-12-31,"Male","Technical","Married",1
3402,1962-12-31,"Male","Secondary","Divorced",0
3403,1982-12-31,"Female","Secondary","Married",0
3404,1985-12-31,"Female","Technical","Married",1
3405,1979-12-31,"Male","Secondary","Divorced",2
3406,1978-12-31,"Female","Technical","Single",2
3407,1974-12-31,"Female","Secondary","Divorced",1
3408,1980-12-31,"Male","University","Married",2
3409,1963-12-31,"Female","Postgraduate","Divorced",3
3410,1972-12-31,"Female","Secondary","Widowed",2
3411,1955-12-31,"Female","University","Single",0
3412,1985-12-31,"Male","Secondary","Married",1
3413,1962-12-31,"Female","University","Married",2
3414,2003-12-31,"Male","Secondary","Single",0
3415,1995-12-31,"Male","Secondary","Married",1
3416,1972-12-31,"Male","Secondary","Married",3
3417,1996-12-31,"Male","Secondary","Married",3
3418,1980-12-31,"Male","Secondary","Single",3
3419,1986-12-31,"Female","Technical","Single",2
3420,1983-12-31,"Male","Technical","Single",3
3421,1984-12-31,"Female","Secondary","Single",2
3422,1990-12-31,"Male","Secondary","Married",0
3423,1988-12-31,"Male","Secondary","Married",0
3424,1987-12-31,"Female","Technical","Married",3
3425,1999-12-31,"Male","Secondary","Married",0
3426,1976-12-31,"Male","Technical","Single",0
3427,1983-12-31,"Female","Technical","Married",0
3428,1989-12-31,"Female","University","Married",1
3429,1984-12-31,"Male","Technical","Divorced",0
3430,1999-12-31,"Female","University","Married",2
3431,1970-12-31,"Female","Secondary","Single",1
3432,1975-12-31,"Male","Secondary","Married",1
3433,1985-12-31,"Female","Technical","Divorced",1
3434,1997-12-31,"Male","Other","Married",0
3435,1984-12-31,"Female","University","Married",1
3436,1967-12-31,"Male","Postgraduate","Single",1
3437,1986-12-31,"Male","Technical","Single",0
3438,1983-12-31,"Female","Secondary","Married",3
3439,1982-12-31,"Male","Postgraduate","Married",0
3440,1974-12-31,"Female","University","Married",5
3441,1998-12-31,"Male","University","Single",2
3442,1977-12-31,"Female","Secondary","Married",2
3443,1967-12-31,"Male","Secondary","Single",1
3444,1999-12-31,"Male","Technical","Married",4
3445,1985-12-31,"Male","Secondary","Married",2
3446,1984-12-31,"Female","Secondary","Divorced",0
3447,1985-12-31,"Female","Secondary","Divorced",0
3448,1976-12-31,"Female","Technical","Divorced",1
3449,1972-12-31,"Male","Technical","Single",0
3450,1978-12-31,"Female","Secondary","Married",0
3451,1975-12-31,"Female","University","Divorced",1
3452,1988-12-31,"Female","Secondary","Single",3
3453,1979-12-31,"Male","University","Single",0
3454,1969-12-31,"Female","University","Married",0
3455,1989-12-31,"Female","Secondary","Married",0
3456,1983-12-31,"Male","University","Married",2
3457,1995-12-31,"Female","Technical","Single",0
3458,1977-12-31,"Female","Secondary","Single",0
3459,1979-12-31,"Male","Postgraduate","Married",4
3460,2001-12-31,"Female","Secondary","Single",1
3461,1989-12-31,"Female","Technical","Married",1
3462,1981-12-31,"Female","University","Married",0
3463,1976-12-31,"Other","University","Married",0
3464,1966-12-31,"Male","Secondary","Married",2
3465,1989-12-31,"Female","Technical","Married",2
3466,1968-12-31,"Female","University","Single",1
3467,1990-12-31,"Female","University","Married",2
3468,1982-12-31,"Female","Technical","Single",0
3469,1987-12-31,"Female","Technical","Single",1
3470,1983-12-31,"Female","University","Married",1
3471,1992-12-31,"Female","University","Married",0
3472,1991-12-31,"Male","Technical","Single",0
3473,1959-12-31,"Male","University","Single",0
3474,1984-12-31,"Male","University","Single",3
3475,1986-12-31,"Male","Secondary","Married",0
3476,2007-12-31,"Female","Secondary","Single",0
3477,1996-12-31,"Male","Other","Single",3
3478,2007-12-31,"Male","Secondary","Married",1
3479,1964-12-31,"Female","Other","Married",3
3480,1972-12-31,"Male","University","Single",0
3481,1989-12-31,"Male","Secondary","Married",0
3482,1983-12-31,"Female","University","Single",2
3483,1961-12-31,"Female","Secondary","Single",1
3484,1979-12-31,"Female","Secondary","Single",1
3485,1980-12-31,"Male","Secondary","Divorced",1
3486,1984-12-31,"Female","Technical","Single",1
3487,1971-12-31,"Female","University","Widowed",2
3488,1971-12-31,"Female","Secondary","Married",0
3489,1983-12-31,"Male","Postgraduate","Single",0
3490,1987-12-31,"Male","Secondary","Divorced",3
3491,1979-12-31,"Male","Postgraduate","Married",0
3492,1976-12-31,"Male","Technical","Single",4
3493,1957-12-31,"Female","University","Single",4
3494,1980-12-31,"Male","Secondary","Married",0
3495,2004-12-31,"Female","Secondary","Divorced",1
3496,1977-12-31,"Male","University","Single",1
3497,1990-12-31,"Male","Technical","Single",0
3498,1991-12-31,"Male","University","Married",0
3499,1979-12-31,"Female","Technical","Single",1
3500,1993-12-31,"Male","Technical","Married",0
3501,1985-12-31,"Male","Technical","Single",2
3502,1988-12-31,"Female","University","Divorced",1
3503,1990-12-31,"Female","University","Single",2
3504,1961-12-31,"Male","Other","Divorced",0
3505,1966-12-31,"Male","Secondary","Married",1
3506,1981-12-31,"Other","Technical","Married",1
3507,2007-12-31,"Male","Technical","Single",0
3508,1981-12-31,"Female","Secondary","Married",0
3509,1976-12-31,"Female","Technical","Married",0
3510,1988-12-31,"Male","Secondary","Married",1
3511,1980-12-31,"Female","Technical","Single",3
3512,1993-12-31,"Female","University","Single",1
3513,1996-12-31,"Female","Technical","Married",0
3514,1980-12-31,"Male","Technical","Married",1
3515,1966-12-31,"Male","Secondary","Divorced",4
3516,1985-12-31,"Female","University","Married",4
3517,1981-12-31,"Female","Secondary","Single",2
3518,1995-12-31,"Female","Other","Married",0
3519,1963-12-31,"Male","Secondary","Married",0
3520,1988-12-31,"Male","University","Married",0
3521,1967-12-31,"Male","Secondary","Married",0
3522,1978-12-31,"Male","University","Single",3
3523,1990-12-31,"Female","Secondary","Married",0
3524,1982-12-31,"Male","Postgraduate","Divorced",0
3525,1961-12-31,"Female","Technical","Married",2
3526,1970-12-31,"Male","Secondary","Widowed",0
3527,1984-12-31,"Male","Postgraduate","Single",1
3528,1980-12-31,"Female","Secondary","Married",2
3529,1990-12-31,"Female","Secondary","Married",3
3530,1997-12-31,"Male","Secondary","Divorced",0
3531,1989-12-31,"Female","Secondary","Single",2
3532,1967-12-31,"Male","University","Married",1
3533,1977-12-31,"Male","Secondary","Single",1
3534,1972-12-31,"Female","Technical","Divorced",1
3535,1986-12-31,"Female","Secondary","Married",1
3536,1990-12-31,"Male","University","Single",2
3537,1993-12-31,"Female","Secondary","Single",0
3538,1991-12-31,"Male","Secondary","Single",2
3539,1975-12-31,"Male","Secondary","Married",2
3540,1989-12-31,"Male","Secondary","Widowed",2
3541,1994-12-31,"Male","Secondary","Divorced",2
3542,1990-12-31,"Female","University","Married",2
3543,1978-12-31,"Male","Secondary","Single",2
3544,1954-12-31,"Male","Secondary","Divorced",4
3545,1989-12-31,"Female","University","Single",1
3546,1989-12-31,"Female","University","Single",0
3547,1986-12-31,"Female","Technical","Married",1
3548,1978-12-31,"Female","Technical","Married",2
3549,1979-12-31,"Female","University","Married",2
3550,1996-12-31,"Female","Technical","Married",1
3551,1951-12-31,"Female","Secondary","Divorced",1
3552,1970-12-31,"Female","University","Married",1
3553,1978-12-31,"Male","Postgraduate","Married",0
3554,1971-12-31,"Male","Technical","Married",1
3555,1992-12-31,"Male","Technical","Divorced",0
3556,1972-12-31,"Male","Technical","Married",2
3557,1995-12-31,"Male","Technical","Married",0
3558,1984-12-31,"Female","Secondary","Single",1
3559,1986-12-31,"Female","University","Single",3
3560,1968-12-31,"Female","Secondary","Married",1
3561,1984-12-31,"Female","Technical","Married",2
3562,1983-12-31,"Male","University","Single",1
3563,1970-12-31,"Male","Technical","Single",0
3564,1996-12-31,"Female","Secondary","Married",1
3565,1972-12-31,"Male","Secondary","Married",3
3566,1981-12-31,"Female","Secondary","Single",0
3567,1962-12-31,"Female","Technical","Single",1
3568,1965-12-31,"Female","Technical","Single",0
3569,1983-12-31,"Male","Technical","Single",0
3570,1989-12-31,"Female","University","Married",3
3571,1983-12-31,"Female","University","Married",0
3572,1981-12-31,"Female","Secondary","Married",2
3573,1999-12-31,"Male","Technical","Married",0
3574,1970-12-31,"Male","Secondary","Single",0
3575,1992-12-31,"Male","Secondary","Single",0
3576,1984-12-31,"Male","University","Divorced",2
3577,1989-12-31,"Female","University","Single",1
3578,1982-12-31,"Female","Secondary","Single",0
3579,1987-12-31,"Female","University","Single",1
3580,1991-12-31,"Male","Technical","Divorced",2
3581,2002-12-31,"Female","Secondary","Married",0
3582,1979-12-31,"Female","Secondary","Married",4
3583,1999-12-31,"Female","Technical","Single",0
3584,1968-12-31,"Male","Other","Widowed",1
3585,1985-12-31,"Male","Secondary","Married",0
3586,1990-12-31,"Male","Technical","Divorced",1
3587,1991-12-31,"Female","Technical","Divorced",0
3588,1975-12-31,"Male","University","Widowed",2
3589,1974-12-31,"Male","Technical","Divorced",3
3590,1975-12-31,"Female","Technical","Married",2
3591,1996-12-31,"Female","University","Married",3
3592,1989-12-31,"Female","University","Married",1
3593,1997-12-31,"Female","Secondary","Married",1
3594,1977-12-31,"Female","Technical","Married",1
3595,1996-12-31,"Female","Secondary","Single",2
3596,1974-12-31,"Male","Secondary","Single",2
3597,1979-12-31,"Female","University","Widowed",3
3598,1987-12-31,"Female","University","Married",3
3599,1979-12-31,"Male","University","Single",1
3600,1988-12-31,"Male","University","Single",1
3601,1986-12-31,"Female","University","Divorced",1
3602,1980-12-31,"Male","Technical","Widowed",1
3603,1970-12-31,"Male","Secondary","Married",1
3604,1966-12-31,"Female","Secondary","Married",0
3605,1972-12-31,"Male","University","Married",2
3606,1976-12-31,"Male","Technical","Single",0
3607,1977-12-31,"Male","University","Divorced",1
3608,1983-12-31,"Male","University","Single",2
3609,1955-12-31,"Male","Technical","Single",0
3610,1979-12-31,"Male","Secondary","Widowed",4
3611,1995-12-31,"Male","Postgraduate","Single",2
3612,1990-12-31,"Male","University","Married",1
3613,1961-12-31,"Male","Other","Single",0
3614,2007-12-31,"Male","University","Single",0
3615,1980-12-31,"Female","Technical","Single",0
3616,1998-12-31,"Female","Secondary","Single",3
3617,1962-12-31,"Male","Secondary","Married",0
3618,1988-12-31,"Male","University","Married",2
3619,1993-12-31,"Male","University","Married",1
3620,1963-12-31,"Female","Secondary","Married",2
3621,1989-12-31,"Male","Secondary","Married",2
3622,1993-12-31,"Female","Secondary","Married",1
3623,1982-12-31,"Male","Technical","Married",0
3624,1976-12-31,"Male","University","Married",0
3625,1980-12-31,"Male","Postgraduate","Widowed",3
3626,1975-12-31,"Female","Technical","Married",1
3627,1992-12-31,"Female","Technical","Single",0
3628,1963-12-31,"Male","Technical","Single",0
3629,2004-12-31,"Female","Technical","Divorced",3
3630,1995-12-31,"Female","University","Married",1
3631,1973-12-31,"Female","Technical","Married",2
3632,1983-12-31,"Male","Technical","Widowed",1
3633,1958-12-31,"Male","Technical","Married",1
3634,1958-12-31,"Female","Secondary","Married",0
3635,1953-12-31,"Male","Postgraduate","Widowed",1
3636,1980-12-31,"Female","Postgraduate","Married",1
3637,1993-12-31,"Male","Postgraduate","Divorced",0
3638,1961-12-31,"Female","University","Married",1
3639,1975-12-31,"Female","Secondary","Single",3
3640,1982-12-31,"Male","Secondary","Married",4
3641,1987-12-31,"Female","Secondary","Married",0
3642,1979-12-31,"Female","Secondary","Single",1
3643,1999-12-31,"Male","University","Single",1
3644,1981-12-31,"Female","Secondary","Married",1
3645,1983-12-31,"Female","University","Single",0
3646,1960-12-31,"Male","Technical","Married",0
3647,1987-12-31,"Male","Secondary","Married",1
3648,1995-12-31,"Female","Other","Single",2
3649,1982-12-31,"Female","Technical","Single",0
3650,1989-12-31,"Female","Secondary","Single",2
3651,1986-12-31,"Male","University","Divorced",4
3652,2005-12-31,"Male","Secondary","Married",3
3653,1985-12-31,"Female","Secondary","Married",2
3654,1983-12-31,"Female","Technical","Divorced",1
3655,1970-12-31,"Female","Technical","Divorced",1
3656,1975-12-31,"Female","Secondary","Married",3
3657,1954-12-31,"Male","University","Single",0
3658,1970-12-31,"Female","Secondary","Single",3
3659,1968-12-31,"Female","Secondary","Married",2
3660,1977-12-31,"Male","Technical","Single",0
3661,2001-12-31,"Male","University","Single",1
3662,1974-12-31,"Male","Secondary","Married",0
3663,1982-12-31,"Female","Secondary","Married",0
3664,1966-12-31,"Female","Postgraduate","Single",0
3665,1978-12-31,"Female","Technical","Married",3
3666,1986-12-31,"Male","Secondary","Married",2
3667,1986-12-31,"Male","University","Married",2
3668,1983-12-31,"Female","Secondary","Married",2
3669,1993-12-31,"Male","Postgraduate","Divorced",0
3670,2007-12-31,"Male","Technical","Single",2
3671,1991-12-31,"Male","Technical","Married",2
3672,1991-12-31,"Female","Technical","Divorced",3
3673,1978-12-31,"Female","Secondary","Divorced",0
3674,1974-12-31,"Male","Secondary","Married",5
3675,1965-12-31,"Male","Technical","Married",0
3676,1983-12-31,"Male","University","Single",0
3677,1970-12-31,"Male","Technical","Married",1
3678,1971-12-31,"Female","Technical","Married",3
3679,1976-12-31,"Male","Technical","Single",1
3680,1968-12-31,"Female","Postgraduate","Married",2
3681,1984-12-31,"Female","University","Married",0
3682,1974-12-31,"Female","Technical","Single",0
3683,1993-12-31,"Male","Technical","Single",1
3684,2001-12-31,"Female","Technical","Widowed",1
3685,1989-12-31,"Male","Technical","Married",1
3686,1994-12-31,"Female","University","Married",1
3687,1992-12-31,"Male","Secondary","Married",2
3688,1984-12-31,"Female","Secondary","Single",0
3689,1969-12-31,"Female","Secondary","Married",0
3690,1974-12-31,"Male","University","Married",2
3691,1978-12-31,"Male","University","Divorced",1
3692,1989-12-31,"Male","University","Single",1
3693,1979-12-31,"Male","University","Married",0
3694,1992-12-31,"Male","Secondary","Single",2
3695,1985-12-31,"Female","Technical","Married",2
3696,1978-12-31,"Male","Secondary","Married",0
3697,1971-12-31,"Male","Technical","Divorced",2
3698,1972-12-31,"Female","Technical","Married",3
3699,1982-12-31,"Female","University","Married",0
3700,1989-12-31,"Male","Technical","Married",1
3701,2002-12-31,"Male","Technical","Single",1
3702,1995-12-31,"Female","Technical","Divorced",0
3703,1987-12-31,"Male","University","Married",2
3704,1982-12-31,"Male","Technical","Single",1
3705,1980-12-31,"Male","Secondary","Married",1
3706,1962-12-31,"Female","Postgraduate","Married",2
3707,1988-12-31,"Female","Technical","Married",1
3708,1967-12-31,"Male","Technical","Married",1
3709,2004-12-31,"Female","University","Single",1
3710,1953-12-31,"Other","Technical","Widowed",2
3711,1979-12-31,"Female","University","Divorced",1
3712,1959-12-31,"Female","Technical","Single",1
3713,1973-12-31,"Female","Secondary","Married",1
3714,1971-12-31,"Male","Secondary","Married",1
3715,1972-12-31,"Male","Technical","Married",1
3716,1984-12-31,"Male","Technical","Married",0
3717,1979-12-31,"Male","Secondary","Married",3
3718,1967-12-31,"Female","Secondary","Single",1
3719,1978-12-31,"Female","Technical","Married",3
3720,1994-12-31,"Female","University","Married",1
3721,1981-12-31,"Male","University","Married",0
3722,1992-12-31,"Female","Secondary","Married",2
3723,1980-12-31,"Female","Other","Married",1
3724,1979-12-31,"Female","University","Married",1
3725,1980-12-31,"Female","Technical","Married",3
3726,1987-12-31,"Male","University","Single",2
3727,1972-12-31,"Male","Technical","Married",1
3728,1982-12-31,"Female","Postgraduate","Divorced",1
3729,2003-12-31,"Male","Technical","Single",0
3730,2004-12-31,"Male","University","Married",0
3731,1973-12-31,"Female","Technical","Divorced",3
3732,1983-12-31,"Female","Secondary","Single",2
3733,1985-12-31,"Female","Secondary","Married",3
3734,1972-12-31,"Female","Technical","Married",2
3735,1963-12-31,"Male","University","Widowed",1
3736,1975-12-31,"Male","Secondary","Married",0
3737,1985-12-31,"Male","Technical","Married",2
3738,1984-12-31,"Female","Secondary","Widowed",1
3739,1988-12-31,"Male","Secondary","Married",3
3740,1980-12-31,"Female","Secondary","Married",0
3741,1971-12-31,"Female","University","Widowed",1
3742,1986-12-31,"Male","Secondary","Single",0
3743,1967-12-31,"Female","Technical","Married",0
3744,1982-12-31,"Male","Secondary","Divorced",5
3745,1963-12-31,"Male","Secondary","Single",3
3746,1982-12-31,"Female","Secondary","Single",3
3747,1997-12-31,"Female","Secondary","Divorced",2
3748,1974-12-31,"Female","Technical","Single",3
3749,2001-12-31,"Male","Secondary","Single",3
3750,1981-12-31,"Male","Secondary","Married",0
3751,1997-12-31,"Female","Technical","Married",0
3752,1999-12-31,"Male","Secondary","Divorced",3
3753,1953-12-31,"Male","Secondary","Single",1
3754,1983-12-31,"Male","Technical","Single",2
3755,1970-12-31,"Male","Postgraduate","Single",1
3756,1983-12-31,"Male","University","Divorced",1
3757,1970-12-31,"Male","University","Single",2
3758,1981-12-31,"Female","Secondary","Single",1
3759,1970-12-31,"Male","Postgraduate","Widowed",1
3760,1998-12-31,"Female","Secondary","Single",0
3761,1984-12-31,"Male","Secondary","Married",1
3762,1981-12-31,"Female","Secondary","Married",2
3763,1995-12-31,"Male","Secondary","Married",5
3764,1977-12-31,"Female","Secondary","Single",0
3765,2001-12-31,"Male","Secondary","Single",2
3766,1966-12-31,"Female","University","Married",2
3767,1979-12-31,"Male","Technical","Single",0
3768,1978-12-31,"Male","Secondary","Divorced",0
3769,1998-12-31,"Male","University","Married",0
3770,1971-12-31,"Male","Technical","Married",2
3771,1975-12-31,"Female","University","Single",1
3772,1985-12-31,"Male","Secondary","Married",0
3773,1962-12-31,"Female","Technical","Married",1
3774,1986-12-31,"Female","Technical","Single",2
3775,1973-12-31,"Female","University","Widowed",2
3776,1970-12-31,"Male","University","Married",2
3777,1957-12-31,"Male","Technical","Single",0
3778,1981-12-31,"Female","University","Divorced",3
3779,1982-12-31,"Male","Secondary","Married",2
3780,1983-12-31,"Male","University","Married",2
3781,1995-12-31,"Female","Secondary","Married",0
3782,1970-12-31,"Male","Technical","Married",0
3783,1980-12-31,"Other","Technical","Married",2
3784,1982-12-31,"Female","University","Widowed",1
3785,1985-12-31,"Male","Technical","Widowed",0
3786,1971-12-31,"Female","Secondary","Single",1
3787,1976-12-31,"Male","University","Single",1
3788,2007-12-31,"Female","Secondary","Single",2
3789,1976-12-31,"Male","Postgraduate","Married",2
3790,1984-12-31,"Male","Secondary","Married",2
3791,1986-12-31,"Male","University","Single",3
3792,1995-12-31,"Other","Secondary","Divorced",3
3793,1998-12-31,"Male","Other","Divorced",3
3794,1969-12-31,"Female","University","Single",1
3795,1972-12-31,"Other","University","Divorced",3
3796,1982-12-31,"Female","Secondary","Single",0
3797,1986-12-31,"Male","Secondary","Single",1
3798,1965-12-31,"Male","Secondary","Divorced",0
3799,1975-12-31,"Male","University","Divorced",0
3800,1968-12-31,"Female","Technical","Married",2
3801,1986-12-31,"Male","University","Married",0
3802,1985-12-31,"Female","Secondary","Divorced",2
3803,1977-12-31,"Male","Secondary","Single",1
3804,1981-12-31,"Female","Technical","Married",0
3805,1983-12-31,"Male","Secondary","Married",3
3806,1987-12-31,"Male","Secondary","Single",3
3807,1976-12-31,"Female","University","Widowed",0
3808,1985-12-31,"Female","Secondary","Married",2
3809,1977-12-31,"Female","Postgraduate","Married",0
3810,1979-12-31,"Male","Secondary","Married",1
3811,1985-12-31,"Male","Secondary","Divorced",1
3812,1986-12-31,"Male","Secondary","Single",1
3813,1980-12-31,"Male","Secondary","Divorced",0
3814,1959-12-31,"Female","University","Married",1
3815,1963-12-31,"Male","Technical","Single",0
3816,1956-12-31,"Male","Secondary","Single",3
3817,1995-12-31,"Male","Secondary","Single",0
3818,2007-12-31,"Female","Secondary","Single",0
3819,1989-12-31,"Female","Technical","Single",2
3820,1999-12-31,"Male","Secondary","Widowed",2
3821,1976-12-31,"Female","Secondary","Married",0
3822,1982-12-31,"Female","Postgraduate","Single",2
3823,1987-12-31,"Male","Postgraduate","Married",2
3824,1983-12-31,"Female","University","Divorced",1
3825,1977-12-31,"Male","Postgraduate","Single",0
3826,1974-12-31,"Female","Postgraduate","Divorced",0
3827,1982-12-31,"Male","Secondary","Married",0
3828,1991-12-31,"Male","University","Married",1
3829,1983-12-31,"Female","Secondary","Single",1
3830,1985-12-31,"Female","Other","Married",1
3831,1982-12-31,"Female","Technical","Married",2
3832,1980-12-31,"Male","University","Married",2
3833,1992-12-31,"Male","University","Single",0
3834,2002-12-31,"Male","Technical","Married",2
3835,1984-12-31,"Male","University","Single",2
3836,1984-12-31,"Male","Secondary","Single",1
3837,1957-12-31,"Male","University","Married",2
3838,2002-12-31,"Female","Secondary","Single",3
3839,1983-12-31,"Male","University","Divorced",2
3840,1992-12-31,"Male","Technical","Divorced",2
3841,1964-12-31,"Female","Postgraduate","Widowed",0
3842,1977-12-31,"Male","Secondary","Married",3
3843,1993-12-31,"Female","Technical","Married",2
3844,1986-12-31,"Male","Secondary","Single",2
3845,1995-12-31,"Female","Secondary","Single",0
3846,1991-12-31,"Male","Technical","Single",1
3847,1991-12-31,"Female","Postgraduate","Married",3
3848,1995-12-31,"Male","Secondary","Married",0
3849,1973-12-31,"Female","Secondary","Married",4
3850,1989-12-31,"Female","University","Single",1
3851,1967-12-31,"Female","University","Single",1
3852,1974-12-31,"Female","University","Single",1
3853,1985-12-31,"Female","University","Married",0
3854,1987-12-31,"Male","Technical","Single",3
3855,1995-12-31,"Female","University","Single",0
3856,1998-12-31,"Male","Technical","Married",2
3857,1995-12-31,"Male","University","Married",0
3858,1969-12-31,"Male","University","Single",0
3859,1985-12-31,"Male","Secondary","Married",1
3860,1968-12-31,"Female","University","Married",2
3861,1984-12-31,"Male","Other","Divorced",0
3862,1978-12-31,"Female","Secondary","Single",2
3863,1981-12-31,"Female","Postgraduate","Divorced",1
3864,1984-12-31,"Male","Secondary","Single",1
3865,1993-12-31,"Female","Secondary","Divorced",0
3866,1993-12-31,"Male","University","Single",2
3867,1969-12-31,"Male","Secondary","Married",2
3868,1995-12-31,"Male","Postgraduate","Married",3
3869,1978-12-31,"Male","University","Single",0
3870,1985-12-31,"Male","Technical","Divorced",0
3871,1980-12-31,"Male","University","Widowed",2
3872,1977-12-31,"Other","Technical","Married",1
3873,1992-12-31,"Female","Secondary","Married",0
3874,1993-12-31,"Male","Other","Single",0
3875,1965-12-31,"Female","Technical","Single",3
3876,1969-12-31,"Male","Secondary","Widowed",1
3877,2007-12-31,"Male","Other","Married",1
3878,1993-12-31,"Female","Secondary","Married",1
3879,1988-12-31,"Female","University","Divorced",3
3880,2006-12-31,"Male","Technical","Single",1
3881,1971-12-31,"Male","Other","Divorced",0
3882,1968-12-31,"Male","Secondary","Single",1
3883,1989-12-31,"Male","University","Single",2
3884,1985-12-31,"Male","University","Single",3
3885,2007-12-31,"Female","Technical","Divorced",3
3886,1962-12-31,"Female","Secondary","Married",1
3887,1971-12-31,"Female","Technical","Married",0
3888,1998-12-31,"Female","University","Single",2
3889,1962-12-31,"Male","Technical","Married",1
3890,1971-12-31,"Male","Secondary","Single",0
3891,1969-12-31,"Male","Secondary","Married",2
3892,1997-12-31,"Female","University","Divorced",1
3893,1977-12-31,"Other","Secondary","Divorced",0
3894,1978-12-31,"Male","Technical","Single",2
3895,1978-12-31,"Male","University","Married",2
3896,1991-12-31,"Female","Technical","Single",1
3897,1991-12-31,"Male","University","Single",2
3898,1984-12-31,"Male","Postgraduate","Single",1
3899,1967-12-31,"Male","Secondary","Single",2
3900,1983-12-31,"Male","Secondary","Married",2
3901,1978-12-31,"Other","University","Single",2
3902,1967-12-31,"Male","Technical","Single",2
3903,1965-12-31,"Male","Technical","Single",2
3904,1975-12-31,"Female","Technical","Widowed",1
3905,1976-12-31,"Male","University","Single",1
3906,1962-12-31,"Female","University","Divorced",0
3907,1991-12-31,"Male","University","Widowed",1
3908,1998-12-31,"Male","Postgraduate","Single",2
3909,1989-12-31,"Male","Postgraduate","Married",1
3910,1973-12-31,"Female","University","Divorced",1
3911,1984-12-31,"Male","Technical","Married",2
3912,1977-12-31,"Female","University","Single",0
3913,1969-12-31,"Female","University","Married",3
3914,1997-12-31,"Female","Secondary","Widowed",2
3915,1988-12-31,"Female","Technical","Married",0
3916,1995-12-31,"Male","University","Divorced",1
3917,2003-12-31,"Male","Secondary","Married",1
3918,1994-12-31,"Female","Technical","Divorced",2
3919,1987-12-31,"Male","Secondary","Married",0
3920,1983-12-31,"Female","Other","Married",1
3921,1979-12-31,"Female","Technical","Married",1
3922,1997-12-31,"Male","Technical","Single",0
3923,1985-12-31,"Male","University","Single",1
3924,1973-12-31,"Male","University","Married",1
3925,1987-12-31,"Male","University","Single",1
3926,1982-12-31,"Female","Secondary","Single",1
3927,1967-12-31,"Female","Secondary","Single",1
3928,1985-12-31,"Male","Technical","Single",0
3929,1996-12-31,"Female","Secondary","Married",1
3930,1981-12-31,"Male","Postgraduate","Single",2
3931,1974-12-31,"Male","Secondary","Single",1
3932,1956-12-31,"Female","University","Single",2
3933,1972-12-31,"Male","Secondary","Married",2
3934,1968-12-31,"Female","Secondary","Single",1
3935,1965-12-31,"Female","Postgraduate","Single",0
3936,1974-12-31,"Male","Postgraduate","Single",0
3937,1964-12-31,"Male","Technical","Single",1
3938,1984-12-31,"Female","University","Married",2
3939,1979-12-31,"Female","Technical","Divorced",2
3940,1990-12-31,"Female","Postgraduate","Single",0
3941,1978-12-31,"Female","Secondary","Single",3
3942,1986-12-31,"Male","Postgraduate","Married",1
3943,1974-12-31,"Female","University","Married",1
3944,1993-12-31,"Female","Secondary","Single",0
3945,1982-12-31,"Male","Technical","Widowed",1
3946,1975-12-31,"Male","Technical","Single",1
3947,1977-12-31,"Female","Secondary","Married",3
3948,1978-12-31,"Female","Secondary","Married",0
3949,1970-12-31,"Male","University","Widowed",0
3950,1966-12-31,"Female","Technical","Divorced",0
3951,1987-12-31,"Male","Secondary","Married",2
3952,1986-12-31,"Male","Secondary","Divorced",4
3953,1969-12-31,"Male","Secondary","Married",1
3954,1977-12-31,"Male","Secondary","Single",3
3955,1995-12-31,"Female","University","Single",1
3956,1984-12-31,"Female","Secondary","Single",1
3957,1982-12-31,"Female","Secondary","Divorced",0
3958,1968-12-31,"Male","Postgraduate","Married",1
3959,1973-12-31,"Female","University","Divorced",2
3960,1980-12-31,"Female","Technical","Divorced",1
3961,1975-12-31,"Male","University","Married",1
3962,1994-12-31,"Male","University","Single",0
3963,1976-12-31,"Female","University","Single",0
3964,1961-12-31,"Female","University","Single",2
3965,1980-12-31,"Male","Technical","Married",3
3966,1988-12-31,"Male","University","Married",1
3967,1956-12-31,"Female","Other","Single",2
3968,1992-12-31,"Male","Technical","Married",2
3969,1968-12-31,"Female","Postgraduate","Single",2
3970,1997-12-31,"Female","Technical","Married",0
3971,1971-12-31,"Female","University","Married",1
3972,1993-12-31,"Female","Secondary","Married",1
3973,1994-12-31,"Male","Secondary","Married",2
3974,1994-12-31,"Male","University","Divorced",1
3975,2006-12-31,"Male","Technical","Single",2
3976,1973-12-31,"Male","Secondary","Married",0
3977,1970-12-31,"Male","Technical","Divorced",1
3978,1977-12-31,"Female","Technical","Married",3
3979,1970-12-31,"Female","Technical","Divorced",0
3980,1980-12-31,"Female","University","Widowed",1
3981,1962-12-31,"Female","University","Single",0
3982,1975-12-31,"Female","University","Married",0
3983,1989-12-31,"Female","Postgraduate","Married",0
3984,1996-12-31,"Female","Postgraduate","Single",0
3985,1989-12-31,"Male","Technical","Single",0
3986,1983-12-31,"Female","University","Married",0
3987,1987-12-31,"Female","Secondary","Single",0
3988,1971-12-31,"Female","Technical","Married",4
3989,1979-12-31,"Female","University","Single",0
3990,1992-12-31,"Male","University","Divorced",1
3991,1972-12-31,"Male","Postgraduate","Divorced",1
3992,1969-12-31,"Female","University","Single",2
3993,1964-12-31,"Male","Postgraduate","Single",1
3994,1979-12-31,"Male","University","Divorced",2
3995,1977-12-31,"Female","Secondary","Single",0
3996,1983-12-31,"Male","Technical","Married",0
3997,1966-12-31,"Female","Secondary","Single",1
3998,1984-12-31,"Female","Secondary","Single",0
3999,1979-12-31,"Male","Postgraduate","Married",0
4000,1979-12-31,"Female","Secondary","Married",3
4001,1995-12-31,"Male","University","Single",1
4002,1984-12-31,"Female","Technical","Single",2
4003,1980-12-31,"Female","Technical","Single",2
4004,1990-12-31,"Male","Technical","Married",2
4005,1994-12-31,"Male","Secondary","Married",0
4006,1980-12-31,"Female","Secondary","Single",2
4007,1972-12-31,"Male","Technical","Married",0
4008,1993-12-31,"Male","Secondary","Married",2
4009,1967-12-31,"Female","Secondary","Single",0
4010,1975-12-31,"Male","Postgraduate","Married",1
4011,1986-12-31,"Male","Secondary","Married",2
4012,1987-12-31,"Female","Postgraduate","Divorced",1
4013,1985-12-31,"Male","Secondary","Married",1
4014,1988-12-31,"Female","University","Single",1
4015,1988-12-31,"Female","Technical","Divorced",1
4016,1973-12-31,"Female","University","Married",1
4017,1996-12-31,"Male","University","Single",0
4018,1993-12-31,"Male","Secondary","Married",2
4019,1998-12-31,"Male","University","Married",1
4020,2007-12-31,"Female","Technical","Single",1
4021,2007-12-31,"Male","Technical","Divorced",1
4022,1977-12-31,"Female","University","Single",2
4023,1993-12-31,"Male","Technical","Single",2
4024,1977-12-31,"Female","University","Married",0
4025,1960-12-31,"Male","University","Widowed",0
4026,1970-12-31,"Male","Other","Single",3
4027,1982-12-31,"Female","Secondary","Single",0
4028,1999-12-31,"Female","Technical","Married",1
4029,2007-12-31,"Other","University","Married",2
4030,1972-12-31,"Female","Technical","Single",1
4031,1976-12-31,"Male","University","Widowed",2
4032,1994-12-31,"Female","Secondary","Widowed",3
4033,1986-12-31,"Other","Technical","Single",0
4034,1981-12-31,"Male","University","Married",3
4035,1981-12-31,"Female","Postgraduate","Single",1
4036,1982-12-31,"Female","Secondary","Married",2
4037,1985-12-31,"Female","University","Married",0
4038,1995-12-31,"Male","University","Single",1
4039,2007-12-31,"Male","Technical","Single",2
4040,1987-12-31,"Male","University","Married",0
4041,2007-12-31,"Female","Secondary","Single",0
4042,1976-12-31,"Female","University","Single",1
4043,1984-12-31,"Male","Technical","Single",0
4044,1962-12-31,"Female","University","Married",2
4045,1961-12-31,"Male","Secondary","Married",1
4046,1985-12-31,"Female","Technical","Single",1
4047,1965-12-31,"Female","Secondary","Single",1
4048,2007-12-31,"Male","University","Single",1
4049,1963-12-31,"Male","Technical","Married",1
4050,1988-12-31,"Male","Technical","Single",1
4051,1982-12-31,"Male","Technical","Divorced",2
4052,1993-12-31,"Female","Secondary","Single",1
4053,1968-12-31,"Female","Secondary","Married",4
4054,1964-12-31,"Male","University","Married",2
4055,1992-12-31,"Male","University","Single",3
4056,1974-12-31,"Female","Secondary","Single",3
4057,1989-12-31,"Male","Technical","Married",3
4058,1998-12-31,"Male","Secondary","Single",2
4059,1968-12-31,"Female","Secondary","Single",0
4060,1970-12-31,"Female","Other","Married",2
4061,1974-12-31,"Female","University","Single",0
4062,1982-12-31,"Male","University","Widowed",1
4063,1976-12-31,"Female","Secondary","Single",3
4064,1966-12-31,"Female","University","Widowed",1
4065,1983-12-31,"Male","Secondary","Married",4
4066,1981-12-31,"Female","Technical","Single",3
4067,1981-12-31,"Female","Secondary","Married",3
4068,1997-12-31,"Female","Technical","Married",4
4069,1968-12-31,"Female","University","Married",3
4070,1970-12-31,"Female","University","Married",0
4071,1978-12-31,"Female","University","Single",0
4072,1959-12-31,"Female","University","Single",2
4073,1961-12-31,"Male","Secondary","Single",0
4074,1994-12-31,"Female","Postgraduate","Married",1
4075,1975-12-31,"Male","Secondary","Single",0
4076,1983-12-31,"Male","Technical","Married",4
4077,1990-12-31,"Male","Technical","Married",2
4078,1962-12-31,"Male","Technical","Married",2
4079,1992-12-31,"Male","University","Single",1
4080,1990-12-31,"Male","University","Married",1
4081,1963-12-31,"Male","Technical","Married",1
4082,1969-12-31,"Female","Postgraduate","Married",1
4083,1999-12-31,"Male","University","Single",0
4084,1972-12-31,"Male","University","Married",1
4085,1984-12-31,"Female","Secondary","Married",4
4086,1990-12-31,"Male","Secondary","Married",1
4087,1971-12-31,"Female","Secondary","Married",2
4088,1974-12-31,"Male","University","Married",1
4089,1977-12-31,"Female","University","Single",2
4090,1975-12-31,"Male","University","Single",4
4091,1996-12-31,"Female","University","Married",1
4092,1979-12-31,"Male","Postgraduate","Widowed",2
4093,1984-12-31,"Female","University","Single",3
4094,1978-12-31,"Male","Secondary","Single",1
4095,1964-12-31,"Male","University","Divorced",3
4096,1984-12-31,"Female","Secondary","Widowed",2
4097,1960-12-31,"Male","Secondary","Married",1
4098,1994-12-31,"Male","Technical","Married",1
4099,1982-12-31,"Male","Secondary","Married",2
4100,1985-12-31,"Male","University","Divorced",0
4101,1997-12-31,"Male","University","Married",1
4102,1974-12-31,"Male","University","Widowed",1
4103,1970-12-31,"Male","Technical","Single",0
4104,1986-12-31,"Male","University","Single",0
4105,1977-12-31,"Male","Technical","Married",5
4106,1978-12-31,"Female","Other","Widowed",1
4107,2007-12-31,"Female","Technical","Single",4
4108,1968-12-31,"Male","Postgraduate","Widowed",1
4109,1980-12-31,"Male","Technical","Single",1
4110,1974-12-31,"Female","Secondary","Married",2
4111,1970-12-31,"Male","Postgraduate","Divorced",1
4112,1966-12-31,"Male","Technical","Married",0
4113,1989-12-31,"Male","Secondary","Married",0
4114,1979-12-31,"Female","Technical","Widowed",0
4115,1967-12-31,"Female","Technical","Married",2
4116,1997-12-31,"Female","Postgraduate","Single",1
4117,1989-12-31,"Male","Technical","Single",0
4118,1982-12-31,"Female","Secondary","Divorced",4
4119,1998-12-31,"Male","Technical","Married",2
4120,1962-12-31,"Female","Technical","Married",1
4121,1992-12-31,"Male","Technical","Married",1
4122,1981-12-31,"Male","Other","Single",0
4123,1968-12-31,"Female","Other","Single",3
4124,1973-12-31,"Male","Technical","Married",1
4125,1991-12-31,"Female","Postgraduate","Divorced",2
4126,1989-12-31,"Female","University","Single",1
4127,1987-12-31,"Female","Technical","Single",1
4128,1981-12-31,"Female","Secondary","Married",1
4129,1997-12-31,"Male","Secondary","Single",2
4130,1981-12-31,"Male","University","Married",2
4131,2005-12-31,"Male","Secondary","Single",1
4132,1979-12-31,"Male","University","Single",1
4133,1997-12-31,"Female","Postgraduate","Single",1
4134,1974-12-31,"Male","Secondary","Married",2
4135,1985-12-31,"Male","Secondary","Married",3
4136,1984-12-31,"Male","Technical","Single",3
4137,1978-12-31,"Male","Secondary","Married",2
4138,1977-12-31,"Male","University","Single",1
4139,1981-12-31,"Male","University","Divorced",1
4140,1999-12-31,"Female","University","Married",0
4141,2002-12-31,"Female","Technical","Single",1
4142,1999-12-31,"Female","Secondary","Married",3
4143,1975-12-31,"Male","University","Divorced",2
4144,1977-12-31,"Male","Technical","Married",0
4145,1985-12-31,"Male","University","Single",1
4146,1995-12-31,"Male","Technical","Single",2
4147,1981-12-31,"Male","Secondary","Divorced",1
4148,1995-12-31,"Female","Technical","Divorced",1
4149,1972-12-31,"Male","Secondary","Single",2
4150,1981-12-31,"Female","Technical","Single",2
4151,1976-12-31,"Female","Technical","Married",1
4152,1986-12-31,"Female","Secondary","Single",0
4153,1976-12-31,"Female","University","Single",0
4154,1970-12-31,"Male","University","Married",2
4155,1974-12-31,"Male","Secondary","Single",2
4156,1987-12-31,"Male","University","Married",3
4157,1997-12-31,"Female","University","Married",0
4158,1981-12-31,"Male","University","Married",1
4159,1983-12-31,"Male","University","Divorced",0
4160,1974-12-31,"Male","Secondary","Divorced",0
4161,1969-12-31,"Male","University","Married",2
4162,1986-12-31,"Female","Secondary","Married",2
4163,1979-12-31,"Female","University","Single",1
4164,1961-12-31,"Male","Secondary","Married",4
4165,1978-12-31,"Male","Other","Divorced",2
4166,1962-12-31,"Male","Technical","Married",4
4167,1998-12-31,"Male","Postgraduate","Married",3
4168,1998-12-31,"Female","Secondary","Divorced",0
4169,1966-12-31,"Female","Other","Married",1
4170,1998-12-31,"Female","Secondary","Single",1
4171,1992-12-31,"Male","Secondary","Married",0
4172,2007-12-31,"Male","Secondary","Divorced",1
4173,1980-12-31,"Female","Secondary","Married",0
4174,1975-12-31,"Female","Secondary","Widowed",2
4175,1954-12-31,"Male","University","Divorced",5
4176,1987-12-31,"Female","Secondary","Married",2
4177,1971-12-31,"Female","University","Widowed",0
4178,1988-12-31,"Female","University","Single",3
4179,1985-12-31,"Male","Secondary","Married",4
4180,1982-12-31,"Male","Technical","Divorced",0
4181,1980-12-31,"Male","University","Divorced",2
4182,1956-12-31,"Male","Technical","Divorced",0
4183,1989-12-31,"Female","Secondary","Single",0
4184,1995-12-31,"Female","University","Married",1
4185,1979-12-31,"Female","University","Married",0
4186,1980-12-31,"Male","Technical","Single",2
4187,1978-12-31,"Male","University","Divorced",0
4188,2007-12-31,"Other","University","Married",1
4189,1994-12-31,"Female","Technical","Married",1
4190,1977-12-31,"Male","University","Single",2
4191,1994-12-31,"Male","Secondary","Married",0
4192,1988-12-31,"Male","Secondary","Married",3
4193,1974-12-31,"Male","Technical","Married",1
4194,1980-12-31,"Male","University","Married",3
4195,1993-12-31,"Male","Secondary","Married",1
4196,1977-12-31,"Female","Technical","Married",1
4197,1989-12-31,"Other","Secondary","Single",0
4198,1987-12-31,"Female","Secondary","Divorced",1
4199,1989-12-31,"Male","University","Single",1
4200,1991-12-31,"Female","University","Married",2
4201,1976-12-31,"Male","University","Single",0
4202,1983-12-31,"Male","Secondary","Divorced",0
4203,1967-12-31,"Female","University","Married",4
4204,1982-12-31,"Male","University","Single",2
4205,2000-12-31,"Male","University","Single",1
4206,1993-12-31,"Female","Secondary","Married",1
4207,1995-12-31,"Male","University","Married",3
4208,1995-12-31,"Female","University","Widowed",1
4209,1992-12-31,"Female","University","Married",1
4210,1992-12-31,"Male","Secondary","Married",0
4211,1985-12-31,"Female","Technical","Widowed",0
4212,1989-12-31,"Male","Technical","Divorced",1
4213,1975-12-31,"Female","University","Married",2
4214,1990-12-31,"Male","Technical","Married",1
4215,1996-12-31,"Female","University","Divorced",1
4216,1979-12-31,"Female","Technical","Single",2
4217,1974-12-31,"Female","Secondary","Single",0
4218,1979-12-31,"Male","Other","Single",3
4219,1983-12-31,"Other","Secondary","Single",1
4220,1973-12-31,"Female","Technical","Single",1
4221,1987-12-31,"Male","University","Married",0
4222,1963-12-31,"Female","Postgraduate","Divorced",2
4223,1987-12-31,"Male","Secondary","Married",1
4224,1985-12-31,"Female","University","Married",0
4225,1979-12-31,"Male","Technical","Married",3
4226,1985-12-31,"Male","Secondary","Married",1
4227,1978-12-31,"Female","University","Married",1
4228,1987-12-31,"Female","Technical","Married",0
4229,1998-12-31,"Male","Secondary","Single",1
4230,1987-12-31,"Female","University","Single",1
4231,1983-12-31,"Male","Secondary","Single",0
4232,1976-12-31,"Male","Secondary","Married",0
4233,1975-12-31,"Male","University","Married",2
4234,1974-12-31,"Female","University","Married",2
4235,1953-12-31,"Male","Technical","Divorced",1
4236,2003-12-31,"Female","University","Married",2
4237,1995-12-31,"Female","University","Divorced",1
4238,1995-12-31,"Male","Secondary","Married",2
4239,1981-12-31,"Female","Technical","Single",2
4240,1963-12-31,"Female","Postgraduate","Single",0
4241,2001-12-31,"Female","Postgraduate","Married",0
4242,1998-12-31,"Female","University","Single",0
4243,1970-12-31,"Female","University","Married",0
4244,1977-12-31,"Female","Technical","Married",2
4245,1985-12-31,"Female","Technical","Single",0
4246,1990-12-31,"Female","University","Married",0
4247,1975-12-31,"Female","Secondary","Widowed",0
4248,1991-12-31,"Female","Technical","Single",2
4249,1979-12-31,"Male","Technical","Married",0
4250,1978-12-31,"Male","Technical","Single",0
4251,1997-12-31,"Female","Technical","Single",2
4252,1961-12-31,"Female","Technical","Married",0
4253,1972-12-31,"Male","University","Single",1
4254,1982-12-31,"Male","University","Divorced",0
4255,2007-12-31,"Male","Secondary","Single",1
4256,1995-12-31,"Female","University","Single",2
4257,1950-12-31,"Female","University","Widowed",0
4258,1977-12-31,"Female","Secondary","Divorced",2
4259,1996-12-31,"Male","Secondary","Married",2
4260,1983-12-31,"Male","University","Single",1
4261,1979-12-31,"Female","Secondary","Married",1
4262,1986-12-31,"Female","Secondary","Married",1
4263,1995-12-31,"Male","Secondary","Widowed",0
4264,1997-12-31,"Male","University","Divorced",1
4265,1976-12-31,"Male","Technical","Single",1
4266,1980-12-31,"Male","Technical","Single",0
4267,1999-12-31,"Male","Technical","Married",0
4268,1985-12-31,"Female","University","Single",1
4269,1978-12-31,"Female","Technical","Divorced",0
4270,1988-12-31,"Male","University","Single",2
4271,1977-12-31,"Male","Secondary","Single",0
4272,2003-12-31,"Female","Secondary","Single",1
4273,1970-12-31,"Male","Postgraduate","Married",1
4274,1984-12-31,"Female","Technical","Widowed",0
4275,1980-12-31,"Male","University","Married",1
4276,1977-12-31,"Male","Technical","Married",2
4277,1990-12-31,"Male","Technical","Married",2
4278,1975-12-31,"Female","University","Married",2
4279,1976-12-31,"Male","Other","Single",0
4280,1988-12-31,"Female","University","Married",2
4281,1981-12-31,"Female","University","Married",0
4282,1972-12-31,"Female","Secondary","Married",1
4283,1994-12-31,"Female","Secondary","Divorced",0
4284,1984-12-31,"Female","Secondary","Single",0
4285,1999-12-31,"Female","Technical","Single",1
4286,2002-12-31,"Male","Secondary","Widowed",2
4287,1982-12-31,"Female","Secondary","Married",0
4288,1984-12-31,"Female","Other","Married",1
4289,1979-12-31,"Female","Secondary","Married",2
4290,1981-12-31,"Male","University","Married",1
4291,1988-12-31,"Female","Technical","Widowed",0
4292,1976-12-31,"Male","Secondary","Married",1
4293,1970-12-31,"Male","Secondary","Single",1
4294,1975-12-31,"Male","Other","Married",0
4295,1986-12-31,"Female","Secondary","Single",3
4296,1990-12-31,"Female","Secondary","Married",4
4297,1967-12-31,"Female","University","Married",0
4298,1989-12-31,"Male","Postgraduate","Divorced",2
4299,1980-12-31,"Other","Postgraduate","Single",0
4300,1998-12-31,"Male","Technical","Single",0
4301,1973-12-31,"Female","University","Single",1
4302,1973-12-31,"Female","Postgraduate","Divorced",2
4303,2005-12-31,"Male","University","Married",0
4304,1995-12-31,"Female","University","Married",2
4305,1981-12-31,"Male","University","Single",1
4306,1991-12-31,"Male","Secondary","Single",1
4307,1972-12-31,"Male","Secondary","Widowed",1
4308,1973-12-31,"Male","Technical","Single",1
4309,1979-12-31,"Male","Technical","Single",1
4310,1976-12-31,"Male","Technical","Married",1
4311,1989-12-31,"Female","University","Married",0
4312,1984-12-31,"Male","Technical","Single",1
4313,1983-12-31,"Male","Postgraduate","Single",2
4314,1975-12-31,"Male","Secondary","Single",1
4315,1955-12-31,"Male","Secondary","Divorced",1
4316,1994-12-31,"Female","Secondary","Single",2
4317,1968-12-31,"Male","University","Married",2
4318,1981-12-31,"Male","Technical","Married",2
4319,1990-12-31,"Female","Secondary","Married",3
4320,1969-12-31,"Male","Postgraduate","Married",1
4321,1991-12-31,"Female","Technical","Married",4
4322,1979-12-31,"Male","Secondary","Widowed",0
4323,1982-12-31,"Female","University","Single",1
4324,1986-12-31,"Male","Technical","Married",0
4325,1981-12-31,"Male","University","Married",0
4326,1972-12-31,"Male","Secondary","Married",1
4327,1956-12-31,"Male","Secondary","Married",2
4328,1975-12-31,"Female","Secondary","Single",1
4329,1954-12-31,"Male","University","Single",3
4330,1981-12-31,"Male","Postgraduate","Single",1
4331,2007-12-31,"Female","University","Married",2
4332,1961-12-31,"Male","Secondary","Widowed",1
4333,2000-12-31,"Male","Secondary","Divorced",1
4334,1991-12-31,"Male","University","Single",0
4335,1982-12-31,"Female","Technical","Widowed",1
4336,1970-12-31,"Female","University","Married",0
4337,1955-12-31,"Male","Postgraduate","Married",1
4338,1980-12-31,"Female","Technical","Divorced",1
4339,1981-12-31,"Other","Secondary","Married",1
4340,1984-12-31,"Male","Technical","Single",1
4341,1976-12-31,"Male","University","Single",1
4342,1978-12-31,"Female","Technical","Single",2
4343,1994-12-31,"Female","Secondary","Married",0
4344,1979-12-31,"Female","Postgraduate","Single",1
4345,1999-12-31,"Male","Secondary","Married",1
4346,1974-12-31,"Male","Technical","Single",1
4347,1985-12-31,"Female","Secondary","Married",0
4348,1975-12-31,"Female","University","Married",2
4349,1991-12-31,"Female","Technical","Divorced",1
4350,1980-12-31,"Female","Technical","Married",0
4351,1996-12-31,"Male","Technical","Married",1
4352,1955-12-31,"Male","Secondary","Single",2
4353,1978-12-31,"Female","Secondary","Married",0
4354,1976-12-31,"Female","Technical","Married",1
4355,1981-12-31,"Male","University","Widowed",0
4356,1991-12-31,"Male","Technical","Married",4
4357,1956-12-31,"Male","Technical","Divorced",0
4358,1985-12-31,"Male","Secondary","Divorced",2
4359,1970-12-31,"Female","Other","Married",1
4360,1977-12-31,"Male","Technical","Single",0
4361,1996-12-31,"Female","Secondary","Single",1
4362,1977-12-31,"Female","Technical","Divorced",1
4363,1984-12-31,"Female","University","Married",1
4364,1974-12-31,"Female","Secondary","Single",2
4365,1984-12-31,"Female","Secondary","Single",0
4366,1982-12-31,"Male","University","Single",1
4367,1964-12-31,"Female","Secondary","Single",2
4368,1972-12-31,"Male","Secondary","Married",0
4369,1978-12-31,"Female","University","Single",0
4370,1972-12-31,"Female","Technical","Single",1
4371,1989-12-31,"Male","Technical","Married",1
4372,1973-12-31,"Male","University","Single",0
4373,1983-12-31,"Male","Secondary","Single",0
4374,1979-12-31,"Male","Secondary","Married",0
4375,1976-12-31,"Male","Secondary","Single",1
4376,1976-12-31,"Male","Secondary","Divorced",0
4377,1969-12-31,"Female","Technical","Single",1
4378,1991-12-31,"Female","Technical","Married",1
4379,2001-12-31,"Female","University","Divorced",1
4380,1983-12-31,"Male","University","Married",0
4381,1979-12-31,"Female","Secondary","Single",3
4382,1973-12-31,"Male","Postgraduate","Single",0
4383,1983-12-31,"Female","Technical","Single",3
4384,1987-12-31,"Female","University","Married",1
4385,1998-12-31,"Female","Technical","Single",0
4386,1987-12-31,"Female","Postgraduate","Married",0
4387,1986-12-31,"Female","University","Divorced",3
4388,2004-12-31,"Female","University","Divorced",0
4389,1994-12-31,"Female","Technical","Widowed",1
4390,2001-12-31,"Female","Secondary","Married",1
4391,1992-12-31,"Female","Secondary","Single",1
4392,1984-12-31,"Male","University","Married",1
4393,1984-12-31,"Male","Secondary","Single",2
4394,1977-12-31,"Female","University","Single",1
4395,2005-12-31,"Male","University","Widowed",1
4396,1987-12-31,"Female","Postgraduate","Divorced",3
4397,1990-12-31,"Female","University","Divorced",2
4398,1989-12-31,"Female","Secondary","Married",2
4399,1978-12-31,"Male","Secondary","Married",1
4400,1977-12-31,"Male","University","Single",1
4401,1992-12-31,"Male","Postgraduate","Single",1
4402,1983-12-31,"Female","Technical","Widowed",2
4403,1988-12-31,"Female","Secondary","Single",1
4404,1979-12-31,"Female","University","Divorced",0
4405,1970-12-31,"Male","University","Married",0
4406,1994-12-31,"Female","Other","Single",1
4407,1965-12-31,"Male","University","Married",2
4408,2004-12-31,"Male","Other","Married",1
4409,1970-12-31,"Male","Secondary","Married",5
4410,1971-12-31,"Male","University","Single",1
4411,1973-12-31,"Female","University","Married",1
4412,1992-12-31,"Male","Postgraduate","Married",1
4413,1981-12-31,"Male","Secondary","Single",2
4414,1989-12-31,"Female","Secondary","Single",1
4415,1999-12-31,"Female","Secondary","Single",0
4416,1987-12-31,"Male","University","Single",0
4417,1966-12-31,"Male","Secondary","Single",1
4418,2001-12-31,"Male","University","Married",1
4419,2000-12-31,"Female","Secondary","Married",0
4420,1984-12-31,"Male","Secondary","Married",1
4421,1984-12-31,"Female","Secondary","Married",0
4422,1963-12-31,"Male","University","Married",0
4423,1984-12-31,"Female","University","Single",2
4424,1991-12-31,"Female","University","Married",1
4425,2000-12-31,"Male","University","Married",2
4426,1979-12-31,"Female","Technical","Widowed",0
4427,1978-12-31,"Male","University","Married",2
4428,1987-12-31,"Female","Technical","Married",0
4429,1968-12-31,"Female","University","Single",1
4430,1983-12-31,"Female","Technical","Single",1
4431,1990-12-31,"Male","Secondary","Divorced",1
4432,1961-12-31,"Male","Secondary","Single",1
4433,1980-12-31,"Male","Postgraduate","Widowed",3
4434,1968-12-31,"Female","University","Single",0
4435,1991-12-31,"Female","Secondary","Single",2
4436,1992-12-31,"Female","Technical","Single",2
4437,1980-12-31,"Male","Secondary","Single",3
4438,1963-12-31,"Female","Secondary","Married",0
4439,1982-12-31,"Male","University","Married",1
4440,2007-12-31,"Female","Postgraduate","Married",1
4441,1986-12-31,"Female","Postgraduate","Divorced",1
4442,1979-12-31,"Male","University","Married",0
4443,2001-12-31,"Female","Secondary","Married",0
4444,1953-12-31,"Male","University","Married",0
4445,1995-12-31,"Male","Technical","Single",0
4446,2000-12-31,"Male","Secondary","Single",5
4447,1956-12-31,"Female","University","Divorced",3
4448,1984-12-31,"Male","Secondary","Married",2
4449,1953-12-31,"Female","Secondary","Married",4
4450,1988-12-31,"Male","Secondary","Married",0
4451,2007-12-31,"Other","Secondary","Single",2
4452,1998-12-31,"Male","University","Single",1
4453,1979-12-31,"Male","University","Married",1
4454,1979-12-31,"Female","Postgraduate","Married",1
4455,1977-12-31,"Male","Technical","Widowed",0
4456,1967-12-31,"Female","Technical","Single",1
4457,1986-12-31,"Male","Technical","Married",1
4458,1980-12-31,"Female","University","Single",1
4459,1982-12-31,"Male","Other","Married",0
4460,1986-12-31,"Female","Technical","Single",3
4461,1987-12-31,"Female","Technical","Married",2
4462,1974-12-31,"Male","University","Single",1
4463,1985-12-31,"Male","University","Married",0
4464,1990-12-31,"Male","Secondary","Single",1
4465,1961-12-31,"Male","University","Married",0
4466,1978-12-31,"Male","Secondary","Divorced",1
4467,1991-12-31,"Female","Technical","Single",1
4468,1987-12-31,"Female","Technical","Single",1
4469,1978-12-31,"Female","Secondary","Married",1
4470,1979-12-31,"Male","Technical","Divorced",0
4471,1971-12-31,"Female","Secondary","Married",0
4472,1996-12-31,"Female","Secondary","Single",1
4473,1970-12-31,"Female","Technical","Married",2
4474,1989-12-31,"Female","University","Married",0
4475,1983-12-31,"Male","Secondary","Married",2
4476,2001-12-31,"Other","University","Divorced",0
4477,2002-12-31,"Male","Secondary","Divorced",0
4478,1983-12-31,"Female","University","Married",2
4479,1967-12-31,"Female","Technical","Married",1
4480,1985-12-31,"Male","Postgraduate","Divorced",0
4481,1982-12-31,"Female","University","Married",0
4482,1986-12-31,"Male","University","Divorced",2
4483,1975-12-31,"Female","University","Married",1
4484,1988-12-31,"Female","Secondary","Married",1
4485,1973-12-31,"Male","Technical","Single",1
4486,1982-12-31,"Male","University","Single",2
4487,1960-12-31,"Male","University","Single",2
4488,1978-12-31,"Male","University","Single",1
4489,1980-12-31,"Female","Secondary","Divorced",1
4490,1982-12-31,"Male","University","Single",1
4491,1998-12-31,"Male","University","Single",0
4492,1980-12-31,"Female","Other","Married",0
4493,1977-12-31,"Female","Technical","Married",1
4494,1996-12-31,"Female","University","Married",2
4495,1987-12-31,"Male","Technical","Married",2
4496,1967-12-31,"Male","University","Single",2
4497,1969-12-31,"Male","Secondary","Single",1
4498,1986-12-31,"Female","University","Divorced",2
4499,1967-12-31,"Male","Secondary","Divorced",2
4500,1978-12-31,"Female","Technical","Divorced",0
4501,1976-12-31,"Female","Technical","Married",2
4502,2007-12-31,"Male","University","Single",1
4503,1968-12-31,"Male","University","Married",1
4504,1989-12-31,"Female","University","Married",1
4505,1973-12-31,"Male","University","Single",1
4506,1974-12-31,"Male","Secondary","Married",2
4507,1992-12-31,"Female","University","Married",2
4508,1963-12-31,"Female","University","Married",1
4509,1987-12-31,"Male","Secondary","Married",5
4510,2003-12-31,"Female","University","Married",1
4511,1997-12-31,"Male","University","Married",1
4512,1981-12-31,"Male","Secondary","Married",1
4513,1971-12-31,"Female","University","Single",0
4514,1969-12-31,"Female","University","Married",2
4515,1951-12-31,"Male","University","Single",1
4516,1986-12-31,"Female","Secondary","Married",0
4517,1989-12-31,"Male","University","Married",0
4518,1966-12-31,"Male","Technical","Married",1
4519,1974-12-31,"Male","Postgraduate","Single",0
4520,1996-12-31,"Male","Postgraduate","Single",4
4521,1994-12-31,"Male","Technical","Married",2
4522,2004-12-31,"Female","Secondary","Married",3
4523,1981-12-31,"Female","Technical","Divorced",2
4524,1991-12-31,"Male","Secondary","Single",1
4525,1956-12-31,"Female","Secondary","Single",2
4526,1999-12-31,"Male","University","Divorced",0
4527,1998-12-31,"Female","Secondary","Single",1
4528,1977-12-31,"Male","Technical","Single",1
4529,1981-12-31,"Female","Secondary","Married",2
4530,1982-12-31,"Female","Secondary","Married",0
4531,1979-12-31,"Female","University","Single",2
4532,1982-12-31,"Female","University","Widowed",2
4533,1967-12-31,"Female","Technical","Single",0
4534,1986-12-31,"Male","Technical","Married",2
4535,1958-12-31,"Male","Technical","Single",1
4536,1950-12-31,"Male","University","Married",1
4537,1973-12-31,"Male","Other","Single",4
4538,1958-12-31,"Male","Technical","Divorced",1
4539,1969-12-31,"Male","Technical","Single",0
4540,1988-12-31,"Female","Technical","Widowed",0
4541,1982-12-31,"Female","University","Married",0
4542,1973-12-31,"Female","Secondary","Married",0
4543,1979-12-31,"Male","Technical","Single",2
4544,1979-12-31,"Female","University","Single",0
4545,2007-12-31,"Male","University","Single",1
4546,1974-12-31,"Female","Secondary","Single",2
4547,1995-12-31,"Female","University","Married",1
4548,1972-12-31,"Female","University","Married",2
4549,2005-12-31,"Male","University","Married",0
4550,1969-12-31,"Female","Secondary","Single",1
4551,1966-12-31,"Female","University","Single",2
4552,1984-12-31,"Female","Secondary","Single",1
4553,1988-12-31,"Male","Postgraduate","Single",0
4554,2001-12-31,"Female","Secondary","Married",4
4555,1983-12-31,"Female","Technical","Married",2
4556,1975-12-31,"Male","Technical","Single",0
4557,1975-12-31,"Female","Secondary","Single",1
4558,1960-12-31,"Male","Secondary","Married",0
4559,1959-12-31,"Female","Postgraduate","Single",1
4560,1967-12-31,"Male","Technical","Single",1
4561,2000-12-31,"Female","Technical","Married",2
4562,1988-12-31,"Male","Secondary","Single",0
4563,1984-12-31,"Female","Technical","Married",2
4564,2007-12-31,"Male","Technical","Married",1
4565,1998-12-31,"Female","Secondary","Divorced",1
4566,1971-12-31,"Female","University","Married",1
4567,1988-12-31,"Male","Technical","Widowed",2
4568,1974-12-31,"Male","Technical","Married",4
4569,1985-12-31,"Female","University","Divorced",0
4570,1966-12-31,"Male","Secondary","Widowed",1
4571,1979-12-31,"Female","Other","Married",1
4572,2005-12-31,"Female","University","Widowed",1
4573,1995-12-31,"Male","Technical","Married",0
4574,1989-12-31,"Female","Technical","Single",0
4575,1950-12-31,"Female","Secondary","Married",5
4576,2001-12-31,"Other","Technical","Single",2
4577,1976-12-31,"Male","Secondary","Married",2
4578,1984-12-31,"Female","Secondary","Divorced",3
4579,1961-12-31,"Male","Secondary","Single",0
4580,1976-12-31,"Female","Technical","Married",1
4581,1994-12-31,"Female","University","Married",1
4582,1985-12-31,"Female","Technical","Single",0
4583,1989-12-31,"Male","Technical","Married",1
4584,1978-12-31,"Female","Secondary","Married",0
4585,1980-12-31,"Male","Secondary","Married",0
4586,1965-12-31,"Female","Secondary","Single",1
4587,1963-12-31,"Male","Postgraduate","Married",1
4588,1981-12-31,"Male","Technical","Single",1
4589,1979-12-31,"Female","Secondary","Divorced",3
4590,1988-12-31,"Female","Technical","Divorced",1
4591,1964-12-31,"Female","University","Single",1
4592,1964-12-31,"Female","Secondary","Married",0
4593,1973-12-31,"Female","Postgraduate","Widowed",1
4594,1983-12-31,"Male","Secondary","Divorced",0
4595,1972-12-31,"Female","Technical","Single",2
4596,1953-12-31,"Male","Secondary","Married",0
4597,1989-12-31,"Male","Technical","Married",2
4598,1968-12-31,"Female","Postgraduate","Married",0
4599,1959-12-31,"Other","Technical","Married",2
4600,1979-12-31,"Male","University","Married",1
4601,2001-12-31,"Female","Secondary","Single",3
4602,1973-12-31,"Male","Technical","Single",1
4603,1996-12-31,"Male","Secondary","Married",0
4604,2000-12-31,"Male","University","Single",1
4605,1964-12-31,"Male","Technical","Widowed",2
4606,2003-12-31,"Male","Secondary","Single",0
4607,1977-12-31,"Female","University","Single",0
4608,1981-12-31,"Male","Secondary","Married",1
4609,1983-12-31,"Female","Secondary","Married",1
4610,1972-12-31,"Female","Secondary","Single",4
4611,1963-12-31,"Female","University","Single",2
4612,1986-12-31,"Male","University","Single",1
4613,1996-12-31,"Female","Secondary","Married",2
4614,1993-12-31,"Male","Secondary","Single",0
4615,1982-12-31,"Male","University","Single",1
4616,1966-12-31,"Male","Secondary","Married",3
4617,1978-12-31,"Female","Technical","Married",0
4618,1981-12-31,"Male","Other","Married",0
4619,1989-12-31,"Male","Secondary","Single",1
4620,1957-12-31,"Female","University","Married",2
4621,1983-12-31,"Male","Secondary","Married",0
4622,2001-12-31,"Female","Secondary","Married",5
4623,2006-12-31,"Male","Secondary","Married",2
4624,1980-12-31,"Male","Other","Single",1
4625,1978-12-31,"Female","Secondary","Married",1
4626,1978-12-31,"Female","Other","Single",0
4627,1996-12-31,"Female","University","Single",2
4628,2007-12-31,"Male","University","Single",0
4629,1997-12-31,"Female","Secondary","Married",2
4630,1974-12-31,"Female","University","Single",3
4631,1993-12-31,"Male","University","Single",2
4632,1978-12-31,"Male","Secondary","Single",1
4633,1969-12-31,"Male","Secondary","Single",1
4634,1980-12-31,"Female","University","Married",2
4635,1962-12-31,"Male","Postgraduate","Single",1
4636,1981-12-31,"Male","Secondary","Married",2
4637,1996-12-31,"Male","Technical","Married",4
4638,2007-12-31,"Male","Secondary","Married",1
4639,1981-12-31,"Male","Technical","Single",1
4640,1973-12-31,"Male","Secondary","Single",3
4641,1976-12-31,"Other","University","Married",2
4642,1979-12-31,"Female","University","Married",3
4643,1987-12-31,"Other","Technical","Single",1
4644,1992-12-31,"Female","Technical","Single",0
4645,1996-12-31,"Male","University","Married",4
4646,1976-12-31,"Female","University","Married",1
4647,1990-12-31,"Other","Technical","Single",1
4648,1950-12-31,"Female","Secondary","Single",0
4649,1967-12-31,"Male","Postgraduate","Single",0
4650,1996-12-31,"Female","University","Married",4
4651,1998-12-31,"Female","University","Single",1
4652,1987-12-31,"Male","Secondary","Single",2
4653,1974-12-31,"Male","University","Widowed",1
4654,1969-12-31,"Female","University","Divorced",2
4655,1981-12-31,"Female","University","Single",1
4656,1985-12-31,"Female","University","Married",1
4657,1978-12-31,"Female","University","Single",0
4658,1956-12-31,"Female","Secondary","Married",0
4659,1964-12-31,"Female","Technical","Married",2
4660,1995-12-31,"Female","University","Married",1
4661,1971-12-31,"Male","Secondary","Single",1
4662,1990-12-31,"Male","University","Married",2
4663,1966-12-31,"Male","Postgraduate","Divorced",4
4664,1988-12-31,"Female","University","Single",0
4665,1979-12-31,"Female","Secondary","Married",0
4666,1981-12-31,"Male","University","Single",0
4667,1963-12-31,"Male","Secondary","Married",2
4668,1980-12-31,"Female","Secondary","Married",1
4669,1986-12-31,"Male","Technical","Single",3
4670,1972-12-31,"Male","Technical","Married",3
4671,1973-12-31,"Male","Secondary","Married",1
4672,1990-12-31,"Male","Technical","Single",3
4673,1968-12-31,"Male","Postgraduate","Married",1
4674,1983-12-31,"Male","Technical","Single",0
4675,1985-12-31,"Female","Technical","Married",0
4676,1980-12-31,"Female","Technical","Divorced",3
4677,1999-12-31,"Female","University","Widowed",1
4678,2003-12-31,"Female","Secondary","Single",0
4679,1981-12-31,"Female","Secondary","Single",2
4680,1983-12-31,"Male","University","Married",0
4681,1989-12-31,"Female","Postgraduate","Married",1
4682,1963-12-31,"Male","Secondary","Single",1
4683,1982-12-31,"Female","Technical","Single",1
4684,1982-12-31,"Male","Secondary","Single",0
4685,1979-12-31,"Female","Other","Married",0
4686,1978-12-31,"Female","Secondary","Single",2
4687,1982-12-31,"Female","Secondary","Single",1
4688,1980-12-31,"Female","Technical","Married",1
4689,1964-12-31,"Male","Technical","Married",0
4690,1959-12-31,"Female","Technical","Single",0
4691,1991-12-31,"Female","University","Married",1
4692,1986-12-31,"Female","University","Widowed",1
4693,1969-12-31,"Female","Technical","Married",1
4694,1980-12-31,"Male","Technical","Divorced",1
4695,1996-12-31,"Female","Secondary","Married",1
4696,1981-12-31,"Male","University","Married",2
4697,1973-12-31,"Female","University","Single",1
4698,2002-12-31,"Male","University","Married",2
4699,2005-12-31,"Male","Secondary","Married",1
4700,1979-12-31,"Male","Postgraduate","Married",5
4701,1986-12-31,"Female","University","Single",3
4702,1998-12-31,"Male","Secondary","Divorced",0
4703,1991-12-31,"Male","Technical","Married",1
4704,1973-12-31,"Male","Secondary","Single",1
4705,1975-12-31,"Female","Secondary","Married",3
4706,1992-12-31,"Male","Secondary","Single",2
4707,1977-12-31,"Female","University","Married",1
4708,1975-12-31,"Female","University","Married",1
4709,1983-12-31,"Male","Technical","Single",0
4710,1985-12-31,"Female","University","Widowed",1
4711,1984-12-31,"Female","University","Married",0
4712,1974-12-31,"Female","Secondary","Single",1
4713,1981-12-31,"Female","Secondary","Single",0
4714,1966-12-31,"Male","Secondary","Single",2
4715,1980-12-31,"Male","Technical","Divorced",0
4716,1966-12-31,"Male","Technical","Single",1
4717,1980-12-31,"Male","Secondary","Widowed",1
4718,1975-12-31,"Male","Secondary","Married",1
4719,1975-12-31,"Male","Other","Married",1
4720,1991-12-31,"Male","Secondary","Married",2
4721,1976-12-31,"Female","Secondary","Married",4
4722,1963-12-31,"Female","Technical","Married",2
4723,1995-12-31,"Male","University","Single",1
4724,1992-12-31,"Male","University","Widowed",0
4725,1998-12-31,"Female","Secondary","Married",1
4726,1985-12-31,"Male","Secondary","Married",0
4727,1977-12-31,"Male","Secondary","Single",1
4728,1997-12-31,"Male","University","Single",0
4729,1987-12-31,"Male","University","Widowed",1
4730,1978-12-31,"Male","Secondary","Single",1
4731,1990-12-31,"Female","Other","Single",0
4732,1985-12-31,"Female","Technical","Married",2
4733,1989-12-31,"Male","University","Married",1
4734,1989-12-31,"Female","Secondary","Single",1
4735,1996-12-31,"Male","Technical","Married",2
4736,1970-12-31,"Female","Postgraduate","Single",0
4737,2004-12-31,"Female","Secondary","Married",0
4738,1977-12-31,"Female","Secondary","Married",3
4739,1984-12-31,"Female","Technical","Single",1
4740,1975-12-31,"Female","Technical","Single",2
4741,1971-12-31,"Male","Technical","Married",0
4742,1978-12-31,"Male","Technical","Single",1
4743,1981-12-31,"Female","Technical","Married",1
4744,1971-12-31,"Female","University","Married",1
4745,1981-12-31,"Male","Technical","Single",2
4746,1984-12-31,"Male","Secondary","Married",2
4747,1975-12-31,"Male","Secondary","Single",2
4748,1986-12-31,"Male","Secondary","Single",2
4749,1989-12-31,"Male","Technical","Single",0
4750,1983-12-31,"Female","University","Married",0
4751,1987-12-31,"Male","University","Widowed",1
4752,1967-12-31,"Male","Secondary","Married",3
4753,1966-12-31,"Female","University","Single",0
4754,2004-12-31,"Female","Technical","Married",0
4755,1989-12-31,"Male","University","Single",0
4756,1965-12-31,"Female","Technical","Single",1
4757,1973-12-31,"Male","University","Single",1
4758,1993-12-31,"Male","Secondary","Married",4
4759,1977-12-31,"Male","University","Single",1
4760,2003-12-31,"Male","Postgraduate","Married",0
4761,1994-12-31,"Male","Secondary","Married",2
4762,1975-12-31,"Female","Secondary","Married",3
4763,1993-12-31,"Female","Postgraduate","Married",0
4764,1968-12-31,"Male","University","Married",2
4765,1989-12-31,"Male","Technical","Married",0
4766,1981-12-31,"Male","University","Single",0
4767,1982-12-31,"Male","University","Single",5
4768,1977-12-31,"Male","Technical","Married",1
4769,2001-12-31,"Female","Secondary","Married",3
4770,1989-12-31,"Male","Technical","Married",0
4771,1984-12-31,"Male","University","Married",1
4772,1995-12-31,"Female","University","Married",2
4773,1981-12-31,"Male","Secondary","Married",2
4774,1969-12-31,"Male","Technical","Single",1
4775,2002-12-31,"Female","Secondary","Married",2
4776,1979-12-31,"Female","University","Married",0
4777,1977-12-31,"Female","University","Married",0
4778,1983-12-31,"Female","Secondary","Single",3
4779,1972-12-31,"Male","Secondary","Single",1
4780,1987-12-31,"Female","University","Married",1
4781,1985-12-31,"Female","University","Single",1
4782,1982-12-31,"Male","Secondary","Single",4
4783,1973-12-31,"Female","Postgraduate","Widowed",3
4784,1985-12-31,"Female","University","Single",0
4785,1958-12-31,"Male","Secondary","Single",0
4786,1990-12-31,"Female","University","Single",0
4787,1977-12-31,"Male","Secondary","Married",2
4788,2007-12-31,"Female","Secondary","Single",1
4789,1981-12-31,"Female","Secondary","Married",0
4790,1995-12-31,"Male","Technical","Single",2
4791,1995-12-31,"Female","Secondary","Single",2
4792,1966-12-31,"Female","Secondary","Widowed",4
4793,1984-12-31,"Female","University","Married",2
4794,1970-12-31,"Male","Secondary","Married",1
4795,1987-12-31,"Female","University","Married",1
4796,1966-12-31,"Female","Postgraduate","Single",2
4797,1984-12-31,"Female","Secondary","Married",0
4798,1975-12-31,"Female","University","Single",0
4799,1978-12-31,"Male","University","Single",1
4800,1963-12-31,"Female","University","Divorced",2
4801,1999-12-31,"Male","University","Single",1
4802,1976-12-31,"Male","Technical","Married",2
4803,1997-12-31,"Male","Secondary","Married",0
4804,1974-12-31,"Female","Postgraduate","Married",0
4805,1977-12-31,"Female","Postgraduate","Married",0
4806,1991-12-31,"Female","University","Married",0
4807,1995-12-31,"Male","University","Single",2
4808,1968-12-31,"Female","Technical","Single",2
4809,1976-12-31,"Female","Technical","Married",0
4810,1992-12-31,"Male","University","Married",3
4811,1950-12-31,"Male","Postgraduate","Married",1
4812,1974-12-31,"Male","Secondary","Married",0
4813,1986-12-31,"Male","University","Married",0
4814,1996-12-31,"Male","Secondary","Single",1
4815,1978-12-31,"Female","Secondary","Single",1
4816,1978-12-31,"Female","University","Married",0
4817,1978-12-31,"Female","University","Single",3
4818,1967-12-31,"Female","Technical","Married",1
4819,1975-12-31,"Male","Postgraduate","Divorced",1
4820,1974-12-31,"Male","Technical","Married",0
4821,1988-12-31,"Female","University","Single",1
4822,1983-12-31,"Female","Technical","Single",2
4823,2007-12-31,"Male","Secondary","Single",0
4824,1992-12-31,"Female","Secondary","Single",2
4825,1979-12-31,"Male","University","Single",2
4826,1975-12-31,"Female","Technical","Married",1
4827,1974-12-31,"Male","Postgraduate","Married",0
4828,2007-12-31,"Female","Postgraduate","Married",3
4829,1958-12-31,"Female","University","Single",1
4830,1992-12-31,"Female","Secondary","Married",2
4831,2004-12-31,"Female","University","Married",0
4832,1988-12-31,"Male","Secondary","Divorced",0
4833,1983-12-31,"Female","Secondary","Married",1
4834,1969-12-31,"Male","Technical","Divorced",0
4835,1984-12-31,"Male","Secondary","Divorced",0
4836,1977-12-31,"Female","Technical","Married",2
4837,1964-12-31,"Male","Technical","Married",2
4838,1963-12-31,"Male","University","Single",0
4839,2007-12-31,"Male","Secondary","Married",1
4840,1978-12-31,"Male","Technical","Married",1
4841,1972-12-31,"Female","Secondary","Single",5
4842,1991-12-31,"Male","Secondary","Single",1
4843,1985-12-31,"Male","Secondary","Married",0
4844,1980-12-31,"Male","Postgraduate","Divorced",3
4845,1971-12-31,"Male","University","Single",2
4846,1981-12-31,"Male","Technical","Widowed",0
4847,1993-12-31,"Female","University","Single",0
4848,1989-12-31,"Male","Technical","Married",2
4849,1995-12-31,"Male","University","Single",1
4850,1973-12-31,"Female","Secondary","Married",4
4851,1998-12-31,"Female","University","Single",0
4852,1986-12-31,"Female","Secondary","Married",3
4853,1999-12-31,"Male","Secondary","Single",2
4854,1974-12-31,"Male","Technical","Single",3
4855,1982-12-31,"Female","University","Single",0
4856,1985-12-31,"Female","Technical","Divorced",2
4857,1977-12-31,"Female","University","Single",1
4858,1977-12-31,"Other","Other","Married",0
4859,1995-12-31,"Female","Technical","Single",1
4860,1953-12-31,"Female","Secondary","Divorced",1
4861,1976-12-31,"Male","Technical","Married",1
4862,1972-12-31,"Female","Secondary","Single",2
4863,1968-12-31,"Female","Technical","Married",0
4864,1980-12-31,"Male","Technical","Married",1
4865,1983-12-31,"Female","Technical","Married",3
4866,1996-12-31,"Male","University","Widowed",2
4867,1998-12-31,"Female","Postgraduate","Single",1
4868,1992-12-31,"Male","University","Divorced",0
4869,1979-12-31,"Female","Secondary","Single",1
4870,1990-12-31,"Female","Secondary","Single",1
4871,1974-12-31,"Female","Technical","Divorced",2
4872,1973-12-31,"Male","University","Married",3
4873,1977-12-31,"Female","Postgraduate","Widowed",1
4874,1972-12-31,"Male","Postgraduate","Single",2
4875,1967-12-31,"Male","Technical","Married",2
4876,1986-12-31,"Male","Postgraduate","Divorced",0
4877,1980-12-31,"Female","Technical","Single",0
4878,1994-12-31,"Male","University","Single",2
4879,1997-12-31,"Male","Technical","Married",0
4880,1993-12-31,"Female","Secondary","Married",2
4881,1981-12-31,"Female","Technical","Married",1
4882,1995-12-31,"Female","Secondary","Married",1
4883,1987-12-31,"Other","Secondary","Married",0
4884,1980-12-31,"Female","Other","Single",1
4885,1962-12-31,"Male","Secondary","Widowed",2
4886,1950-12-31,"Female","Secondary","Married",0
4887,1988-12-31,"Female","Secondary","Single",1
4888,1968-12-31,"Male","Technical","Married",0
4889,1970-12-31,"Male","University","Single",2
4890,1984-12-31,"Male","Secondary","Married",0
4891,1976-12-31,"Other","University","Divorced",4
4892,1960-12-31,"Male","Postgraduate","Married",1
4893,1973-12-31,"Female","Postgraduate","Single",0
4894,2001-12-31,"Female","Postgraduate","Married",1
4895,1991-12-31,"Female","University","Married",0
4896,1978-12-31,"Male","University","Single",1
4897,2006-12-31,"Female","Postgraduate","Single",1
4898,2004-12-31,"Male","University","Widowed",1
4899,1983-12-31,"Male","Secondary","Married",2
4900,1981-12-31,"Female","Secondary","Single",1
4901,1963-12-31,"Male","University","Married",2
4902,1981-12-31,"Male","Secondary","Divorced",4
4903,1972-12-31,"Female","University","Single",1
4904,1968-12-31,"Female","Secondary","Married",3
4905,1953-12-31,"Female","Secondary","Married",2
4906,1983-12-31,"Female","Secondary","Single",0
4907,1984-12-31,"Female","University","Married",2
4908,1982-12-31,"Male","Secondary","Single",1
4909,1979-12-31,"Female","University","Single",3
4910,1990-12-31,"Female","Secondary","Married",2
4911,1995-12-31,"Female","Other","Divorced",1
4912,1971-12-31,"Male","Technical","Single",0
4913,1996-12-31,"Female","Postgraduate","Single",1
4914,1971-12-31,"Female","University","Single",0
4915,1977-12-31,"Female","Secondary","Married",2
4916,1977-12-31,"Female","Other","Divorced",2
4917,1973-12-31,"Female","Technical","Single",0
4918,1969-12-31,"Female","Technical","Single",1
4919,1988-12-31,"Female","University","Married",0
4920,1987-12-31,"Female","University","Divorced",5
4921,1998-12-31,"Female","Technical","Divorced",1
4922,2007-12-31,"Male","Technical","Single",2
4923,2002-12-31,"Female","Secondary","Married",1
4924,1969-12-31,"Female","University","Married",2
4925,1982-12-31,"Male","Secondary","Married",2
4926,2000-12-31,"Male","University","Single",2
4927,1965-12-31,"Female","Secondary","Married",1
4928,1978-12-31,"Female","Secondary","Married",2
4929,1980-12-31,"Female","Other","Single",1
4930,1994-12-31,"Male","University","Married",0
4931,1978-12-31,"Male","University","Single",3
4932,1989-12-31,"Male","Technical","Married",0
4933,1974-12-31,"Female","Secondary","Married",0
4934,2003-12-31,"Male","Secondary","Single",3
4935,1973-12-31,"Female","University","Single",0
4936,1989-12-31,"Female","Technical","Divorced",1
4937,1956-12-31,"Female","University","Single",1
4938,1972-12-31,"Male","University","Divorced",2
4939,1975-12-31,"Female","University","Married",1
4940,1973-12-31,"Female","University","Single",1
4941,1978-12-31,"Male","Secondary","Single",4
4942,1992-12-31,"Female","Technical","Married",0
4943,1975-12-31,"Male","University","Single",1
4944,1973-12-31,"Female","University","Single",1
4945,1973-12-31,"Male","Secondary","Married",2
4946,1996-12-31,"Male","Other","Married",0
4947,1972-12-31,"Female","Secondary","Married",3
4948,1981-12-31,"Male","Secondary","Single",2
4949,1972-12-31,"Male","Technical","Single",0
4950,1994-12-31,"Male","Secondary","Single",0
4951,1988-12-31,"Male","University","Single",0
4952,1977-12-31,"Female","Secondary","Married",0
4953,1987-12-31,"Male","Secondary","Married",3
4954,1979-12-31,"Male","Secondary","Single",1
4955,1982-12-31,"Male","Postgraduate","Divorced",1
4956,1997-12-31,"Female","University","Divorced",0
4957,1980-12-31,"Female","University","Divorced",0
4958,1985-12-31,"Male","Technical","Married",2
4959,1969-12-31,"Female","Secondary","Single",2
4960,2000-12-31,"Male","Secondary","Married",2
4961,1986-12-31,"Female","Technical","Single",2
4962,1988-12-31,"Male","Technical","Single",1
4963,1998-12-31,"Female","Secondary","Single",0
4964,1990-12-31,"Female","Postgraduate","Single",0
4965,1989-12-31,"Female","Secondary","Married",0
4966,1974-12-31,"Female","Postgraduate","Single",0
4967,1996-12-31,"Female","Postgraduate","Divorced",1
4968,1966-12-31,"Female","University","Married",2
4969,2000-12-31,"Male","University","Single",1
4970,2002-12-31,"Male","Secondary","Widowed",0
4971,1962-12-31,"Male","Secondary","Single",0
4972,1988-12-31,"Female","University","Single",3
4973,1976-12-31,"Female","University","Single",2
4974,1974-12-31,"Male","Secondary","Divorced",0
4975,1982-12-31,"Female","Secondary","Married",1
4976,1984-12-31,"Male","Technical","Single",2
4977,1969-12-31,"Female","Technical","Married",0
4978,1963-12-31,"Male","Other","Single",1
4979,1982-12-31,"Male","Secondary","Divorced",1
4980,1994-12-31,"Female","University","Married",2
4981,1988-12-31,"Other","University","Married",0
4982,1995-12-31,"Female","University","Married",2
4983,1988-12-31,"Female","Postgraduate","Single",3
4984,1981-12-31,"Male","Secondary","Married",0
4985,1992-12-31,"Male","Secondary","Married",1
4986,2002-12-31,"Male","University","Married",0
4987,1986-12-31,"Female","Secondary","Single",0
4988,1997-12-31,"Male","Secondary","Divorced",2
4989,1976-12-31,"Male","Secondary","Single",1
4990,1970-12-31,"Female","Secondary","Married",0
4991,1966-12-31,"Female","Secondary","Single",0
4992,1992-12-31,"Male","Technical","Single",5
4993,1978-12-31,"Male","Secondary","Widowed",2
4994,1988-12-31,"Male","Technical","Married",3
4995,1985-12-31,"Female","University","Divorced",2
4996,1980-12-31,"Male","Technical","Divorced",2
4997,1976-12-31,"Female","University","Single",3
4998,1988-12-31,"Male","Technical","Married",4
4999,1981-12-31,"Male","Postgraduate","Married",0
5000,1986-12-31,"Male","Secondary","Married",4
5001,1990-12-31,"Male","University","Single",1
5002,1969-12-31,"Female","Secondary","Married",3
5003,1980-12-31,"Male","Secondary","Widowed",1
5004,2006-12-31,"Female","University","Single",3
5005,2002-12-31,"Male","University","Single",2
5006,1983-12-31,"Male","Technical","Married",2
5007,1990-12-31,"Male","University","Married",1
5008,1990-12-31,"Male","Technical","Single",1
5009,1978-12-31,"Female","Technical","Single",1
5010,1971-12-31,"Male","Technical","Divorced",2
5011,1982-12-31,"Male","University","Married",0
5012,1978-12-31,"Female","Secondary","Single",2
5013,1992-12-31,"Male","University","Married",2
5014,1980-12-31,"Male","Secondary","Married",0
5015,1997-12-31,"Male","Secondary","Married",0
5016,1997-12-31,"Male","Technical","Married",2
5017,1986-12-31,"Female","Postgraduate","Single",0
5018,1980-12-31,"Female","Secondary","Married",1
5019,1991-12-31,"Male","Secondary","Divorced",1
5020,1979-12-31,"Female","University","Divorced",1
5021,2003-12-31,"Female","Technical","Single",1
5022,1982-12-31,"Male","Secondary","Widowed",2
5023,1971-12-31,"Female","Secondary","Married",2
5024,1970-12-31,"Female","Technical","Married",2
5025,1993-12-31,"Male","Secondary","Married",1
5026,1990-12-31,"Male","University","Married",1
5027,1970-12-31,"Male","Technical","Single",2
5028,1965-12-31,"Male","University","Married",1
5029,1980-12-31,"Female","University","Married",3
5030,1975-12-31,"Female","University","Married",1
5031,1984-12-31,"Female","Technical","Divorced",1
5032,1995-12-31,"Male","Technical","Single",1
5033,1970-12-31,"Male","Technical","Married",2
5034,1985-12-31,"Female","University","Married",2
5035,1981-12-31,"Male","University","Married",1
5036,1963-12-31,"Female","University","Married",2
5037,1983-12-31,"Female","University","Married",1
5038,1961-12-31,"Female","Other","Single",2
5039,1987-12-31,"Female","Secondary","Widowed",0
5040,1997-12-31,"Female","Secondary","Single",0
5041,1979-12-31,"Female","Secondary","Married",1
5042,1975-12-31,"Female","Technical","Widowed",0
5043,1984-12-31,"Male","University","Divorced",1
5044,1979-12-31,"Female","University","Single",1
5045,1971-12-31,"Male","Secondary","Married",0
5046,1981-12-31,"Male","Secondary","Married",3
5047,1986-12-31,"Female","Technical","Single",0
5048,1969-12-31,"Male","Secondary","Divorced",2
5049,1976-12-31,"Female","Secondary","Married",3
5050,1973-12-31,"Female","Secondary","Divorced",2
5051,1987-12-31,"Male","University","Single",4
5052,1976-12-31,"Female","University","Single",0
5053,1974-12-31,"Male","Postgraduate","Single",1
5054,1991-12-31,"Female","Secondary","Married",0
5055,1991-12-31,"Male","Secondary","Widowed",1
5056,1999-12-31,"Male","Postgraduate","Married",0
5057,1981-12-31,"Female","Technical","Married",0
5058,1957-12-31,"Female","University","Married",1
5059,1971-12-31,"Male","University","Divorced",2
5060,1987-12-31,"Male","Technical","Single",1
5061,1990-12-31,"Male","Postgraduate","Married",1
5062,1994-12-31,"Female","Secondary","Single",3
5063,1981-12-31,"Female","University","Single",2
5064,1974-12-31,"Female","Secondary","Married",1
5065,1982-12-31,"Female","Secondary","Single",1
5066,1967-12-31,"Male","Technical","Single",0
5067,1963-12-31,"Female","Secondary","Single",1
5068,1998-12-31,"Female","University","Married",2
5069,1969-12-31,"Male","Secondary","Married",0
5070,1974-12-31,"Female","University","Married",1
5071,1984-12-31,"Male","Postgraduate","Married",0
5072,1985-12-31,"Female","Secondary","Divorced",1
5073,1974-12-31,"Female","Postgraduate","Single",0
5074,1974-12-31,"Male","University","Married",4
5075,1997-12-31,"Male","Secondary","Divorced",1
5076,1998-12-31,"Male","University","Married",1
5077,1988-12-31,"Female","Technical","Single",1
5078,1977-12-31,"Female","Secondary","Single",4
5079,1980-12-31,"Female","Technical","Single",1
5080,1989-12-31,"Male","University","Divorced",1
5081,2007-12-31,"Male","Postgraduate","Divorced",3
5082,1998-12-31,"Male","Secondary","Married",1
5083,1956-12-31,"Female","University","Single",4
5084,1955-12-31,"Female","Technical","Single",0
5085,1968-12-31,"Female","University","Widowed",1
5086,1981-12-31,"Male","Secondary","Married",1
5087,1983-12-31,"Male","Secondary","Divorced",3
5088,1966-12-31,"Male","Other","Married",2
5089,1963-12-31,"Female","Secondary","Single",4
5090,2007-12-31,"Female","Technical","Single",2
5091,1992-12-31,"Male","University","Married",1
5092,1978-12-31,"Male","University","Widowed",1
5093,1990-12-31,"Male","Technical","Married",2
5094,1980-12-31,"Male","University","Single",1
5095,1989-12-31,"Male","University","Married",3
5096,1977-12-31,"Male","Technical","Married",2
5097,1965-12-31,"Female","University","Married",2
5098,1978-12-31,"Female","University","Married",2
5099,1970-12-31,"Female","Secondary","Divorced",1
5100,1973-12-31,"Female","Technical","Single",1
5101,1978-12-31,"Male","Technical","Single",2
5102,1985-12-31,"Male","University","Single",2
5103,1981-12-31,"Male","Technical","Single",1
5104,1972-12-31,"Female","Technical","Single",1
5105,1985-12-31,"Female","Technical","Single",1
5106,1965-12-31,"Male","Technical","Divorced",2
5107,1982-12-31,"Male","Postgraduate","Married",2
5108,1990-12-31,"Male","Secondary","Married",3
5109,1978-12-31,"Female","Technical","Single",2
5110,2001-12-31,"Male","Secondary","Divorced",2
5111,1961-12-31,"Female","Technical","Married",1
5112,1993-12-31,"Female","Secondary","Divorced",1
5113,1989-12-31,"Female","Technical","Married",1
5114,1970-12-31,"Male","Technical","Married",2
5115,1974-12-31,"Male","University","Divorced",2
5116,1991-12-31,"Female","University","Married",2
5117,2004-12-31,"Other","Technical","Married",1
5118,1985-12-31,"Male","Secondary","Married",2
5119,1971-12-31,"Male","Secondary","Married",0
5120,1969-12-31,"Male","Postgraduate","Single",0
5121,1992-12-31,"Female","Secondary","Married",5
5122,1987-12-31,"Female","Secondary","Single",1
5123,1984-12-31,"Female","Technical","Divorced",1
5124,1981-12-31,"Male","University","Single",0
5125,1999-12-31,"Female","Technical","Married",0
5126,1984-12-31,"Female","University","Single",0
5127,1992-12-31,"Female","Secondary","Married",1
5128,1983-12-31,"Male","Secondary","Single",2
5129,2007-12-31,"Female","Secondary","Married",3
5130,1972-12-31,"Female","Secondary","Single",2
5131,1962-12-31,"Male","Technical","Married",2
5132,1990-12-31,"Male","Technical","Married",2
5133,1997-12-31,"Female","Technical","Married",0
5134,1994-12-31,"Female","Secondary","Married",1
5135,2002-12-31,"Female","Secondary","Married",1
5136,1981-12-31,"Male","Technical","Married",0
5137,1997-12-31,"Male","University","Single",0
5138,1970-12-31,"Female","Technical","Single",1
5139,1976-12-31,"Female","University","Married",2
5140,1979-12-31,"Male","Secondary","Single",2
5141,1968-12-31,"Male","University","Single",2
5142,1979-12-31,"Male","Secondary","Single",1
5143,2007-12-31,"Male","Postgraduate","Widowed",0
5144,1987-12-31,"Male","Secondary","Married",1
5145,1973-12-31,"Female","Secondary","Divorced",5
5146,1980-12-31,"Male","University","Married",1
5147,1989-12-31,"Male","University","Married",2
5148,1999-12-31,"Other","University","Married",3
5149,1968-12-31,"Male","University","Single",0
5150,1964-12-31,"Male","Secondary","Widowed",0
5151,1993-12-31,"Male","University","Married",2
5152,1981-12-31,"Male","Secondary","Single",1
5153,1990-12-31,"Female","Technical","Single",1
5154,1970-12-31,"Male","Secondary","Single",0
5155,1980-12-31,"Male","University","Married",0
5156,2004-12-31,"Female","Technical","Single",2
5157,1992-12-31,"Male","University","Single",3
5158,1982-12-31,"Female","Postgraduate","Married",2
5159,1992-12-31,"Female","Technical","Single",2
5160,1991-12-31,"Male","Technical","Single",0
5161,2004-12-31,"Male","Secondary","Single",2
5162,1991-12-31,"Male","University","Divorced",3
5163,1998-12-31,"Female","Secondary","Divorced",2
5164,1985-12-31,"Female","University","Married",0
5165,1983-12-31,"Female","Postgraduate","Single",0
5166,1985-12-31,"Male","Postgraduate","Single",2
5167,1979-12-31,"Female","Postgraduate","Divorced",0
5168,2006-12-31,"Female","Secondary","Single",4
5169,1968-12-31,"Male","Technical","Divorced",1
5170,1992-12-31,"Male","University","Single",1
5171,1961-12-31,"Female","University","Married",0
5172,1983-12-31,"Male","Technical","Married",1
5173,1971-12-31,"Female","University","Divorced",4
5174,1996-12-31,"Male","University","Married",2
5175,1986-12-31,"Female","Secondary","Widowed",0
5176,1967-12-31,"Other","Secondary","Single",1
5177,1983-12-31,"Male","Technical","Single",2
5178,2001-12-31,"Male","Secondary","Married",3
5179,1966-12-31,"Male","Technical","Married",1
5180,2000-12-31,"Male","Secondary","Single",0
5181,1994-12-31,"Female","University","Married",0
5182,1965-12-31,"Other","University","Single",4
5183,1966-12-31,"Female","Technical","Single",1
5184,1985-12-31,"Male","University","Single",4
5185,1974-12-31,"Male","University","Single",2
5186,1977-12-31,"Female","University","Married",0
5187,1972-12-31,"Female","University","Married",0
5188,1969-12-31,"Male","University","Single",1
5189,1991-12-31,"Male","Other","Married",0
5190,1977-12-31,"Male","University","Divorced",3
5191,1988-12-31,"Female","University","Married",1
5192,1974-12-31,"Female","Technical","Married",2
5193,1974-12-31,"Female","University","Married",2
5194,1978-12-31,"Female","Postgraduate","Married",1
5195,1979-12-31,"Male","Secondary","Single",1
5196,2007-12-31,"Female","University","Married",0
5197,1966-12-31,"Female","Secondary","Single",2
5198,1981-12-31,"Female","University","Married",0
5199,1970-12-31,"Female","Technical","Married",2
5200,1993-12-31,"Male","Technical","Divorced",2
5201,1971-12-31,"Female","Postgraduate","Widowed",2
5202,1986-12-31,"Male","Secondary","Divorced",1
5203,1987-12-31,"Male","Secondary","Married",1
5204,1978-12-31,"Female","Secondary","Single",3
5205,1989-12-31,"Male","Technical","Married",2
5206,1973-12-31,"Male","Technical","Divorced",2
5207,1993-12-31,"Female","Technical","Single",0
5208,1975-12-31,"Female","Technical","Married",2
5209,2003-12-31,"Female","Technical","Married",3
5210,1981-12-31,"Male","Postgraduate","Single",1
5211,1987-12-31,"Female","University","Married",0
5212,1993-12-31,"Male","Postgraduate","Single",0
5213,1984-12-31,"Female","Secondary","Single",0
5214,1982-12-31,"Male","University","Single",0
5215,1966-12-31,"Male","Technical","Widowed",1
5216,1974-12-31,"Female","Secondary","Single",2
5217,1971-12-31,"Male","Secondary","Married",2
5218,1968-12-31,"Female","Technical","Single",0
5219,1966-12-31,"Female","Technical","Married",3
5220,1991-12-31,"Female","Technical","Single",0
5221,1962-12-31,"Male","Secondary","Widowed",0
5222,1990-12-31,"Male","Secondary","Married",1
5223,1963-12-31,"Male","Secondary","Married",0
5224,1975-12-31,"Female","University","Single",1
5225,1968-12-31,"Female","University","Widowed",0
5226,1978-12-31,"Male","Technical","Single",3
5227,1992-12-31,"Female","University","Single",0
5228,1974-12-31,"Male","Technical","Married",1
5229,1987-12-31,"Male","Technical","Married",0
5230,1984-12-31,"Male","University","Single",2
5231,1972-12-31,"Male","Secondary","Single",0
5232,1998-12-31,"Female","Technical","Married",1
5233,1999-12-31,"Male","University","Married",1
5234,1970-12-31,"Female","University","Married",3
5235,1981-12-31,"Male","Secondary","Married",2
5236,1967-12-31,"Female","University","Married",1
5237,1989-12-31,"Female","University","Married",2
5238,1995-12-31,"Female","Technical","Single",1
5239,1975-12-31,"Male","Technical","Single",0
5240,1982-12-31,"Male","University","Single",2
5241,1976-12-31,"Female","University","Single",3
5242,2007-12-31,"Male","Secondary","Married",0
5243,1981-12-31,"Male","University","Married",0
5244,1986-12-31,"Male","University","Married",0
5245,1988-12-31,"Female","Secondary","Divorced",4
5246,1989-12-31,"Male","Technical","Divorced",1
5247,1989-12-31,"Female","University","Married",2
5248,1993-12-31,"Female","Secondary","Single",1
5249,2007-12-31,"Female","University","Married",2
5250,1973-12-31,"Male","University","Single",1
5251,2000-12-31,"Male","Secondary","Single",1
5252,2000-12-31,"Male","Technical","Single",0
5253,1990-12-31,"Other","University","Single",1
5254,1983-12-31,"Male","Secondary","Married",2
5255,1985-12-31,"Male","University","Single",0
5256,1987-12-31,"Female","Technical","Widowed",1
5257,1977-12-31,"Female","Technical","Widowed",2
5258,1990-12-31,"Male","University","Single",0
5259,1980-12-31,"Female","University","Divorced",0
5260,1968-12-31,"Female","University","Married",3
5261,1979-12-31,"Female","University","Widowed",3
5262,1980-12-31,"Male","University","Married",0
5263,1981-12-31,"Male","Secondary","Single",0
5264,1981-12-31,"Male","Technical","Married",2
5265,1976-12-31,"Female","Technical","Married",0
5266,1992-12-31,"Female","Postgraduate","Divorced",2
5267,2004-12-31,"Male","Technical","Divorced",1
5268,1999-12-31,"Female","University","Married",1
5269,1989-12-31,"Female","Secondary","Single",2
5270,1972-12-31,"Male","University","Married",2
5271,1999-12-31,"Female","University","Single",2
5272,1977-12-31,"Female","University","Single",0
5273,1993-12-31,"Male","University","Married",1
5274,2007-12-31,"Male","Technical","Married",1
5275,1984-12-31,"Male","University","Married",1
5276,1986-12-31,"Female","University","Divorced",0
5277,1976-12-31,"Female","University","Married",2
5278,1983-12-31,"Female","Secondary","Married",4
5279,1976-12-31,"Female","Secondary","Single",1
5280,2007-12-31,"Female","Secondary","Single",2
5281,1984-12-31,"Male","University","Single",0
5282,2000-12-31,"Male","University","Married",0
5283,1993-12-31,"Female","Technical","Married",3
5284,1990-12-31,"Male","Postgraduate","Married",1
5285,1966-12-31,"Female","Technical","Married",1
5286,1969-12-31,"Male","Secondary","Single",0
5287,1982-12-31,"Female","Secondary","Single",2
5288,1990-12-31,"Female","Postgraduate","Widowed",0
5289,1979-12-31,"Male","Technical","Married",0
5290,1983-12-31,"Male","Secondary","Married",2
5291,2000-12-31,"Female","University","Married",0
5292,1981-12-31,"Male","Secondary","Married",0
5293,1974-12-31,"Male","Secondary","Married",2
5294,1997-12-31,"Male","Technical","Single",1
5295,1968-12-31,"Male","Secondary","Single",2
5296,1983-12-31,"Male","University","Single",3
5297,1990-12-31,"Female","University","Single",2
5298,2007-12-31,"Male","Secondary","Single",2
5299,1993-12-31,"Female","Secondary","Single",2
5300,1996-12-31,"Male","Secondary","Single",2
5301,1982-12-31,"Female","Secondary","Married",3
5302,1991-12-31,"Female","Technical","Divorced",3
5303,1977-12-31,"Female","University","Single",0
5304,1983-12-31,"Male","Technical","Married",1
5305,2004-12-31,"Female","Secondary","Single",2
5306,1992-12-31,"Male","Secondary","Widowed",0
5307,1970-12-31,"Male","Technical","Single",4
5308,1981-12-31,"Female","Technical","Married",3
5309,1970-12-31,"Male","Postgraduate","Married",1
5310,1994-12-31,"Female","Technical","Married",0
5311,1982-12-31,"Male","Secondary","Single",2
5312,1984-12-31,"Female","University","Married",4
5313,1970-12-31,"Male","Secondary","Divorced",3
5314,1972-12-31,"Male","Secondary","Married",1
5315,1963-12-31,"Female","Technical","Single",2
5316,1991-12-31,"Male","Secondary","Single",0
5317,1991-12-31,"Female","Secondary","Married",0
5318,2007-12-31,"Male","Technical","Single",1
5319,1977-12-31,"Female","Secondary","Single",0
5320,1971-12-31,"Female","Secondary","Married",0
5321,1973-12-31,"Female","University","Married",2
5322,1990-12-31,"Female","Secondary","Single",0
5323,1985-12-31,"Female","Secondary","Married",2
5324,1968-12-31,"Female","Secondary","Single",2
5325,2001-12-31,"Female","Secondary","Single",1
5326,1981-12-31,"Male","University","Married",1
5327,1982-12-31,"Female","Postgraduate","Married",1
5328,1987-12-31,"Male","University","Divorced",2
5329,1981-12-31,"Female","Secondary","Married",0
5330,1971-12-31,"Female","Technical","Married",1
5331,1989-12-31,"Female","University","Widowed",1
5332,1985-12-31,"Female","Technical","Married",0
5333,1962-12-31,"Female","Postgraduate","Married",0
5334,1980-12-31,"Female","Secondary","Married",1
5335,1982-12-31,"Male","Technical","Single",0
5336,2005-12-31,"Male","University","Married",0
5337,1997-12-31,"Female","Secondary","Single",1
5338,1998-12-31,"Male","Postgraduate","Single",1
5339,1993-12-31,"Male","Secondary","Widowed",1
5340,1987-12-31,"Female","University","Married",2
5341,1956-12-31,"Male","Secondary","Married",2
5342,1990-12-31,"Male","Technical","Divorced",1
5343,1977-12-31,"Male","Postgraduate","Single",2
5344,1972-12-31,"Male","University","Married",1
5345,1969-12-31,"Female","Secondary","Single",2
5346,1997-12-31,"Male","University","Married",1
5347,1994-12-31,"Male","University","Married",0
5348,1961-12-31,"Female","University","Married",0
5349,1992-12-31,"Female","Technical","Married",2
5350,1951-12-31,"Male","University","Married",0
5351,1976-12-31,"Male","Postgraduate","Divorced",2
5352,1975-12-31,"Male","Secondary","Single",1
5353,1986-12-31,"Male","University","Single",4
5354,1989-12-31,"Male","University","Married",3
5355,1973-12-31,"Female","Technical","Widowed",0
5356,1983-12-31,"Male","Postgraduate","Widowed",2
5357,1993-12-31,"Female","Technical","Married",0
5358,2001-12-31,"Male","University","Single",2
5359,1988-12-31,"Male","Secondary","Married",0
5360,1962-12-31,"Male","Technical","Single",4
5361,1963-12-31,"Male","Secondary","Married",1
5362,2004-12-31,"Female","University","Single",0
5363,2001-12-31,"Male","Secondary","Married",3
5364,1992-12-31,"Male","University","Married",3
5365,1965-12-31,"Female","Technical","Widowed",0
5366,1997-12-31,"Male","University","Married",0
5367,1998-12-31,"Female","University","Married",0
5368,1994-12-31,"Female","Technical","Single",0
5369,1976-12-31,"Female","Postgraduate","Married",0
5370,1993-12-31,"Male","Technical","Single",1
5371,1987-12-31,"Male","Secondary","Married",1
5372,1993-12-31,"Male","Secondary","Married",2
5373,1984-12-31,"Male","Secondary","Married",0
5374,1967-12-31,"Other","Postgraduate","Single",1
5375,1965-12-31,"Male","Technical","Married",3
5376,1979-12-31,"Female","University","Married",2
5377,1990-12-31,"Male","University","Married",1
5378,1990-12-31,"Other","Secondary","Married",2
5379,1987-12-31,"Male","Other","Single",1
5380,1988-12-31,"Male","University","Married",3
5381,1965-12-31,"Female","Secondary","Married",2
5382,1985-12-31,"Male","Technical","Married",3
5383,1968-12-31,"Male","University","Married",4
5384,1991-12-31,"Female","Secondary","Married",0
5385,1975-12-31,"Male","Postgraduate","Married",2
5386,1977-12-31,"Male","Secondary","Single",0
5387,1985-12-31,"Female","Secondary","Married",1
5388,2000-12-31,"Female","Secondary","Single",1
5389,1969-12-31,"Female","Secondary","Married",1
5390,1982-12-31,"Male","University","Married",1
5391,1993-12-31,"Male","University","Single",0
5392,1977-12-31,"Female","Technical","Single",2
5393,1985-12-31,"Female","Technical","Widowed",0
5394,1995-12-31,"Male","University","Single",0
5395,1981-12-31,"Female","Secondary","Single",2
5396,1989-12-31,"Male","Technical","Single",0
5397,1986-12-31,"Male","University","Single",0
5398,1979-12-31,"Female","Technical","Divorced",1
5399,1995-12-31,"Female","Secondary","Divorced",0
5400,1971-12-31,"Female","Technical","Single",2
5401,1970-12-31,"Male","Secondary","Single",1
5402,1979-12-31,"Male","University","Married",2
5403,1963-12-31,"Male","University","Married",1
5404,1990-12-31,"Female","University","Married",1
5405,1980-12-31,"Male","University","Married",3
5406,1997-12-31,"Male","Technical","Married",2
5407,1985-12-31,"Male","Secondary","Single",2
5408,1962-12-31,"Male","Postgraduate","Married",3
5409,1968-12-31,"Female","University","Single",0
5410,1976-12-31,"Female","Secondary","Married",1
5411,1983-12-31,"Male","University","Married",0
5412,1988-12-31,"Female","University","Married",2
5413,1970-12-31,"Female","University","Married",2
5414,1977-12-31,"Female","Secondary","Married",1
5415,1987-12-31,"Male","Secondary","Married",1
5416,1986-12-31,"Female","Secondary","Married",1
5417,1983-12-31,"Female","Postgraduate","Divorced",1
5418,1974-12-31,"Female","Technical","Married",1
5419,1972-12-31,"Female","University","Single",0
5420,2007-12-31,"Male","University","Married",1
5421,1978-12-31,"Female","Technical","Married",2
5422,1972-12-31,"Male","Secondary","Married",1
5423,1975-12-31,"Male","University","Married",0
5424,1971-12-31,"Male","Technical","Married",3
5425,1983-12-31,"Female","Technical","Single",1
5426,1982-12-31,"Other","Secondary","Married",0
5427,1970-12-31,"Female","Technical","Married",2
5428,1971-12-31,"Male","Secondary","Single",1
5429,1980-12-31,"Female","Postgraduate","Single",3
5430,1992-12-31,"Female","Secondary","Married",2
5431,1985-12-31,"Female","Postgraduate","Single",1
5432,1987-12-31,"Female","Other","Single",3
5433,2007-12-31,"Male","University","Single",0
5434,1991-12-31,"Male","Secondary","Single",0
5435,1979-12-31,"Female","Postgraduate","Married",1
5436,1987-12-31,"Female","Secondary","Married",1
5437,1986-12-31,"Female","University","Married",1
5438,1980-12-31,"Female","Technical","Married",2
5439,1975-12-31,"Male","Secondary","Married",1
5440,1965-12-31,"Female","Postgraduate","Married",0
5441,2003-12-31,"Female","Technical","Married",3
5442,1999-12-31,"Female","Secondary","Single",1
5443,1964-12-31,"Female","Secondary","Divorced",0
5444,1973-12-31,"Female","Other","Single",0
5445,1989-12-31,"Female","Secondary","Single",2
5446,1977-12-31,"Male","University","Married",0
5447,1982-12-31,"Female","Technical","Single",1
5448,1989-12-31,"Female","Secondary","Married",2
5449,2000-12-31,"Female","University","Single",3
5450,1984-12-31,"Female","University","Married",2
5451,2001-12-31,"Male","Secondary","Married",1
5452,1956-12-31,"Female","University","Married",1
5453,1981-12-31,"Other","Secondary","Married",2
5454,1985-12-31,"Male","University","Married",1
5455,1991-12-31,"Female","Technical","Married",1
5456,1989-12-31,"Female","Postgraduate","Single",1
5457,1984-12-31,"Male","University","Married",2
5458,1970-12-31,"Male","Secondary","Married",1
5459,1987-12-31,"Male","University","Married",1
5460,1985-12-31,"Female","Technical","Single",1
5461,2003-12-31,"Female","Postgraduate","Single",0
5462,2007-12-31,"Male","Postgraduate","Single",1
5463,1982-12-31,"Female","University","Married",2
5464,1966-12-31,"Male","University","Divorced",2
5465,2001-12-31,"Male","Postgraduate","Divorced",2
5466,1970-12-31,"Female","Technical","Married",2
5467,1965-12-31,"Female","Technical","Married",1
5468,1969-12-31,"Male","Technical","Single",2
5469,1996-12-31,"Male","University","Single",1
5470,2007-12-31,"Male","Technical","Divorced",0
5471,1987-12-31,"Female","University","Single",1
5472,1992-12-31,"Male","Technical","Married",2
5473,1974-12-31,"Male","University","Single",2
5474,1954-12-31,"Other","Secondary","Married",3
5475,1990-12-31,"Female","University","Single",2
5476,1984-12-31,"Female","Technical","Single",1
5477,1979-12-31,"Male","Technical","Married",1
5478,2002-12-31,"Male","Secondary","Married",1
5479,1970-12-31,"Male","University","Divorced",2
5480,1996-12-31,"Male","Secondary","Married",0
5481,1983-12-31,"Male","University","Married",5
5482,1973-12-31,"Female","Secondary","Single",0
5483,1989-12-31,"Female","Secondary","Divorced",1
5484,1982-12-31,"Female","Technical","Divorced",2
5485,1996-12-31,"Female","Technical","Single",1
5486,1989-12-31,"Male","Secondary","Married",1
5487,1972-12-31,"Male","University","Single",0
5488,1969-12-31,"Female","University","Married",0
5489,1969-12-31,"Female","Postgraduate","Married",1
5490,2005-12-31,"Male","University","Widowed",1
5491,1978-12-31,"Female","Postgraduate","Single",4
5492,1968-12-31,"Male","University","Single",1
5493,1991-12-31,"Male","University","Single",1
5494,1989-12-31,"Male","University","Married",1
5495,1975-12-31,"Male","University","Widowed",1
5496,1964-12-31,"Female","Technical","Single",0
5497,1982-12-31,"Female","Technical","Divorced",2
5498,1960-12-31,"Female","Technical","Widowed",3
5499,1957-12-31,"Female","Secondary","Married",1
5500,2007-12-31,"Male","Secondary","Married",0
5501,1991-12-31,"Male","University","Married",0
5502,1978-12-31,"Female","University","Married",2
5503,1981-12-31,"Female","University","Single",0
5504,1962-12-31,"Female","Secondary","Married",0
5505,1978-12-31,"Male","University","Married",3
5506,2002-12-31,"Female","Technical","Married",0
5507,1976-12-31,"Male","Secondary","Married",0
5508,1979-12-31,"Male","Technical","Single",0
5509,1978-12-31,"Female","University","Married",0
5510,1983-12-31,"Male","Secondary","Married",4
5511,1980-12-31,"Female","University","Single",1
5512,1964-12-31,"Female","Technical","Married",0
5513,1989-12-31,"Male","Technical","Widowed",3
5514,1974-12-31,"Male","University","Married",2
5515,1996-12-31,"Male","University","Single",0
5516,1983-12-31,"Male","Technical","Single",4
5517,1990-12-31,"Male","Secondary","Single",0
5518,1980-12-31,"Male","Secondary","Single",1
5519,1975-12-31,"Male","University","Married",1
5520,1994-12-31,"Other","Technical","Single",0
5521,2006-12-31,"Male","University","Married",2
5522,1969-12-31,"Female","University","Married",4
5523,1995-12-31,"Male","University","Single",0
5524,2005-12-31,"Female","Postgraduate","Widowed",3
5525,1989-12-31,"Male","University","Married",1
5526,1972-12-31,"Male","Secondary","Married",3
5527,1967-12-31,"Male","University","Single",3
5528,1964-12-31,"Male","University","Married",1
5529,1995-12-31,"Male","Secondary","Single",2
5530,1981-12-31,"Female","Technical","Single",3
5531,1982-12-31,"Female","University","Married",2
5532,1996-12-31,"Male","Other","Married",2
5533,1994-12-31,"Male","Secondary","Married",0
5534,1981-12-31,"Female","Technical","Divorced",0
5535,1980-12-31,"Female","University","Married",0
5536,1986-12-31,"Male","University","Married",2
5537,1980-12-31,"Female","University","Single",1
5538,1976-12-31,"Female","University","Divorced",0
5539,1964-12-31,"Female","Other","Single",2
5540,1983-12-31,"Male","University","Single",1
5541,1981-12-31,"Female","Secondary","Married",0
5542,1974-12-31,"Female","Technical","Married",3
5543,1988-12-31,"Female","University","Married",1
5544,1984-12-31,"Female","Secondary","Married",1
5545,1987-12-31,"Female","Postgraduate","Married",1
5546,1989-12-31,"Female","Technical","Single",1
5547,1976-12-31,"Female","University","Single",3
5548,1978-12-31,"Male","University","Widowed",1
5549,1999-12-31,"Male","Technical","Single",1
5550,1981-12-31,"Female","University","Married",2
5551,1989-12-31,"Female","Secondary","Married",4
5552,1975-12-31,"Female","Secondary","Married",0
5553,1979-12-31,"Female","Secondary","Single",1
5554,1982-12-31,"Male","University","Married",1
5555,1963-12-31,"Male","Secondary","Single",3
5556,1985-12-31,"Male","University","Single",0
5557,1971-12-31,"Male","University","Married",2
5558,1983-12-31,"Female","Secondary","Single",3
5559,1974-12-31,"Male","Technical","Divorced",0
5560,1981-12-31,"Male","Other","Divorced",0
5561,1985-12-31,"Female","Secondary","Divorced",3
5562,1986-12-31,"Male","University","Married",2
5563,1990-12-31,"Female","Secondary","Married",3
5564,1993-12-31,"Female","Secondary","Single",2
5565,1986-12-31,"Male","University","Married",0
5566,1961-12-31,"Male","University","Single",0
5567,1976-12-31,"Female","University","Married",2
5568,1999-12-31,"Male","Technical","Divorced",1
5569,1966-12-31,"Male","Secondary","Single",2
5570,1984-12-31,"Male","University","Single",1
5571,1980-12-31,"Female","Technical","Single",0
5572,1971-12-31,"Male","Secondary","Married",0
5573,1967-12-31,"Female","Postgraduate","Divorced",2
5574,1985-12-31,"Male","Technical","Divorced",3
5575,1989-12-31,"Female","Secondary","Divorced",1
5576,1988-12-31,"Female","Secondary","Single",2
5577,1992-12-31,"Female","Technical","Single",0
5578,1978-12-31,"Female","University","Married",3
5579,1982-12-31,"Male","University","Widowed",2
5580,1960-12-31,"Female","Secondary","Single",1
5581,2001-12-31,"Female","University","Single",2
5582,1981-12-31,"Male","Secondary","Divorced",2
5583,1975-12-31,"Male","University","Divorced",0
5584,1988-12-31,"Male","Technical","Married",1
5585,1977-12-31,"Other","Technical","Divorced",0
5586,1971-12-31,"Female","University","Single",1
5587,1996-12-31,"Female","University","Married",1
5588,1992-12-31,"Male","University","Single",1
5589,1992-12-31,"Male","University","Single",0
5590,2002-12-31,"Male","University","Divorced",1
5591,2001-12-31,"Male","University","Married",1
5592,1987-12-31,"Female","Secondary","Single",2
5593,1969-12-31,"Male","University","Single",0
5594,1974-12-31,"Female","University","Married",1
5595,2004-12-31,"Male","Secondary","Single",1
5596,1985-12-31,"Female","Secondary","Single",2
5597,1983-12-31,"Male","Secondary","Married",0
5598,1989-12-31,"Male","Secondary","Married",1
5599,2000-12-31,"Male","Technical","Married",3
5600,1985-12-31,"Male","Secondary","Married",3
5601,1976-12-31,"Female","Technical","Widowed",0
5602,1982-12-31,"Female","University","Married",1
5603,1960-12-31,"Female","Secondary","Married",0
5604,1974-12-31,"Female","University","Divorced",1
5605,1969-12-31,"Male","Secondary","Married",0
5606,1984-12-31,"Other","Secondary","Divorced",3
5607,1960-12-31,"Male","Secondary","Married",2
5608,1979-12-31,"Male","University","Divorced",2
5609,1976-12-31,"Female","Secondary","Married",1
5610,1981-12-31,"Male","Secondary","Married",0
5611,1966-12-31,"Male","Technical","Single",4
5612,1999-12-31,"Male","Secondary","Married",2
5613,2000-12-31,"Female","University","Married",1
5614,1997-12-31,"Female","Secondary","Married",1
5615,1973-12-31,"Male","Postgraduate","Single",0
5616,1966-12-31,"Female","Postgraduate","Single",1
5617,1994-12-31,"Male","Secondary","Divorced",3
5618,1968-12-31,"Female","Secondary","Single",3
5619,1990-12-31,"Female","University","Divorced",1
5620,1992-12-31,"Female","Technical","Married",1
5621,1976-12-31,"Female","Secondary","Single",1
5622,1989-12-31,"Female","Technical","Widowed",1
5623,1984-12-31,"Female","University","Married",3
5624,1977-12-31,"Male","Technical","Single",0
5625,1980-12-31,"Female","University","Married",0
5626,1976-12-31,"Female","Secondary","Married",1
5627,2007-12-31,"Female","University","Married",1
5628,1988-12-31,"Male","University","Divorced",0
5629,1992-12-31,"Male","Secondary","Widowed",0
5630,1985-12-31,"Male","Secondary","Single",3
5631,2007-12-31,"Female","Technical","Married",0
5632,1986-12-31,"Male","Technical","Married",1
5633,1962-12-31,"Female","Technical","Divorced",2
5634,1999-12-31,"Male","Secondary","Single",4
5635,1983-12-31,"Female","Technical","Married",3
5636,2004-12-31,"Male","Technical","Married",0
5637,1980-12-31,"Male","Secondary","Married",1
5638,1993-12-31,"Female","Secondary","Married",1
5639,1974-12-31,"Female","University","Divorced",0
5640,1986-12-31,"Female","University","Single",1
5641,1977-12-31,"Female","Technical","Divorced",1
5642,1997-12-31,"Male","Secondary","Married",0
5643,1994-12-31,"Male","Postgraduate","Married",2
5644,2005-12-31,"Male","Secondary","Divorced",1
5645,1987-12-31,"Female","University","Single",0
5646,2000-12-31,"Male","Secondary","Divorced",3
5647,2007-12-31,"Female","University","Married",3
5648,1999-12-31,"Female","Secondary","Married",1
5649,1984-12-31,"Male","University","Married",1
5650,1978-12-31,"Male","University","Single",0
5651,1994-12-31,"Other","Secondary","Married",0
5652,1983-12-31,"Male","Secondary","Married",2
5653,1953-12-31,"Male","Secondary","Divorced",2
5654,1986-12-31,"Male","University","Married",1
5655,1979-12-31,"Female","Technical","Married",1
5656,1994-12-31,"Female","Technical","Married",1
5657,1987-12-31,"Female","Technical","Married",1
5658,1976-12-31,"Male","Postgraduate","Married",0
5659,1969-12-31,"Male","University","Single",1
5660,1992-12-31,"Male","University","Single",3
5661,1989-12-31,"Male","Secondary","Widowed",0
5662,1980-12-31,"Other","Secondary","Single",0
5663,2006-12-31,"Male","Secondary","Single",0
5664,1970-12-31,"Female","University","Widowed",1
5665,1969-12-31,"Female","University","Single",1
5666,2007-12-31,"Female","Secondary","Married",1
5667,1994-12-31,"Male","Secondary","Married",3
5668,1993-12-31,"Male","Technical","Single",3
5669,1967-12-31,"Male","Secondary","Single",4
5670,1988-12-31,"Male","University","Divorced",1
5671,1995-12-31,"Male","University","Single",1
5672,1994-12-31,"Male","Technical","Married",4
5673,1966-12-31,"Other","University","Divorced",0
5674,1994-12-31,"Male","University","Divorced",2
5675,1989-12-31,"Male","Secondary","Married",1
5676,1973-12-31,"Male","Technical","Single",0
5677,1977-12-31,"Female","Technical","Divorced",3
5678,2007-12-31,"Male","University","Single",2
5679,1981-12-31,"Male","Technical","Single",2
5680,1976-12-31,"Male","Secondary","Married",1
5681,1976-12-31,"Male","Secondary","Married",0
5682,1991-12-31,"Male","Secondary","Single",0
5683,1980-12-31,"Female","Secondary","Single",0
5684,1968-12-31,"Female","University","Widowed",2
5685,1993-12-31,"Female","Technical","Married",3
5686,1974-12-31,"Female","Technical","Divorced",1
5687,1962-12-31,"Male","University","Single",0
5688,1990-12-31,"Female","Technical","Married",1
5689,1975-12-31,"Male","Postgraduate","Widowed",1
5690,1986-12-31,"Male","Technical","Married",1
5691,1982-12-31,"Female","Secondary","Single",1
5692,1981-12-31,"Female","Technical","Married",0
5693,1975-12-31,"Male","University","Married",1
5694,1983-12-31,"Other","Technical","Married",2
5695,1970-12-31,"Female","Secondary","Married",1
5696,1981-12-31,"Male","University","Married",5
5697,1997-12-31,"Female","Postgraduate","Married",2
5698,1991-12-31,"Male","Technical","Married",0
5699,2000-12-31,"Male","University","Divorced",2
5700,2007-12-31,"Male","Postgraduate","Married",0
5701,1991-12-31,"Female","Other","Married",1
5702,1961-12-31,"Male","Technical","Single",3
5703,1977-12-31,"Female","Postgraduate","Single",3
5704,1987-12-31,"Male","University","Married",1
5705,1964-12-31,"Male","University","Married",1
5706,1981-12-31,"Male","Postgraduate","Single",1
5707,1986-12-31,"Male","Technical","Married",1
5708,1954-12-31,"Female","Secondary","Married",0
5709,1995-12-31,"Other","Secondary","Married",1
5710,1978-12-31,"Male","Technical","Single",0
5711,1978-12-31,"Female","University","Married",2
5712,1995-12-31,"Male","Secondary","Married",1
5713,1998-12-31,"Female","Secondary","Married",1
5714,1975-12-31,"Male","University","Married",1
5715,1984-12-31,"Male","Other","Single",0
5716,1980-12-31,"Female","Other","Single",1
5717,1969-12-31,"Male","Postgraduate","Married",1
5718,1987-12-31,"Female","University","Married",0
5719,1996-12-31,"Male","University","Married",1
5720,1992-12-31,"Male","Postgraduate","Married",0
5721,2006-12-31,"Female","University","Divorced",0
5722,1989-12-31,"Female","University","Married",3
5723,1965-12-31,"Female","Technical","Married",3
5724,1970-12-31,"Male","University","Married",2
5725,1988-12-31,"Female","University","Married",2
5726,1988-12-31,"Female","Secondary","Divorced",2
5727,1975-12-31,"Male","Technical","Single",1
5728,1965-12-31,"Female","University","Married",1
5729,1984-12-31,"Female","Secondary","Divorced",0
5730,1970-12-31,"Male","Other","Single",2
5731,1976-12-31,"Male","Postgraduate","Single",1
5732,1979-12-31,"Female","Secondary","Single",1
5733,1985-12-31,"Male","Secondary","Single",1
5734,1976-12-31,"Female","University","Single",0
5735,1989-12-31,"Female","Technical","Divorced",3
5736,1988-12-31,"Male","Postgraduate","Single",0
5737,1979-12-31,"Female","University","Single",1
5738,1983-12-31,"Male","University","Married",0
5739,1978-12-31,"Male","University","Married",1
5740,1978-12-31,"Female","Technical","Single",1
5741,1968-12-31,"Female","Secondary","Married",0
5742,1976-12-31,"Female","Postgraduate","Married",1
5743,1985-12-31,"Female","University","Widowed",0
5744,1983-12-31,"Male","Secondary","Married",2
5745,1958-12-31,"Male","Secondary","Single",1
5746,1994-12-31,"Male","Postgraduate","Single",2
5747,1989-12-31,"Male","University","Married",1
5748,1983-12-31,"Female","Secondary","Single",2
5749,1970-12-31,"Female","Secondary","Married",0
5750,1982-12-31,"Male","University","Single",1
5751,1971-12-31,"Male","Secondary","Single",1
5752,1998-12-31,"Female","Secondary","Married",1
5753,1989-12-31,"Female","Technical","Single",3
5754,1978-12-31,"Female","Secondary","Married",0
5755,1974-12-31,"Male","University","Married",1
5756,1978-12-31,"Male","Secondary","Single",1
5757,1984-12-31,"Female","Secondary","Single",1
5758,1968-12-31,"Male","Secondary","Single",0
5759,1980-12-31,"Male","Secondary","Widowed",1
5760,2007-12-31,"Male","University","Single",5
5761,2007-12-31,"Female","Secondary","Married",1
5762,1975-12-31,"Female","Secondary","Single",2
5763,1989-12-31,"Male","University","Divorced",2
5764,1987-12-31,"Male","University","Married",1
5765,1984-12-31,"Female","Other","Single",0
5766,1968-12-31,"Female","Secondary","Married",0
5767,1983-12-31,"Male","Technical","Single",2
5768,1983-12-31,"Female","Technical","Divorced",2
5769,1992-12-31,"Male","Secondary","Single",1
5770,1978-12-31,"Female","University","Married",1
5771,2003-12-31,"Male","University","Divorced",2
5772,1996-12-31,"Male","Technical","Single",1
5773,2000-12-31,"Male","Technical","Single",1
5774,1978-12-31,"Female","Technical","Married",0
5775,1988-12-31,"Male","Secondary","Divorced",1
5776,1983-12-31,"Male","University","Married",2
5777,1997-12-31,"Female","Technical","Married",1
5778,1988-12-31,"Female","Postgraduate","Widowed",1
5779,1995-12-31,"Female","Secondary","Divorced",2
5780,1994-12-31,"Female","Secondary","Married",1
5781,1983-12-31,"Male","University","Single",1
5782,1985-12-31,"Female","Secondary","Single",1
5783,1973-12-31,"Male","Technical","Single",1
5784,1980-12-31,"Male","University","Single",0
5785,1974-12-31,"Female","Technical","Married",1
5786,1965-12-31,"Male","Technical","Widowed",3
5787,1997-12-31,"Female","University","Married",1
5788,1988-12-31,"Female","Postgraduate","Single",1
5789,1975-12-31,"Male","Postgraduate","Married",1
5790,1983-12-31,"Female","Secondary","Widowed",2
5791,1974-12-31,"Female","Secondary","Married",0
5792,1991-12-31,"Female","University","Divorced",4
5793,1985-12-31,"Female","Secondary","Married",2
5794,1969-12-31,"Female","Secondary","Widowed",1
5795,1966-12-31,"Female","University","Married",0
5796,1979-12-31,"Female","Technical","Widowed",1
5797,1967-12-31,"Male","University","Single",1
5798,1970-12-31,"Male","Secondary","Married",0
5799,1979-12-31,"Male","Technical","Married",4
5800,1981-12-31,"Female","University","Married",3
5801,1976-12-31,"Female","University","Single",2
5802,2007-12-31,"Female","University","Married",1
5803,1972-12-31,"Female","Other","Single",2
5804,1980-12-31,"Male","Postgraduate","Single",2
5805,1992-12-31,"Female","Technical","Single",1
5806,1960-12-31,"Male","University","Divorced",3
5807,1961-12-31,"Female","University","Single",3
5808,1990-12-31,"Male","Technical","Married",1
5809,2003-12-31,"Female","Secondary","Single",1
5810,1989-12-31,"Female","Technical","Married",1
5811,1973-12-31,"Female","University","Single",2
5812,1988-12-31,"Male","Postgraduate","Divorced",2
5813,1994-12-31,"Female","Technical","Divorced",0
5814,1987-12-31,"Female","University","Married",2
5815,1984-12-31,"Female","Technical","Married",0
5816,1957-12-31,"Male","Technical","Single",3
5817,1970-12-31,"Male","Secondary","Married",2
5818,1984-12-31,"Male","University","Single",1
5819,1970-12-31,"Female","Technical","Single",1
5820,1976-12-31,"Male","Secondary","Married",1
5821,1979-12-31,"Male","Technical","Single",1
5822,1976-12-31,"Female","University","Married",1
5823,1975-12-31,"Female","University","Married",0
5824,1970-12-31,"Female","Technical","Single",2
5825,1984-12-31,"Female","Secondary","Married",2
5826,1964-12-31,"Male","Postgraduate","Single",1
5827,1969-12-31,"Male","Secondary","Married",2
5828,1986-12-31,"Male","Secondary","Single",2
5829,1985-12-31,"Female","University","Single",1
5830,1972-12-31,"Male","Postgraduate","Divorced",2
5831,1952-12-31,"Male","Secondary","Married",1
5832,1986-12-31,"Female","University","Married",2
5833,1984-12-31,"Male","Secondary","Married",1
5834,2007-12-31,"Male","University","Married",1
5835,1972-12-31,"Male","University","Single",0
5836,1982-12-31,"Female","Technical","Married",1
5837,1976-12-31,"Female","University","Divorced",0
5838,1968-12-31,"Male","Technical","Single",1
5839,1990-12-31,"Male","Technical","Married",3
5840,1962-12-31,"Male","Secondary","Married",1
5841,1962-12-31,"Male","University","Widowed",0
5842,1991-12-31,"Female","University","Married",2
5843,1978-12-31,"Female","Technical","Married",2
5844,1976-12-31,"Female","Secondary","Married",2
5845,1986-12-31,"Female","Secondary","Widowed",2
5846,1972-12-31,"Female","Secondary","Single",2
5847,1984-12-31,"Male","Other","Married",1
5848,1975-12-31,"Male","Technical","Single",3
5849,1977-12-31,"Male","Secondary","Single",0
5850,1997-12-31,"Female","Technical","Married",0
5851,1990-12-31,"Female","Secondary","Single",0
5852,1965-12-31,"Female","Technical","Married",3
5853,1988-12-31,"Male","Postgraduate","Widowed",0
5854,1979-12-31,"Male","Technical","Single",1
5855,1967-12-31,"Male","University","Single",0
5856,2007-12-31,"Male","Secondary","Single",2
5857,1992-12-31,"Female","Postgraduate","Single",2
5858,1968-12-31,"Male","Technical","Married",2
5859,1978-12-31,"Male","University","Single",1
5860,1979-12-31,"Male","Postgraduate","Single",1
5861,1970-12-31,"Male","Postgraduate","Married",2
5862,1983-12-31,"Male","Secondary","Widowed",2
5863,1976-12-31,"Female","Secondary","Divorced",1
5864,1971-12-31,"Male","Technical","Married",2
5865,1980-12-31,"Female","Secondary","Single",0
5866,1965-12-31,"Female","Secondary","Married",0
5867,1991-12-31,"Male","Postgraduate","Divorced",0
5868,1994-12-31,"Male","Technical","Single",0
5869,2007-12-31,"Female","Technical","Married",1
5870,1960-12-31,"Male","Secondary","Married",0
5871,1958-12-31,"Male","Technical","Married",0
5872,1988-12-31,"Female","Technical","Single",2
5873,1977-12-31,"Other","University","Single",2
5874,1983-12-31,"Male","University","Single",2
5875,1982-12-31,"Male","Technical","Married",3
5876,1972-12-31,"Female","University","Married",1
5877,1953-12-31,"Female","Postgraduate","Single",2
5878,1967-12-31,"Male","Technical","Married",1
5879,1967-12-31,"Male","University","Single",1
5880,1979-12-31,"Female","University","Single",1
5881,1979-12-31,"Female","Secondary","Single",2
5882,1972-12-31,"Female","Secondary","Married",2
5883,1984-12-31,"Male","University","Single",2
5884,1987-12-31,"Female","University","Married",0
5885,1979-12-31,"Male","Technical","Single",0
5886,1972-12-31,"Female","Technical","Married",1
5887,1986-12-31,"Male","Secondary","Married",0
5888,1988-12-31,"Male","University","Married",1
5889,1977-12-31,"Male","Secondary","Single",2
5890,1970-12-31,"Female","Secondary","Divorced",0
5891,2000-12-31,"Male","Secondary","Married",1
5892,1966-12-31,"Female","Secondary","Married",0
5893,1976-12-31,"Male","Technical","Married",5
5894,1993-12-31,"Female","Secondary","Single",2
5895,1982-12-31,"Male","Technical","Married",3
5896,1967-12-31,"Female","Technical","Single",2
5897,2003-12-31,"Other","Secondary","Single",0
5898,2007-12-31,"Female","Postgraduate","Divorced",0
5899,1971-12-31,"Male","Secondary","Married",1
5900,1985-12-31,"Female","Secondary","Single",1
5901,1981-12-31,"Male","University","Married",0
5902,1979-12-31,"Female","Technical","Married",3
5903,1978-12-31,"Female","University","Married",1
5904,1995-12-31,"Female","University","Married",0
5905,1997-12-31,"Male","Secondary","Single",2
5906,1960-12-31,"Male","Technical","Single",3
5907,1974-12-31,"Female","University","Married",5
5908,1983-12-31,"Male","Technical","Divorced",0
5909,1975-12-31,"Female","University","Single",0
5910,1971-12-31,"Male","Technical","Single",1
5911,1970-12-31,"Female","Technical","Married",1
5912,1982-12-31,"Male","Secondary","Married",1
5913,1950-12-31,"Female","Postgraduate","Married",3
5914,1982-12-31,"Female","Secondary","Divorced",2
5915,1991-12-31,"Female","Technical","Married",2
5916,1985-12-31,"Male","Other","Single",0
5917,1981-12-31,"Female","Technical","Married",5
5918,1973-12-31,"Female","Postgraduate","Married",0
5919,1972-12-31,"Female","Technical","Single",5
5920,1998-12-31,"Female","Technical","Married",2
5921,1986-12-31,"Female","Secondary","Married",1
5922,1967-12-31,"Female","Secondary","Married",0
5923,1990-12-31,"Female","Technical","Divorced",0
5924,1988-12-31,"Female","University","Single",1
5925,1979-12-31,"Female","Postgraduate","Married",1
5926,1963-12-31,"Female","Secondary","Single",1
5927,1984-12-31,"Male","Technical","Divorced",0
5928,1964-12-31,"Male","Technical","Divorced",2
5929,1989-12-31,"Male","Secondary","Single",1
5930,1971-12-31,"Male","Secondary","Married",0
5931,1983-12-31,"Male","Technical","Single",2
5932,1979-12-31,"Male","University","Single",0
5933,1976-12-31,"Female","Technical","Married",1
5934,1987-12-31,"Female","Technical","Single",2
5935,1966-12-31,"Male","Secondary","Married",0
5936,1976-12-31,"Male","Technical","Married",0
5937,1988-12-31,"Male","Technical","Married",2
5938,1996-12-31,"Male","University","Single",4
5939,1975-12-31,"Female","Secondary","Married",1
5940,1967-12-31,"Male","University","Married",1
5941,2007-12-31,"Female","University","Single",2
5942,1961-12-31,"Male","University","Single",0
5943,1980-12-31,"Male","Secondary","Married",2
5944,1986-12-31,"Female","Postgraduate","Married",2
5945,2000-12-31,"Female","Technical","Widowed",0
5946,1977-12-31,"Male","Secondary","Single",0
5947,1960-12-31,"Female","Secondary","Married",2
5948,1974-12-31,"Male","University","Single",0
5949,1978-12-31,"Female","Secondary","Single",0
5950,1993-12-31,"Male","Technical","Divorced",1
5951,1987-12-31,"Male","Secondary","Married",1
5952,1988-12-31,"Female","Postgraduate","Married",1
5953,1983-12-31,"Male","University","Married",0
5954,1990-12-31,"Male","University","Married",0
5955,1971-12-31,"Male","Postgraduate","Married",2
5956,1953-12-31,"Female","University","Single",1
5957,1973-12-31,"Female","Secondary","Single",1
5958,2002-12-31,"Male","Technical","Divorced",2
5959,1966-12-31,"Male","Secondary","Married",3
5960,1976-12-31,"Male","Secondary","Single",1
5961,1981-12-31,"Female","Secondary","Single",1
5962,1978-12-31,"Male","University","Married",1
5963,1978-12-31,"Female","University","Single",1
5964,1976-12-31,"Male","Secondary","Single",1
5965,1985-12-31,"Female","Technical","Single",1
5966,1987-12-31,"Female","Technical","Married",1
5967,1982-12-31,"Female","Technical","Single",0
5968,1989-12-31,"Male","University","Single",5
5969,1981-12-31,"Other","Secondary","Widowed",1
5970,2007-12-31,"Male","Secondary","Married",4
5971,1999-12-31,"Male","University","Married",3
5972,1973-12-31,"Female","Secondary","Divorced",1
5973,1982-12-31,"Female","Technical","Single",1
5974,1973-12-31,"Male","Secondary","Single",0
5975,1997-12-31,"Female","University","Married",2
5976,1986-12-31,"Male","Secondary","Married",2
5977,1979-12-31,"Male","Secondary","Married",1
5978,1973-12-31,"Male","University","Divorced",4
5979,1987-12-31,"Male","Secondary","Married",2
5980,1995-12-31,"Male","University","Married",2
5981,2003-12-31,"Female","Secondary","Divorced",0
5982,1982-12-31,"Female","Postgraduate","Divorced",3
5983,1978-12-31,"Female","Secondary","Single",2
5984,1973-12-31,"Female","Secondary","Single",1
5985,1972-12-31,"Female","University","Single",2
5986,1950-12-31,"Male","Secondary","Married",0
5987,1987-12-31,"Male","Postgraduate","Married",1
5988,1986-12-31,"Male","Postgraduate","Married",1
5989,1997-12-31,"Female","University","Married",0
5990,1983-12-31,"Female","Other","Married",2
5991,1989-12-31,"Male","Technical","Divorced",0
5992,1990-12-31,"Female","University","Divorced",0
5993,1992-12-31,"Male","Secondary","Single",1
5994,1980-12-31,"Male","Secondary","Divorced",0
5995,1983-12-31,"Male","Secondary","Married",1
5996,1975-12-31,"Male","Technical","Divorced",3
5997,1968-12-31,"Male","Secondary","Married",1
5998,1980-12-31,"Male","University","Married",2
5999,2004-12-31,"Female","Technical","Single",0
6000,1996-12-31,"Male","Secondary","Married",2
6001,1986-12-31,"Male","Technical","Single",2
6002,1994-12-31,"Male","University","Married",3
6003,1993-12-31,"Female","Secondary","Single",3
6004,1973-12-31,"Male","Secondary","Married",2
6005,1993-12-31,"Female","Technical","Divorced",2
6006,1997-12-31,"Female","Secondary","Single",0
6007,1977-12-31,"Male","Secondary","Divorced",0
6008,1991-12-31,"Male","Secondary","Married",2
6009,1969-12-31,"Male","Technical","Divorced",2
6010,1981-12-31,"Male","Secondary","Married",2
6011,1970-12-31,"Female","Technical","Married",0
6012,1979-12-31,"Male","Secondary","Married",1
6013,1985-12-31,"Female","Secondary","Married",0
6014,1967-12-31,"Female","Secondary","Widowed",1
6015,1972-12-31,"Female","Technical","Married",0
6016,1981-12-31,"Female","Postgraduate","Married",2
6017,1995-12-31,"Male","Technical","Married",0
6018,1988-12-31,"Female","Other","Married",0
6019,1979-12-31,"Male","Technical","Single",1
6020,1987-12-31,"Male","Secondary","Married",4
6021,1986-12-31,"Male","Secondary","Married",0
6022,1993-12-31,"Male","Postgraduate","Married",0
6023,1979-12-31,"Male","Secondary","Married",1
6024,1985-12-31,"Male","University","Single",0
6025,1967-12-31,"Male","University","Married",0
6026,1992-12-31,"Male","Secondary","Single",3
6027,1989-12-31,"Male","Secondary","Single",1
6028,1971-12-31,"Male","University","Married",5
6029,1973-12-31,"Male","Postgraduate","Divorced",3
6030,1967-12-31,"Female","Technical","Widowed",1
6031,1974-12-31,"Female","Postgraduate","Single",2
6032,1991-12-31,"Female","Secondary","Widowed",2
6033,1972-12-31,"Female","University","Married",1
6034,1987-12-31,"Male","Secondary","Single",1
6035,1964-12-31,"Female","University","Married",2
6036,1964-12-31,"Female","Secondary","Single",1
6037,1964-12-31,"Other","Technical","Single",1
6038,1984-12-31,"Male","University","Divorced",1
6039,1988-12-31,"Male","Secondary","Married",1
6040,2007-12-31,"Male","Secondary","Married",1
6041,1970-12-31,"Male","University","Widowed",0
6042,1980-12-31,"Male","Secondary","Single",2
6043,1974-12-31,"Male","University","Single",0
6044,1984-12-31,"Female","University","Married",4
6045,1997-12-31,"Female","Secondary","Single",1
6046,1999-12-31,"Male","Postgraduate","Married",1
6047,1968-12-31,"Male","University","Married",0
6048,1984-12-31,"Other","University","Married",1
6049,1995-12-31,"Female","Secondary","Divorced",0
6050,2002-12-31,"Female","Technical","Married",0
6051,1975-12-31,"Male","Secondary","Married",0
6052,1981-12-31,"Male","Secondary","Single",1
6053,1993-12-31,"Male","Technical","Single",0
6054,1972-12-31,"Male","Secondary","Single",3
6055,1981-12-31,"Male","Technical","Single",2
6056,1997-12-31,"Female","Secondary","Married",1
6057,1978-12-31,"Female","Secondary","Single",2
6058,2003-12-31,"Male","Secondary","Single",2
6059,1966-12-31,"Male","Secondary","Single",3
6060,1970-12-31,"Male","Secondary","Married",1
6061,1983-12-31,"Male","Secondary","Married",2
6062,1980-12-31,"Male","University","Married",1
6063,1965-12-31,"Female","University","Married",1
6064,1977-12-31,"Female","Secondary","Single",2
6065,1970-12-31,"Female","University","Married",0
6066,1974-12-31,"Female","Technical","Single",0
6067,1965-12-31,"Male","Technical","Widowed",1
6068,1986-12-31,"Male","University","Single",2
6069,1999-12-31,"Male","Secondary","Single",1
6070,1976-12-31,"Male","Secondary","Single",2
6071,1972-12-31,"Male","Technical","Single",0
6072,1961-12-31,"Male","Technical","Married",3
6073,1992-12-31,"Female","University","Married",1
6074,1961-12-31,"Female","Secondary","Married",1
6075,1991-12-31,"Male","University","Single",3
6076,1985-12-31,"Male","Secondary","Married",1
6077,1987-12-31,"Other","University","Married",2
6078,1997-12-31,"Male","Secondary","Married",1
6079,1967-12-31,"Female","Secondary","Single",1
6080,2002-12-31,"Male","University","Married",0
6081,1984-12-31,"Male","University","Married",1
6082,1977-12-31,"Male","Technical","Single",1
6083,1957-12-31,"Female","University","Married",2
6084,1978-12-31,"Female","Technical","Married",1
6085,1963-12-31,"Female","University","Divorced",3
6086,1963-12-31,"Other","Secondary","Married",1
6087,1984-12-31,"Male","Other","Widowed",3
6088,1985-12-31,"Male","University","Married",0
6089,1960-12-31,"Female","University","Single",2
6090,1968-12-31,"Male","University","Single",1
6091,1999-12-31,"Female","University","Divorced",1
6092,1991-12-31,"Male","Technical","Married",1
6093,1975-12-31,"Female","Secondary","Married",0
6094,1980-12-31,"Male","Secondary","Single",0
6095,1996-12-31,"Female","Postgraduate","Married",2
6096,1973-12-31,"Female","University","Single",1
6097,1982-12-31,"Female","Secondary","Married",2
6098,1968-12-31,"Male","Technical","Married",5
6099,1984-12-31,"Male","University","Single",1
6100,1974-12-31,"Male","Secondary","Single",2
6101,1984-12-31,"Other","Technical","Single",1
6102,1997-12-31,"Female","Secondary","Single",0
6103,1967-12-31,"Female","Technical","Divorced",1
6104,1985-12-31,"Female","University","Married",2
6105,1964-12-31,"Male","University","Married",3
6106,1989-12-31,"Female","Secondary","Married",0
6107,1973-12-31,"Male","Technical","Married",2
6108,1983-12-31,"Male","Secondary","Married",0
6109,1998-12-31,"Female","University","Single",2
6110,1985-12-31,"Female","University","Single",0
6111,1998-12-31,"Male","Technical","Divorced",1
6112,1957-12-31,"Male","Secondary","Single",0
6113,1972-12-31,"Male","Technical","Divorced",1
6114,1990-12-31,"Female","University","Married",2
6115,2004-12-31,"Other","University","Married",1
6116,1988-12-31,"Male","Secondary","Divorced",0
6117,1964-12-31,"Female","University","Single",1
6118,1988-12-31,"Female","Secondary","Single",1
6119,1956-12-31,"Male","Secondary","Married",0
6120,1963-12-31,"Male","Technical","Married",1
6121,1980-12-31,"Male","Technical","Divorced",2
6122,1984-12-31,"Female","University","Single",0
6123,1976-12-31,"Female","Secondary","Married",1
6124,2007-12-31,"Male","Secondary","Married",3
6125,2001-12-31,"Female","University","Divorced",1
6126,1961-12-31,"Female","University","Married",1
6127,1974-12-31,"Female","Secondary","Divorced",0
6128,1987-12-31,"Female","Technical","Married",2
6129,1976-12-31,"Female","Postgraduate","Married",1
6130,1958-12-31,"Female","Secondary","Divorced",2
6131,1976-12-31,"Male","University","Married",0
6132,1967-12-31,"Female","Technical","Married",1
6133,1963-12-31,"Male","University","Single",3
6134,1983-12-31,"Male","Technical","Married",1
6135,1979-12-31,"Male","University","Single",0
6136,1992-12-31,"Male","University","Single",1
6137,1972-12-31,"Female","Technical","Married",2
6138,1981-12-31,"Female","Secondary","Single",0
6139,1987-12-31,"Female","Technical","Married",0
6140,1983-12-31,"Male","Postgraduate","Single",2
6141,1977-12-31,"Male","Secondary","Married",5
6142,1979-12-31,"Male","Technical","Married",0
6143,1962-12-31,"Male","Secondary","Single",2
6144,1990-12-31,"Male","Secondary","Married",2
6145,1978-12-31,"Male","Secondary","Divorced",1
6146,1969-12-31,"Male","Secondary","Married",1
6147,1968-12-31,"Female","Secondary","Married",1
6148,1992-12-31,"Male","Secondary","Married",3
6149,1983-12-31,"Male","Technical","Married",1
6150,2003-12-31,"Female","University","Married",0
6151,2001-12-31,"Male","Secondary","Married",2
6152,1994-12-31,"Female","Technical","Divorced",2
6153,1986-12-31,"Female","Secondary","Single",0
6154,1977-12-31,"Male","University","Married",3
6155,1984-12-31,"Female","Secondary","Married",4
6156,1982-12-31,"Female","University","Divorced",1
6157,1991-12-31,"Male","University","Married",2
6158,1979-12-31,"Male","Technical","Single",1
6159,1968-12-31,"Male","Other","Divorced",1
6160,1975-12-31,"Female","Technical","Single",1
6161,1982-12-31,"Other","University","Divorced",1
6162,1974-12-31,"Female","Secondary","Single",1
6163,1974-12-31,"Male","University","Married",0
6164,1990-12-31,"Male","Postgraduate","Married",2
6165,1991-12-31,"Female","Postgraduate","Widowed",3
6166,1980-12-31,"Female","Other","Married",2
6167,2004-12-31,"Female","Secondary","Single",3
6168,1983-12-31,"Male","Secondary","Single",0
6169,1975-12-31,"Male","University","Single",0
6170,1984-12-31,"Other","University","Married",2
6171,1962-12-31,"Male","Technical","Single",3
6172,1973-12-31,"Female","Secondary","Single",1
6173,1994-12-31,"Male","Technical","Single",1
6174,1987-12-31,"Male","Technical","Divorced",3
6175,1970-12-31,"Female","Secondary","Widowed",1
6176,1996-12-31,"Male","Secondary","Single",4
6177,1976-12-31,"Female","Secondary","Married",2
6178,1999-12-31,"Female","University","Married",1
6179,1981-12-31,"Female","University","Married",3
6180,1993-12-31,"Male","Secondary","Married",3
6181,2001-12-31,"Other","Secondary","Single",0
6182,1991-12-31,"Male","Technical","Single",2
6183,1989-12-31,"Male","Technical","Married",5
6184,2004-12-31,"Female","Secondary","Married",2
6185,2004-12-31,"Female","Postgraduate","Single",2
6186,1976-12-31,"Male","Secondary","Married",2
6187,1973-12-31,"Male","Technical","Widowed",1
6188,2007-12-31,"Male","Secondary","Divorced",2
6189,1988-12-31,"Female","Secondary","Divorced",2
6190,1975-12-31,"Female","Technical","Married",1
6191,1975-12-31,"Male","University","Married",0
6192,1995-12-31,"Male","Technical","Single",2
6193,1975-12-31,"Female","University","Married",1
6194,1962-12-31,"Male","University","Divorced",0
6195,1968-12-31,"Male","Secondary","Single",2
6196,1979-12-31,"Male","Technical","Married",0
6197,2007-12-31,"Female","Secondary","Married",1
6198,1982-12-31,"Male","Technical","Married",4
6199,1987-12-31,"Male","Secondary","Single",0
6200,1980-12-31,"Female","Secondary","Divorced",2
6201,1977-12-31,"Male","Secondary","Married",1
6202,1955-12-31,"Female","Technical","Single",1
6203,1991-12-31,"Male","Technical","Married",0
6204,1992-12-31,"Female","Secondary","Divorced",2
6205,2001-12-31,"Male","Technical","Divorced",1
6206,1985-12-31,"Male","Secondary","Married",4
6207,1988-12-31,"Male","Secondary","Single",3
6208,1978-12-31,"Female","University","Divorced",0
6209,1998-12-31,"Female","Secondary","Widowed",0
6210,1969-12-31,"Female","Postgraduate","Single",2
6211,1976-12-31,"Female","Secondary","Single",3
6212,1985-12-31,"Other","University","Single",0
6213,1969-12-31,"Female","Technical","Married",3
6214,1981-12-31,"Male","Technical","Single",1
6215,1983-12-31,"Male","Secondary","Divorced",3
6216,1985-12-31,"Male","University","Married",0
6217,1981-12-31,"Female","University","Single",2
6218,1966-12-31,"Female","Technical","Divorced",0
6219,1969-12-31,"Female","Secondary","Single",3
6220,1971-12-31,"Male","Secondary","Single",1
6221,1981-12-31,"Male","Secondary","Divorced",2
6222,1979-12-31,"Female","Postgraduate","Divorced",1
6223,1990-12-31,"Male","Secondary","Single",1
6224,1984-12-31,"Female","Secondary","Married",2
6225,1992-12-31,"Female","Secondary","Married",0
6226,1997-12-31,"Male","Technical","Married",2
6227,1967-12-31,"Female","Technical","Single",0
6228,1981-12-31,"Female","Secondary","Single",2
6229,1967-12-31,"Male","Secondary","Single",1
6230,1982-12-31,"Male","Secondary","Married",0
6231,1993-12-31,"Male","Technical","Married",0
6232,1995-12-31,"Female","University","Married",3
6233,1980-12-31,"Male","Secondary","Divorced",4
6234,1990-12-31,"Female","Postgraduate","Single",2
6235,1988-12-31,"Male","University","Married",1
6236,1989-12-31,"Female","University","Married",0
6237,1997-12-31,"Female","University","Married",4
6238,1983-12-31,"Female","Secondary","Married",0
6239,1989-12-31,"Male","University","Single",0
6240,1987-12-31,"Female","Secondary","Widowed",0
6241,1973-12-31,"Male","Secondary","Married",0
6242,1976-12-31,"Male","Secondary","Single",4
6243,1997-12-31,"Female","Technical","Married",4
6244,1978-12-31,"Male","Technical","Married",1
6245,1979-12-31,"Female","University","Married",1
6246,1986-12-31,"Male","Technical","Single",3
6247,1984-12-31,"Male","Postgraduate","Single",0
6248,1979-12-31,"Male","Technical","Single",0
6249,1990-12-31,"Male","Secondary","Married",1
6250,1991-12-31,"Male","Secondary","Married",0
6251,1996-12-31,"Female","Secondary","Married",3
6252,1984-12-31,"Male","University","Divorced",2
6253,1974-12-31,"Male","University","Married",3
6254,1969-12-31,"Female","Secondary","Single",0
6255,1983-12-31,"Female","University","Married",0
6256,2001-12-31,"Female","Technical","Married",2
6257,1984-12-31,"Male","University","Married",2
6258,1981-12-31,"Male","University","Single",2
6259,1993-12-31,"Male","Other","Married",0
6260,2007-12-31,"Female","Technical","Married",1
6261,2007-12-31,"Female","Technical","Married",3
6262,1983-12-31,"Female","University","Divorced",1
6263,1969-12-31,"Male","Technical","Single",2
6264,1980-12-31,"Male","Postgraduate","Married",1
6265,1986-12-31,"Male","Other","Single",3
6266,1971-12-31,"Female","University","Married",0
6267,1981-12-31,"Female","Secondary","Married",1
6268,1973-12-31,"Male","University","Widowed",0
6269,1996-12-31,"Male","Postgraduate","Married",3
6270,1972-12-31,"Male","University","Married",0
6271,1990-12-31,"Female","Postgraduate","Single",1
6272,1952-12-31,"Male","Secondary","Widowed",3
6273,1969-12-31,"Male","University","Married",1
6274,1966-12-31,"Female","University","Married",0
6275,1983-12-31,"Male","Secondary","Single",0
6276,1987-12-31,"Other","Postgraduate","Divorced",2
6277,1988-12-31,"Male","University","Married",0
6278,1963-12-31,"Female","Technical","Married",2
6279,1967-12-31,"Male","Technical","Married",0
6280,1976-12-31,"Male","University","Single",2
6281,1981-12-31,"Male","Technical","Married",1
6282,1979-12-31,"Female","Secondary","Widowed",3
6283,1969-12-31,"Female","Secondary","Married",1
6284,1993-12-31,"Male","Postgraduate","Single",1
6285,1977-12-31,"Other","Technical","Divorced",0
6286,1988-12-31,"Male","Secondary","Single",1
6287,1963-12-31,"Female","Secondary","Single",1
6288,2007-12-31,"Male","University","Single",0
6289,2000-12-31,"Male","University","Divorced",1
6290,1978-12-31,"Female","University","Single",2
6291,1970-12-31,"Female","Postgraduate","Single",2
6292,1994-12-31,"Female","University","Married",1
6293,1977-12-31,"Male","University","Widowed",2
6294,1969-12-31,"Male","University","Single",2
6295,1974-12-31,"Male","University","Single",0
6296,1973-12-31,"Female","Secondary","Single",1
6297,1986-12-31,"Male","Secondary","Single",1
6298,1983-12-31,"Female","University","Married",2
6299,2007-12-31,"Female","Postgraduate","Single",2
6300,1998-12-31,"Female","University","Single",2
6301,1966-12-31,"Female","Technical","Single",0
6302,1981-12-31,"Male","University","Single",0
6303,1969-12-31,"Female","Secondary","Single",0
6304,1996-12-31,"Female","Secondary","Single",0
6305,1969-12-31,"Male","University","Married",0
6306,1968-12-31,"Female","University","Married",0
6307,1998-12-31,"Male","Secondary","Married",3
6308,1976-12-31,"Male","Secondary","Single",1
6309,1977-12-31,"Female","Technical","Single",0
6310,1977-12-31,"Female","University","Married",1
6311,1981-12-31,"Female","Technical","Single",1
6312,1973-12-31,"Male","Technical","Married",2
6313,1972-12-31,"Male","Secondary","Single",0
6314,1992-12-31,"Male","Secondary","Divorced",2
6315,1968-12-31,"Male","Technical","Married",3
6316,1982-12-31,"Female","University","Single",1
6317,1966-12-31,"Female","University","Married",1
6318,1993-12-31,"Female","University","Single",1
6319,1991-12-31,"Male","Secondary","Married",4
6320,1992-12-31,"Male","Technical","Divorced",0
6321,1981-12-31,"Male","Secondary","Divorced",1
6322,1983-12-31,"Male","Secondary","Married",1
6323,1969-12-31,"Female","Secondary","Single",0
6324,2001-12-31,"Female","Technical","Single",0
6325,1972-12-31,"Male","University","Single",2
6326,1970-12-31,"Female","Secondary","Divorced",1
6327,1965-12-31,"Male","Secondary","Married",1
6328,1979-12-31,"Male","Secondary","Married",2
6329,1964-12-31,"Male","Postgraduate","Divorced",0
6330,1975-12-31,"Female","University","Divorced",1
6331,1970-12-31,"Male","University","Married",2
6332,2007-12-31,"Male","Technical","Married",0
6333,1986-12-31,"Male","Secondary","Single",0
6334,1995-12-31,"Male","Technical","Married",1
6335,1982-12-31,"Female","Secondary","Married",3
6336,1960-12-31,"Male","Technical","Married",0
6337,1978-12-31,"Male","Technical","Married",2
6338,1982-12-31,"Male","Secondary","Married",2
6339,1979-12-31,"Male","Postgraduate","Married",1
6340,1989-12-31,"Female","University","Single",4
6341,1996-12-31,"Male","University","Married",0
6342,1992-12-31,"Female","Secondary","Single",1
6343,1977-12-31,"Female","Technical","Single",2
6344,2007-12-31,"Female","University","Married",1
6345,1976-12-31,"Male","Technical","Married",1
6346,1965-12-31,"Female","Secondary","Widowed",1
6347,1975-12-31,"Male","Technical","Married",0
6348,1962-12-31,"Female","Secondary","Married",1
6349,1966-12-31,"Male","University","Married",1
6350,1976-12-31,"Female","Technical","Married",0
6351,1977-12-31,"Female","Secondary","Single",2
6352,1957-12-31,"Male","Secondary","Married",4
6353,1973-12-31,"Male","University","Single",2
6354,1977-12-31,"Male","Technical","Married",0
6355,2007-12-31,"Female","Secondary","Single",1
6356,2007-12-31,"Female","University","Married",1
6357,1989-12-31,"Female","University","Married",2
6358,1965-12-31,"Female","Other","Married",1
6359,1960-12-31,"Female","Postgraduate","Married",1
6360,2007-12-31,"Female","Secondary","Single",3
6361,1988-12-31,"Male","University","Divorced",0
6362,1987-12-31,"Female","University","Married",1
6363,1984-12-31,"Male","Postgraduate","Divorced",0
6364,1980-12-31,"Female","Secondary","Single",0
6365,1999-12-31,"Male","Technical","Married",2
6366,1980-12-31,"Male","Technical","Married",0
6367,1989-12-31,"Male","University","Widowed",2
6368,1960-12-31,"Male","Secondary","Single",0
6369,1974-12-31,"Female","Postgraduate","Widowed",1
6370,1977-12-31,"Female","Technical","Married",1
6371,1989-12-31,"Male","University","Married",2
6372,1961-12-31,"Male","Technical","Married",1
6373,1975-12-31,"Female","University","Single",2
6374,2000-12-31,"Female","Technical","Single",0
6375,1983-12-31,"Female","University","Married",0
6376,1982-12-31,"Female","Technical","Single",1
6377,1985-12-31,"Male","University","Married",2
6378,1992-12-31,"Female","University","Married",1
6379,1987-12-31,"Female","University","Married",2
6380,1977-12-31,"Male","Secondary","Married",3
6381,1972-12-31,"Other","Secondary","Single",1
6382,1971-12-31,"Male","Secondary","Married",1
6383,1958-12-31,"Female","Secondary","Widowed",0
6384,1960-12-31,"Female","Secondary","Single",0
6385,1995-12-31,"Female","Secondary","Married",1
6386,1962-12-31,"Female","Secondary","Married",0
6387,1987-12-31,"Male","Technical","Single",1
6388,1989-12-31,"Male","Postgraduate","Single",0
6389,1965-12-31,"Male","Technical","Widowed",0
6390,1974-12-31,"Female","Other","Married",0
6391,2000-12-31,"Male","Postgraduate","Divorced",0
6392,1962-12-31,"Male","Technical","Married",1
6393,1990-12-31,"Male","Secondary","Divorced",1
6394,1977-12-31,"Female","Secondary","Married",0
6395,1982-12-31,"Female","University","Married",1
6396,1992-12-31,"Male","Secondary","Widowed",1
6397,1993-12-31,"Female","University","Widowed",0
6398,1958-12-31,"Male","Secondary","Single",2
6399,1979-12-31,"Male","Secondary","Married",1
6400,1991-12-31,"Female","University","Single",2
6401,2004-12-31,"Male","Other","Married",1
6402,1985-12-31,"Male","University","Married",1
6403,1978-12-31,"Female","Technical","Divorced",2
6404,1990-12-31,"Female","Secondary","Widowed",1
6405,1981-12-31,"Male","Technical","Single",1
6406,1961-12-31,"Male","Technical","Single",0
6407,1993-12-31,"Male","Secondary","Married",0
6408,1963-12-31,"Male","Secondary","Divorced",0
6409,1977-12-31,"Female","Secondary","Single",1
6410,1991-12-31,"Female","University","Married",2
6411,1999-12-31,"Female","University","Single",1
6412,2007-12-31,"Female","University","Divorced",1
6413,1988-12-31,"Female","Postgraduate","Widowed",0
6414,1980-12-31,"Female","Technical","Single",1
6415,1983-12-31,"Male","University","Married",0
6416,1995-12-31,"Male","Secondary","Divorced",3
6417,1993-12-31,"Female","University","Single",1
6418,1980-12-31,"Male","Secondary","Married",2
6419,1990-12-31,"Female","Technical","Divorced",1
6420,1976-12-31,"Female","Technical","Divorced",1
6421,1998-12-31,"Male","University","Single",2
6422,1963-12-31,"Female","Secondary","Single",4
6423,1994-12-31,"Male","Secondary","Divorced",3
6424,1964-12-31,"Male","University","Divorced",5
6425,1981-12-31,"Male","University","Single",0
6426,1950-12-31,"Male","University","Single",3
6427,1977-12-31,"Male","University","Single",0
6428,1995-12-31,"Female","University","Married",0
6429,1957-12-31,"Male","University","Married",1
6430,1970-12-31,"Other","University","Married",1
6431,1993-12-31,"Male","Secondary","Married",3
6432,1974-12-31,"Male","Technical","Married",0
6433,1989-12-31,"Female","Secondary","Married",2
6434,1990-12-31,"Female","Secondary","Single",0
6435,1989-12-31,"Male","University","Single",2
6436,1999-12-31,"Male","Secondary","Single",2
6437,1999-12-31,"Other","Secondary","Single",0
6438,1954-12-31,"Other","Technical","Divorced",3
6439,1963-12-31,"Female","Secondary","Married",1
6440,1977-12-31,"Female","Technical","Married",2
6441,1998-12-31,"Male","Technical","Single",0
6442,1989-12-31,"Male","Secondary","Widowed",2
6443,1972-12-31,"Female","Secondary","Married",3
6444,1988-12-31,"Male","University","Divorced",1
6445,1996-12-31,"Male","Secondary","Single",1
6446,1980-12-31,"Male","Technical","Divorced",3
6447,1982-12-31,"Male","Other","Single",2
6448,1964-12-31,"Female","University","Single",1
6449,1993-12-31,"Male","University","Divorced",3
6450,1984-12-31,"Female","Secondary","Single",3
6451,1976-12-31,"Male","University","Single",1
6452,1981-12-31,"Female","Secondary","Single",1
6453,1986-12-31,"Female","University","Single",3
6454,1977-12-31,"Male","University","Married",1
6455,1991-12-31,"Male","Secondary","Divorced",1
6456,1990-12-31,"Male","Technical","Married",1
6457,1961-12-31,"Female","Secondary","Single",0
6458,1951-12-31,"Male","University","Married",2
6459,1967-12-31,"Female","Secondary","Widowed",3
6460,1993-12-31,"Male","Technical","Married",1
6461,1981-12-31,"Female","University","Married",1
6462,1994-12-31,"Male","University","Married",3
6463,1980-12-31,"Male","Secondary","Married",4
6464,1979-12-31,"Female","Secondary","Single",2
6465,1973-12-31,"Male","University","Married",1
6466,1950-12-31,"Other","University","Married",0
6467,2003-12-31,"Female","Technical","Married",3
6468,1987-12-31,"Male","University","Single",3
6469,1994-12-31,"Male","Secondary","Single",3
6470,1978-12-31,"Female","University","Divorced",2
6471,1973-12-31,"Male","University","Married",1
6472,1983-12-31,"Male","University","Married",1
6473,1976-12-31,"Female","Technical","Married",1
6474,1961-12-31,"Female","Secondary","Single",0
6475,1970-12-31,"Male","Secondary","Single",0
6476,1998-12-31,"Male","University","Married",1
6477,1986-12-31,"Female","Technical","Single",1
6478,1993-12-31,"Male","Secondary","Divorced",1
6479,1978-12-31,"Female","Technical","Married",1
6480,1991-12-31,"Male","Secondary","Married",3
6481,1974-12-31,"Female","University","Married",2
6482,1982-12-31,"Male","Secondary","Married",2
6483,1987-12-31,"Male","Postgraduate","Single",0
6484,1985-12-31,"Female","University","Single",0
6485,1989-12-31,"Female","Technical","Married",0
6486,1989-12-31,"Male","Postgraduate","Married",1
6487,1991-12-31,"Male","University","Married",3
6488,1981-12-31,"Female","University","Divorced",0
6489,1962-12-31,"Female","University","Single",1
6490,1985-12-31,"Male","Technical","Single",3
6491,1987-12-31,"Female","University","Married",0
6492,1980-12-31,"Female","Technical","Married",1
6493,1989-12-31,"Male","Postgraduate","Married",3
6494,1961-12-31,"Male","Secondary","Married",0
6495,1991-12-31,"Male","University","Widowed",1
6496,1966-12-31,"Male","Secondary","Widowed",1
6497,1984-12-31,"Male","University","Single",3
6498,1987-12-31,"Male","University","Divorced",1
6499,1984-12-31,"Male","Technical","Married",1
6500,1985-12-31,"Female","Technical","Married",0
6501,1987-12-31,"Female","Secondary","Married",1
6502,1995-12-31,"Male","Secondary","Married",1
6503,1968-12-31,"Female","Technical","Married",2
6504,1982-12-31,"Other","University","Married",1
6505,1961-12-31,"Female","Postgraduate","Divorced",1
6506,2007-12-31,"Female","Other","Married",3
6507,1971-12-31,"Female","University","Married",4
6508,1990-12-31,"Female","Postgraduate","Married",1
6509,1996-12-31,"Female","University","Single",1
6510,1965-12-31,"Female","Technical","Married",1
6511,1996-12-31,"Male","Secondary","Married",1
6512,1984-12-31,"Female","University","Married",0
6513,1993-12-31,"Male","Secondary","Single",1
6514,1997-12-31,"Male","Secondary","Divorced",2
6515,1957-12-31,"Female","Secondary","Single",3
6516,2004-12-31,"Female","University","Single",3
6517,2006-12-31,"Male","Secondary","Single",1
6518,2003-12-31,"Female","University","Single",1
6519,1979-12-31,"Male","University","Single",0
6520,1983-12-31,"Male","University","Married",2
6521,1992-12-31,"Male","Technical","Single",3
6522,1988-12-31,"Male","Secondary","Divorced",0
6523,2002-12-31,"Female","Secondary","Single",2
6524,1988-12-31,"Female","Secondary","Married",2
6525,1975-12-31,"Male","University","Married",2
6526,1970-12-31,"Female","University","Married",4
6527,1978-12-31,"Male","Secondary","Single",2
6528,1985-12-31,"Male","Technical","Single",1
6529,1975-12-31,"Male","Secondary","Single",2
6530,1993-12-31,"Female","University","Single",3
6531,1973-12-31,"Female","University","Single",1
6532,2002-12-31,"Male","Technical","Married",2
6533,1978-12-31,"Female","Secondary","Married",0
6534,1980-12-31,"Female","Secondary","Single",0
6535,1973-12-31,"Male","Secondary","Divorced",3
6536,1979-12-31,"Other","University","Single",0
6537,1992-12-31,"Female","Secondary","Married",2
6538,1992-12-31,"Male","Technical","Divorced",3
6539,2002-12-31,"Male","Secondary","Married",3
6540,1980-12-31,"Male","Secondary","Married",1
6541,1985-12-31,"Male","Secondary","Divorced",0
6542,1994-12-31,"Male","Technical","Divorced",1
6543,1991-12-31,"Male","Technical","Married",1
6544,1973-12-31,"Female","Secondary","Married",2
6545,1989-12-31,"Female","Secondary","Single",0
6546,1983-12-31,"Male","Technical","Divorced",5
6547,1978-12-31,"Male","University","Single",4
6548,1977-12-31,"Male","University","Single",2
6549,1992-12-31,"Female","Technical","Married",1
6550,1983-12-31,"Male","Other","Single",1
6551,1991-12-31,"Female","Technical","Single",1
6552,1977-12-31,"Male","University","Married",2
6553,1961-12-31,"Male","Secondary","Married",0
6554,1973-12-31,"Male","University","Married",0
6555,1968-12-31,"Female","Technical","Married",2
6556,1982-12-31,"Other","Secondary","Widowed",3
6557,1987-12-31,"Male","University","Single",2
6558,1981-12-31,"Male","Technical","Married",1
6559,1984-12-31,"Male","Secondary","Single",1
6560,1965-12-31,"Female","University","Married",0
6561,1996-12-31,"Female","Technical","Single",1
6562,1984-12-31,"Female","Secondary","Single",2
6563,1980-12-31,"Male","Secondary","Married",1
6564,1986-12-31,"Female","Secondary","Divorced",2
6565,1986-12-31,"Male","University","Single",0
6566,1983-12-31,"Male","Technical","Married",3
6567,1990-12-31,"Female","Secondary","Divorced",2
6568,2001-12-31,"Female","Secondary","Married",2
6569,1996-12-31,"Male","University","Single",0
6570,1966-12-31,"Female","Postgraduate","Married",2
6571,1984-12-31,"Male","Secondary","Divorced",0
6572,1974-12-31,"Male","University","Married",0
6573,1969-12-31,"Female","Technical","Single",0
6574,1965-12-31,"Female","University","Single",3
6575,1989-12-31,"Male","Secondary","Divorced",1
6576,1973-12-31,"Female","University","Married",0
6577,1997-12-31,"Female","Other","Married",4
6578,1967-12-31,"Male","Postgraduate","Divorced",0
6579,1972-12-31,"Female","Secondary","Single",2
6580,1970-12-31,"Male","Postgraduate","Single",4
6581,1972-12-31,"Female","University","Married",1
6582,1975-12-31,"Male","Technical","Divorced",1
6583,1981-12-31,"Female","Technical","Single",2
6584,1977-12-31,"Male","Technical","Single",0
6585,1963-12-31,"Female","Technical","Single",1
6586,1979-12-31,"Male","Technical","Married",1
6587,1981-12-31,"Female","University","Married",1
6588,2001-12-31,"Male","University","Married",2
6589,1979-12-31,"Male","Secondary","Married",1
6590,1990-12-31,"Female","Secondary","Married",1
6591,1994-12-31,"Male","Secondary","Single",0
6592,1996-12-31,"Female","University","Divorced",0
6593,2001-12-31,"Female","University","Divorced",2
6594,1973-12-31,"Male","Technical","Single",2
6595,1987-12-31,"Male","Other","Married",3
6596,1980-12-31,"Male","Technical","Married",0
6597,1992-12-31,"Female","University","Divorced",1
6598,1970-12-31,"Male","Secondary","Married",1
6599,1985-12-31,"Female","Technical","Married",0
6600,1961-12-31,"Male","Technical","Married",0
6601,1985-12-31,"Female","Technical","Single",0
6602,1988-12-31,"Male","Other","Single",1
6603,1976-12-31,"Female","Technical","Single",1
6604,1970-12-31,"Female","University","Divorced",0
6605,1983-12-31,"Female","University","Single",0
6606,1965-12-31,"Female","Postgraduate","Married",3
6607,1994-12-31,"Male","University","Single",2
6608,1991-12-31,"Male","Technical","Widowed",4
6609,1987-12-31,"Male","Technical","Widowed",1
6610,1954-12-31,"Male","Secondary","Single",1
6611,1988-12-31,"Male","University","Married",1
6612,1968-12-31,"Female","Postgraduate","Single",1
6613,1982-12-31,"Male","Secondary","Married",1
6614,1971-12-31,"Female","Technical","Married",2
6615,1992-12-31,"Male","Secondary","Married",3
6616,1988-12-31,"Male","Technical","Single",0
6617,1985-12-31,"Female","Secondary","Single",2
6618,1981-12-31,"Female","University","Divorced",0
6619,1994-12-31,"Female","University","Single",1
6620,1974-12-31,"Male","Postgraduate","Married",2
6621,1991-12-31,"Female","University","Married",2
6622,1993-12-31,"Female","Technical","Married",0
6623,2007-12-31,"Female","University","Married",1
6624,1986-12-31,"Female","Secondary","Single",1
6625,1966-12-31,"Female","Secondary","Single",4
6626,1973-12-31,"Female","Secondary","Single",1
6627,1981-12-31,"Female","Technical","Single",0
6628,1967-12-31,"Other","Secondary","Divorced",0
6629,1990-12-31,"Male","University","Married",3
6630,1978-12-31,"Male","Secondary","Married",2
6631,1996-12-31,"Female","Secondary","Single",2
6632,1978-12-31,"Female","University","Single",2
6633,1974-12-31,"Male","University","Married",0
6634,1984-12-31,"Male","Technical","Single",2
6635,1987-12-31,"Female","Technical","Single",2
6636,1986-12-31,"Female","Secondary","Divorced",2
6637,1960-12-31,"Male","University","Single",1
6638,1996-12-31,"Female","Technical","Married",0
6639,1992-12-31,"Male","University","Single",1
6640,1994-12-31,"Male","Technical","Divorced",1
6641,1996-12-31,"Other","Secondary","Married",2
6642,1984-12-31,"Female","Secondary","Divorced",2
6643,1966-12-31,"Female","Secondary","Single",1
6644,2001-12-31,"Other","Secondary","Single",3
6645,1979-12-31,"Male","Secondary","Married",1
6646,1990-12-31,"Male","Secondary","Single",0
6647,1991-12-31,"Female","Other","Single",0
6648,1967-12-31,"Female","University","Married",2
6649,1974-12-31,"Male","University","Single",0
6650,1991-12-31,"Male","Secondary","Married",2
6651,1992-12-31,"Female","Secondary","Divorced",1
6652,1987-12-31,"Male","Technical","Single",2
6653,1976-12-31,"Female","University","Married",2
6654,1989-12-31,"Female","University","Divorced",1
6655,1967-12-31,"Female","Secondary","Married",1
6656,1978-12-31,"Male","Technical","Single",0
6657,1966-12-31,"Male","University","Married",1
6658,1989-12-31,"Male","University","Single",2
6659,1981-12-31,"Female","Secondary","Single",1
6660,1991-12-31,"Male","Secondary","Divorced",2
6661,1990-12-31,"Female","Postgraduate","Married",1
6662,1972-12-31,"Female","University","Married",1
6663,1993-12-31,"Female","University","Single",0
6664,1990-12-31,"Female","Secondary","Widowed",0
6665,1970-12-31,"Male","University","Widowed",2
6666,1967-12-31,"Male","Secondary","Married",1
6667,1968-12-31,"Male","University","Single",0
6668,1996-12-31,"Male","Secondary","Married",3
6669,1976-12-31,"Male","Secondary","Single",0
6670,1973-12-31,"Female","Secondary","Married",1
6671,1977-12-31,"Male","Technical","Married",2
6672,1977-12-31,"Female","Technical","Divorced",2
6673,1991-12-31,"Male","Technical","Married",3
6674,1991-12-31,"Male","Secondary","Single",0
6675,1981-12-31,"Male","University","Divorced",0
6676,1971-12-31,"Female","University","Married",2
6677,1983-12-31,"Male","Postgraduate","Divorced",0
6678,1975-12-31,"Female","Technical","Single",1
6679,1975-12-31,"Male","University","Single",0
6680,1975-12-31,"Female","University","Married",1
6681,1985-12-31,"Male","University","Single",3
6682,1974-12-31,"Male","Technical","Married",1
6683,1986-12-31,"Male","University","Married",1
6684,1998-12-31,"Female","University","Married",0
6685,1985-12-31,"Male","Technical","Married",0
6686,1979-12-31,"Female","University","Married",1
6687,1976-12-31,"Male","Technical","Married",1
6688,1979-12-31,"Female","Technical","Married",1
6689,1987-12-31,"Female","University","Married",0
6690,1962-12-31,"Male","University","Married",0
6691,1980-12-31,"Other","Other","Single",1
6692,1978-12-31,"Female","Secondary","Single",3
6693,1991-12-31,"Female","University","Divorced",3
6694,1972-12-31,"Male","Secondary","Widowed",2
6695,1977-12-31,"Female","Technical","Single",2
6696,1969-12-31,"Male","Technical","Single",2
6697,1990-12-31,"Other","University","Married",1
6698,1970-12-31,"Male","University","Single",2
6699,1980-12-31,"Male","Secondary","Divorced",1
6700,1985-12-31,"Male","Other","Single",1
6701,1970-12-31,"Male","Secondary","Single",1
6702,1982-12-31,"Female","University","Single",1
6703,1977-12-31,"Male","University","Single",2
6704,1981-12-31,"Female","University","Married",1
6705,2001-12-31,"Female","University","Married",1
6706,1966-12-31,"Female","Secondary","Single",2
6707,1958-12-31,"Male","University","Divorced",1
6708,2007-12-31,"Male","Technical","Married",1
6709,1989-12-31,"Male","Secondary","Married",1
6710,1968-12-31,"Female","Postgraduate","Single",2
6711,2004-12-31,"Female","Technical","Single",3
6712,1984-12-31,"Male","Secondary","Divorced",1
6713,1989-12-31,"Female","University","Divorced",2
6714,2000-12-31,"Male","Technical","Married",2
6715,1973-12-31,"Male","Secondary","Single",2
6716,1982-12-31,"Female","Secondary","Widowed",0
6717,1987-12-31,"Female","Technical","Married",4
6718,2001-12-31,"Female","University","Widowed",1
6719,1975-12-31,"Male","Secondary","Married",1
6720,1988-12-31,"Female","Secondary","Married",1
6721,2005-12-31,"Female","Secondary","Married",2
6722,1986-12-31,"Female","Technical","Divorced",1
6723,1983-12-31,"Female","Technical","Divorced",2
6724,1993-12-31,"Other","University","Married",0
6725,2003-12-31,"Male","University","Married",0
6726,1982-12-31,"Female","Secondary","Married",1
6727,1987-12-31,"Female","Secondary","Single",2
6728,1986-12-31,"Female","Secondary","Single",0
6729,1980-12-31,"Female","Secondary","Divorced",1
6730,1988-12-31,"Male","University","Married",3
6731,1966-12-31,"Female","Technical","Single",4
6732,2006-12-31,"Male","Postgraduate","Married",1
6733,1971-12-31,"Female","University","Married",1
6734,1979-12-31,"Female","Secondary","Married",3
6735,1961-12-31,"Female","Technical","Single",5
6736,1983-12-31,"Male","Technical","Married",1
6737,1997-12-31,"Female","Secondary","Married",1
6738,1979-12-31,"Female","Technical","Single",1
6739,2007-12-31,"Female","Technical","Single",3
6740,1975-12-31,"Female","Technical","Married",3
6741,1983-12-31,"Other","University","Single",3
6742,1998-12-31,"Female","Secondary","Married",2
6743,1969-12-31,"Male","University","Married",0
6744,1975-12-31,"Male","Technical","Married",1
6745,1972-12-31,"Female","Technical","Married",2
6746,1987-12-31,"Female","University","Single",2
6747,1965-12-31,"Female","University","Married",1
6748,1979-12-31,"Female","University","Married",1
6749,1977-12-31,"Male","Technical","Married",0
6750,1977-12-31,"Female","Secondary","Single",1
6751,1994-12-31,"Male","Secondary","Widowed",2
6752,1966-12-31,"Male","Secondary","Married",1
6753,1984-12-31,"Female","Technical","Married",1
6754,1995-12-31,"Female","University","Married",0
6755,1988-12-31,"Male","Technical","Single",0
6756,1975-12-31,"Female","Technical","Married",2
6757,1999-12-31,"Female","Secondary","Divorced",1
6758,1961-12-31,"Male","Technical","Single",1
6759,1989-12-31,"Female","Secondary","Single",3
6760,1999-12-31,"Male","Other","Married",0
6761,1979-12-31,"Female","Postgraduate","Married",0
6762,1973-12-31,"Male","Technical","Married",0
6763,1972-12-31,"Female","Postgraduate","Divorced",1
6764,1990-12-31,"Male","University","Married",3
6765,1980-12-31,"Female","Technical","Single",0
6766,1975-12-31,"Other","Secondary","Single",0
6767,2006-12-31,"Female","Technical","Married",2
6768,1966-12-31,"Male","Postgraduate","Married",0
6769,1978-12-31,"Male","Technical","Single",0
6770,1976-12-31,"Male","Technical","Married",0
6771,1988-12-31,"Male","University","Married",0
6772,1958-12-31,"Female","Postgraduate","Single",4
6773,1987-12-31,"Female","Technical","Married",2
6774,1974-12-31,"Male","Technical","Single",1
6775,1985-12-31,"Other","Secondary","Married",1
6776,1990-12-31,"Female","Secondary","Married",2
6777,1987-12-31,"Male","Technical","Divorced",0
6778,1973-12-31,"Female","University","Single",0
6779,1978-12-31,"Male","Secondary","Married",3
6780,1967-12-31,"Male","Postgraduate","Married",3
6781,1969-12-31,"Male","Secondary","Single",1
6782,1990-12-31,"Female","Secondary","Single",0
6783,1975-12-31,"Male","Secondary","Widowed",1
6784,1990-12-31,"Male","Secondary","Married",3
6785,1985-12-31,"Male","Postgraduate","Widowed",0
6786,1974-12-31,"Male","Secondary","Divorced",1
6787,1991-12-31,"Male","Secondary","Divorced",3
6788,1979-12-31,"Male","University","Single",3
6789,1973-12-31,"Female","University","Divorced",2
6790,1974-12-31,"Female","Technical","Married",1
6791,1992-12-31,"Female","Technical","Single",2
6792,1985-12-31,"Female","Secondary","Married",1
6793,1985-12-31,"Male","Technical","Widowed",5
6794,1979-12-31,"Female","Technical","Married",0
6795,1977-12-31,"Male","Secondary","Single",0
6796,1983-12-31,"Male","University","Divorced",1
6797,1978-12-31,"Male","Technical","Married",2
6798,1978-12-31,"Female","Secondary","Married",3
6799,1965-12-31,"Female","University","Married",0
6800,1968-12-31,"Male","Technical","Married",3
6801,1986-12-31,"Female","University","Single",0
6802,1985-12-31,"Female","University","Married",1
6803,1975-12-31,"Male","University","Single",1
6804,1974-12-31,"Female","Technical","Married",3
6805,1972-12-31,"Female","University","Married",1
6806,1988-12-31,"Male","Other","Single",2
6807,1997-12-31,"Female","Secondary","Single",1
6808,1968-12-31,"Female","Secondary","Single",1
6809,1983-12-31,"Male","Secondary","Single",1
6810,1956-12-31,"Female","Secondary","Married",1
6811,1984-12-31,"Male","Postgraduate","Single",1
6812,1989-12-31,"Female","Secondary","Married",1
6813,1990-12-31,"Male","Secondary","Single",2
6814,1962-12-31,"Male","Technical","Married",0
6815,1993-12-31,"Female","Technical","Single",1
6816,1977-12-31,"Female","Postgraduate","Married",4
6817,2003-12-31,"Male","Secondary","Married",1
6818,1964-12-31,"Female","Secondary","Married",0
6819,1957-12-31,"Male","Technical","Single",2
6820,1990-12-31,"Male","Technical","Married",0
6821,1993-12-31,"Female","University","Single",2
6822,2007-12-31,"Female","Other","Single",2
6823,1979-12-31,"Male","University","Single",2
6824,1982-12-31,"Female","Secondary","Single",1
6825,2004-12-31,"Female","Postgraduate","Married",2
6826,1994-12-31,"Female","Secondary","Single",1
6827,1959-12-31,"Male","Technical","Married",2
6828,1988-12-31,"Female","Technical","Divorced",1
6829,1992-12-31,"Male","Secondary","Married",1
6830,1988-12-31,"Male","Technical","Divorced",2
6831,1970-12-31,"Female","University","Married",5
6832,1985-12-31,"Male","Secondary","Married",2
6833,1996-12-31,"Male","University","Divorced",2
6834,1985-12-31,"Male","University","Married",2
6835,1988-12-31,"Male","Secondary","Married",2
6836,1965-12-31,"Male","Secondary","Married",1
6837,1973-12-31,"Female","Technical","Married",1
6838,1999-12-31,"Male","Secondary","Single",2
6839,2005-12-31,"Female","Secondary","Married",0
6840,2002-12-31,"Male","Postgraduate","Single",2
6841,1971-12-31,"Female","Secondary","Divorced",2
6842,1989-12-31,"Female","Secondary","Married",3
6843,1969-12-31,"Male","University","Single",0
6844,1971-12-31,"Male","Secondary","Married",2
6845,1989-12-31,"Female","Secondary","Married",1
6846,1950-12-31,"Male","University","Married",1
6847,2007-12-31,"Female","University","Married",2
6848,1968-12-31,"Male","Technical","Divorced",0
6849,1979-12-31,"Male","University","Single",0
6850,1971-12-31,"Male","University","Married",4
6851,1990-12-31,"Female","University","Divorced",0
6852,1991-12-31,"Male","Technical","Married",0
6853,2004-12-31,"Female","University","Married",3
6854,1994-12-31,"Male","Secondary","Married",1
6855,1978-12-31,"Female","University","Married",1
6856,1963-12-31,"Female","Secondary","Married",0
6857,1982-12-31,"Male","University","Single",1
6858,1984-12-31,"Female","University","Single",0
6859,2004-12-31,"Male","University","Married",1
6860,1985-12-31,"Female","Secondary","Single",1
6861,1984-12-31,"Female","Technical","Single",2
6862,1986-12-31,"Female","University","Married",0
6863,1979-12-31,"Female","Postgraduate","Single",1
6864,1982-12-31,"Male","Secondary","Married",2
6865,1960-12-31,"Female","Technical","Single",1
6866,1968-12-31,"Male","University","Single",0
6867,1991-12-31,"Male","Technical","Single",1
6868,2005-12-31,"Male","Other","Single",1
6869,1990-12-31,"Female","Secondary","Married",0
6870,1991-12-31,"Male","Secondary","Divorced",0
6871,2002-12-31,"Male","Postgraduate","Single",1
6872,1983-12-31,"Female","Technical","Married",2
6873,1986-12-31,"Male","Postgraduate","Married",1
6874,1973-12-31,"Male","Technical","Married",1
6875,1971-12-31,"Male","University","Divorced",0
6876,2007-12-31,"Male","Secondary","Married",1
6877,1969-12-31,"Male","University","Single",3
6878,2005-12-31,"Male","University","Divorced",1
6879,1982-12-31,"Male","Technical","Married",0
6880,1985-12-31,"Female","Secondary","Single",1
6881,1985-12-31,"Male","Postgraduate","Married",2
6882,1986-12-31,"Male","University","Single",3
6883,1965-12-31,"Male","University","Married",2
6884,1968-12-31,"Male","Technical","Married",1
6885,1993-12-31,"Female","Secondary","Single",3
6886,1969-12-31,"Female","University","Divorced",1
6887,2002-12-31,"Male","University","Married",2
6888,1980-12-31,"Female","Technical","Married",1
6889,1987-12-31,"Female","University","Married",2
6890,1968-12-31,"Male","Secondary","Married",0
6891,1963-12-31,"Male","Secondary","Married",1
6892,1978-12-31,"Female","University","Single",3
6893,1985-12-31,"Male","Technical","Widowed",1
6894,1989-12-31,"Male","University","Divorced",1
6895,1983-12-31,"Female","Secondary","Married",0
6896,2005-12-31,"Female","Secondary","Married",1
6897,1998-12-31,"Male","University","Single",2
6898,1974-12-31,"Male","Secondary","Married",0
6899,1982-12-31,"Female","Secondary","Single",0
6900,1992-12-31,"Male","Secondary","Single",0
6901,1977-12-31,"Female","Secondary","Single",1
6902,1974-12-31,"Male","University","Single",1
6903,1973-12-31,"Female","Technical","Single",0
6904,1968-12-31,"Male","University","Widowed",0
6905,1990-12-31,"Female","Technical","Divorced",1
6906,1982-12-31,"Male","Technical","Married",4
6907,1981-12-31,"Male","Secondary","Divorced",3
6908,1957-12-31,"Female","University","Divorced",1
6909,1980-12-31,"Female","Secondary","Single",3
6910,1990-12-31,"Male","Technical","Divorced",2
6911,1985-12-31,"Male","Technical","Single",1
6912,1984-12-31,"Female","Technical","Single",1
6913,1981-12-31,"Male","Secondary","Married",1
6914,1990-12-31,"Female","Technical","Married",0
6915,1994-12-31,"Male","Secondary","Married",2
6916,1978-12-31,"Female","University","Divorced",0
6917,1985-12-31,"Male","Secondary","Married",1
6918,1983-12-31,"Male","Postgraduate","Single",0
6919,1985-12-31,"Female","University","Single",1
6920,1962-12-31,"Male","Technical","Married",1
6921,2001-12-31,"Male","Secondary","Married",3
6922,1986-12-31,"Male","Technical","Married",2
6923,1989-12-31,"Female","Technical","Married",4
6924,1973-12-31,"Male","University","Single",2
6925,1983-12-31,"Female","University","Divorced",3
6926,1992-12-31,"Male","University","Single",0
6927,1974-12-31,"Male","Secondary","Married",0
6928,2003-12-31,"Male","Secondary","Widowed",4
6929,2007-12-31,"Male","Technical","Married",2
6930,1963-12-31,"Female","Technical","Widowed",5
6931,1985-12-31,"Female","University","Single",2
6932,1982-12-31,"Male","Secondary","Single",1
6933,1993-12-31,"Female","University","Single",0
6934,1959-12-31,"Male","Technical","Widowed",1
6935,1989-12-31,"Female","University","Married",1
6936,2000-12-31,"Female","Postgraduate","Single",0
6937,1965-12-31,"Female","Postgraduate","Single",2
6938,1961-12-31,"Male","Technical","Single",3
6939,1973-12-31,"Female","University","Married",1
6940,1989-12-31,"Female","Postgraduate","Widowed",2
6941,2007-12-31,"Male","Postgraduate","Single",1
6942,1982-12-31,"Male","Technical","Single",0
6943,1976-12-31,"Female","Secondary","Married",2
6944,1965-12-31,"Female","Secondary","Single",3
6945,1989-12-31,"Female","University","Married",3
6946,1975-12-31,"Male","Postgraduate","Single",2
6947,1987-12-31,"Female","University","Widowed",1
6948,1958-12-31,"Female","University","Married",1
6949,1958-12-31,"Female","Secondary","Married",1
6950,1982-12-31,"Male","Technical","Divorced",0
6951,1963-12-31,"Female","Technical","Single",0
6952,1972-12-31,"Male","University","Married",0
6953,1999-12-31,"Female","University","Single",1
6954,1976-12-31,"Female","Technical","Divorced",1
6955,1982-12-31,"Male","Other","Married",2
6956,1983-12-31,"Male","Secondary","Single",0
6957,1994-12-31,"Male","University","Married",1
6958,1995-12-31,"Male","Secondary","Married",0
6959,1998-12-31,"Female","Secondary","Single",1
6960,1976-12-31,"Female","Secondary","Single",1
6961,1978-12-31,"Female","Postgraduate","Married",1
6962,1952-12-31,"Male","University","Married",2
6963,1992-12-31,"Other","University","Married",2
6964,1964-12-31,"Male","Secondary","Married",1
6965,1994-12-31,"Female","Technical","Single",1
6966,2007-12-31,"Male","University","Married",0
6967,1969-12-31,"Female","University","Single",0
6968,1987-12-31,"Male","University","Single",0
6969,1989-12-31,"Male","Secondary","Married",2
6970,1978-12-31,"Male","Postgraduate","Married",0
6971,1982-12-31,"Male","Technical","Divorced",0
6972,1991-12-31,"Male","University","Single",0
6973,1987-12-31,"Male","Technical","Single",1
6974,1982-12-31,"Male","Technical","Married",1
6975,1988-12-31,"Female","Secondary","Married",0
6976,1984-12-31,"Female","Technical","Married",0
6977,1979-12-31,"Female","University","Single",0
6978,1977-12-31,"Male","Technical","Single",2
6979,1983-12-31,"Male","University","Married",1
6980,1984-12-31,"Male","University","Single",1
6981,1985-12-31,"Male","Secondary","Single",0
6982,1966-12-31,"Female","Secondary","Married",1
6983,1978-12-31,"Female","Technical","Single",0
6984,1979-12-31,"Female","Technical","Married",1
6985,1987-12-31,"Female","University","Married",2
6986,1997-12-31,"Female","Technical","Divorced",1
6987,1986-12-31,"Male","Secondary","Married",2
6988,1973-12-31,"Female","Secondary","Divorced",1
6989,1991-12-31,"Female","Technical","Married",3
6990,1974-12-31,"Male","Technical","Single",1
6991,1976-12-31,"Female","Secondary","Single",2
6992,1973-12-31,"Male","Technical","Single",1
6993,1979-12-31,"Female","University","Married",0
6994,2005-12-31,"Female","Secondary","Married",0
6995,1983-12-31,"Female","University","Married",2
6996,1994-12-31,"Female","Secondary","Married",3
6997,1959-12-31,"Other","University","Single",1
6998,2007-12-31,"Male","Technical","Married",0
6999,1982-12-31,"Female","University","Married",1
7000,1969-12-31,"Female","Other","Married",0
7001,1990-12-31,"Other","Technical","Married",0
7002,1989-12-31,"Male","Secondary","Married",0
7003,1972-12-31,"Male","Secondary","Widowed",0
7004,1978-12-31,"Male","University","Married",0
7005,1988-12-31,"Female","Technical","Widowed",2
7006,1982-12-31,"Female","University","Single",1
7007,1983-12-31,"Female","University","Married",1
7008,1985-12-31,"Female","Postgraduate","Single",1
7009,1973-12-31,"Female","Technical","Married",1
7010,1973-12-31,"Female","University","Single",0
7011,1988-12-31,"Female","University","Single",0
7012,1999-12-31,"Female","University","Widowed",2
7013,2003-12-31,"Female","Secondary","Divorced",0
7014,1999-12-31,"Male","Technical","Single",0
7015,1992-12-31,"Male","Secondary","Married",2
7016,1993-12-31,"Female","Secondary","Single",2
7017,1975-12-31,"Female","Secondary","Married",1
7018,1967-12-31,"Male","University","Single",1
7019,1956-12-31,"Male","University","Married",3
7020,1983-12-31,"Female","University","Married",1
7021,1978-12-31,"Female","University","Widowed",0
7022,1969-12-31,"Female","Technical","Single",3
7023,1974-12-31,"Female","Secondary","Single",0
7024,1989-12-31,"Female","University","Married",0
7025,1980-12-31,"Male","Postgraduate","Divorced",1
7026,1988-12-31,"Male","University","Single",2
7027,1994-12-31,"Male","Secondary","Divorced",3
7028,2000-12-31,"Female","Postgraduate","Married",2
7029,1983-12-31,"Female","Other","Married",1
7030,1980-12-31,"Female","Technical","Single",0
7031,2003-12-31,"Male","University","Single",0
7032,1998-12-31,"Female","Secondary","Married",2
7033,1982-12-31,"Male","University","Married",2
7034,1979-12-31,"Female","University","Married",1
7035,1988-12-31,"Female","Technical","Single",0
7036,1993-12-31,"Male","Secondary","Married",0
7037,1979-12-31,"Male","Technical","Single",1
7038,2007-12-31,"Male","Technical","Married",2
7039,2001-12-31,"Female","University","Married",0
7040,1973-12-31,"Male","University","Married",2
7041,1982-12-31,"Male","Secondary","Single",1
7042,1974-12-31,"Female","Secondary","Married",3
7043,2005-12-31,"Female","Technical","Single",1
7044,1967-12-31,"Female","Technical","Married",2
7045,1981-12-31,"Male","Technical","Married",1
7046,1997-12-31,"Male","Postgraduate","Single",0
7047,1974-12-31,"Male","Technical","Divorced",2
7048,1983-12-31,"Male","Technical","Divorced",2
7049,1988-12-31,"Male","Secondary","Married",1
7050,1986-12-31,"Male","Technical","Married",1
7051,1991-12-31,"Male","Secondary","Single",1
7052,2000-12-31,"Female","University","Single",1
7053,1970-12-31,"Female","University","Single",0
7054,1986-12-31,"Male","Technical","Married",1
7055,1969-12-31,"Female","Secondary","Married",3
7056,1993-12-31,"Female","Secondary","Married",1
7057,1979-12-31,"Male","Secondary","Single",3
7058,1993-12-31,"Male","Secondary","Married",5
7059,2000-12-31,"Male","University","Married",0
7060,2004-12-31,"Male","Secondary","Single",3
7061,1980-12-31,"Male","Secondary","Married",3
7062,1980-12-31,"Male","Technical","Married",4
7063,1984-12-31,"Female","Secondary","Single",0
7064,2007-12-31,"Male","Secondary","Single",0
7065,1982-12-31,"Female","University","Single",0
7066,1994-12-31,"Male","University","Married",1
7067,1978-12-31,"Male","Secondary","Single",1
7068,1972-12-31,"Male","University","Divorced",3
7069,1994-12-31,"Male","University","Single",1
7070,1991-12-31,"Male","Postgraduate","Single",0
7071,1992-12-31,"Other","University","Married",0
7072,1979-12-31,"Female","University","Single",3
7073,1986-12-31,"Male","University","Married",3
7074,1982-12-31,"Male","Technical","Married",0
7075,1977-12-31,"Male","University","Married",0
7076,2007-12-31,"Male","Secondary","Married",0
7077,1978-12-31,"Female","Technical","Single",2
7078,1994-12-31,"Male","Secondary","Single",3
7079,1984-12-31,"Female","Technical","Divorced",1
7080,1983-12-31,"Female","Technical","Married",0
7081,1994-12-31,"Male","Secondary","Widowed",4
7082,1980-12-31,"Female","Postgraduate","Married",1
7083,1987-12-31,"Female","Secondary","Single",2
7084,1986-12-31,"Female","Secondary","Single",0
7085,2004-12-31,"Female","Secondary","Married",1
7086,1980-12-31,"Male","Other","Married",2
7087,1972-12-31,"Male","Postgraduate","Married",0
7088,1989-12-31,"Male","Postgraduate","Married",1
7089,1979-12-31,"Male","Secondary","Married",3
7090,1971-12-31,"Female","University","Single",0
7091,1958-12-31,"Male","University","Married",2
7092,1986-12-31,"Male","Secondary","Single",1
7093,1962-12-31,"Female","University","Single",0
7094,1982-12-31,"Male","Secondary","Married",3
7095,1980-12-31,"Female","Postgraduate","Single",3
7096,1993-12-31,"Male","University","Single",2
7097,1961-12-31,"Female","Technical","Married",0
7098,1981-12-31,"Female","Secondary","Single",2
7099,1988-12-31,"Male","Secondary","Single",1
7100,1990-12-31,"Female","Technical","Single",0
7101,1972-12-31,"Female","Postgraduate","Single",1
7102,1993-12-31,"Male","Secondary","Single",0
7103,1972-12-31,"Other","Secondary","Married",1
7104,2005-12-31,"Male","University","Married",1
7105,1980-12-31,"Female","University","Married",1
7106,1984-12-31,"Female","Secondary","Single",1
7107,1980-12-31,"Female","Secondary","Single",2
7108,1984-12-31,"Female","Secondary","Single",1
7109,1969-12-31,"Male","Postgraduate","Married",1
7110,1989-12-31,"Male","University","Married",2
7111,1976-12-31,"Female","University","Widowed",3
7112,1993-12-31,"Male","Technical","Married",1
7113,1986-12-31,"Female","Secondary","Married",2
7114,1974-12-31,"Male","Secondary","Single",1
7115,1987-12-31,"Male","Secondary","Single",2
7116,1987-12-31,"Female","Technical","Married",2
7117,1991-12-31,"Male","Secondary","Single",1
7118,1974-12-31,"Female","Technical","Single",3
7119,1987-12-31,"Female","Technical","Widowed",2
7120,1986-12-31,"Female","University","Married",1
7121,1981-12-31,"Other","Technical","Married",0
7122,1981-12-31,"Female","Technical","Married",0
7123,1977-12-31,"Female","Secondary","Married",1
7124,1956-12-31,"Female","Secondary","Single",0
7125,1974-12-31,"Female","Technical","Single",3
7126,1997-12-31,"Female","University","Single",0
7127,2003-12-31,"Female","Secondary","Widowed",2
7128,1953-12-31,"Male","University","Divorced",3
7129,1980-12-31,"Male","Secondary","Married",2
7130,1981-12-31,"Male","Technical","Married",0
7131,1996-12-31,"Male","Postgraduate","Married",0
7132,1974-12-31,"Female","University","Married",2
7133,1958-12-31,"Female","University","Divorced",0
7134,1961-12-31,"Female","Other","Married",2
7135,1952-12-31,"Female","Technical","Single",1
7136,1969-12-31,"Female","Secondary","Divorced",0
7137,1971-12-31,"Female","Postgraduate","Married",0
7138,1977-12-31,"Male","Secondary","Single",3
7139,1968-12-31,"Female","Secondary","Married",1
7140,1969-12-31,"Male","Secondary","Single",1
7141,1979-12-31,"Female","University","Single",1
7142,1993-12-31,"Male","Postgraduate","Single",1
7143,1978-12-31,"Female","University","Married",2
7144,1984-12-31,"Male","University","Single",1
7145,1972-12-31,"Male","Technical","Married",1
7146,1986-12-31,"Female","University","Married",5
7147,1967-12-31,"Male","Postgraduate","Divorced",1
7148,1990-12-31,"Male","University","Married",1
7149,1979-12-31,"Male","Technical","Married",1
7150,1989-12-31,"Male","Technical","Married",0
7151,1990-12-31,"Male","Technical","Married",2
7152,1990-12-31,"Male","Technical","Single",2
7153,1985-12-31,"Female","Technical","Single",0
7154,1981-12-31,"Male","Secondary","Divorced",1
7155,1994-12-31,"Male","Technical","Single",0
7156,1985-12-31,"Female","University","Widowed",2
7157,1986-12-31,"Female","Other","Divorced",1
7158,1996-12-31,"Female","Technical","Single",1
7159,1985-12-31,"Male","Technical","Single",0
7160,1985-12-31,"Male","Technical","Divorced",0
7161,1980-12-31,"Female","Secondary","Married",0
7162,2004-12-31,"Female","Technical","Single",1
7163,1974-12-31,"Female","Secondary","Married",0
7164,1968-12-31,"Female","Secondary","Single",2
7165,1979-12-31,"Male","University","Single",0
7166,2005-12-31,"Female","Secondary","Single",4
7167,1992-12-31,"Female","Technical","Single",1
7168,2003-12-31,"Female","University","Married",1
7169,1965-12-31,"Male","Secondary","Married",0
7170,1986-12-31,"Female","Technical","Single",0
7171,1985-12-31,"Male","University","Married",0
7172,1982-12-31,"Female","Technical","Married",2
7173,1991-12-31,"Male","University","Married",1
7174,1973-12-31,"Female","Postgraduate","Married",2
7175,1983-12-31,"Male","University","Single",4
7176,1996-12-31,"Male","Secondary","Single",0
7177,1993-12-31,"Male","University","Married",3
7178,1982-12-31,"Male","University","Married",2
7179,2006-12-31,"Male","Technical","Divorced",0
7180,1974-12-31,"Female","University","Married",0
7181,1986-12-31,"Male","Secondary","Single",0
7182,1983-12-31,"Male","University","Single",5
7183,1989-12-31,"Male","Secondary","Married",1
7184,1993-12-31,"Male","University","Married",1
7185,1978-12-31,"Male","Technical","Married",1
7186,1966-12-31,"Female","Technical","Single",2
7187,1970-12-31,"Male","Secondary","Single",1
7188,1981-12-31,"Male","University","Single",1
7189,1980-12-31,"Male","Secondary","Single",2
7190,1984-12-31,"Female","Secondary","Married",1
7191,2000-12-31,"Male","University","Single",3
7192,1987-12-31,"Male","University","Married",2
7193,1987-12-31,"Male","Secondary","Divorced",0
7194,1983-12-31,"Female","Secondary","Married",1
7195,1980-12-31,"Male","Secondary","Single",0
7196,1982-12-31,"Male","Technical","Single",2
7197,1983-12-31,"Male","University","Married",1
7198,1989-12-31,"Male","Technical","Single",0
7199,1980-12-31,"Female","Postgraduate","Single",1
7200,1954-12-31,"Female","Technical","Divorced",2
7201,1988-12-31,"Female","University","Single",0
7202,1981-12-31,"Male","Postgraduate","Divorced",2
7203,1969-12-31,"Female","Postgraduate","Married",1
7204,1972-12-31,"Male","University","Married",3
7205,1989-12-31,"Female","University","Widowed",0
7206,1993-12-31,"Female","Other","Single",1
7207,1988-12-31,"Male","Technical","Single",1
7208,1984-12-31,"Male","University","Married",0
7209,1993-12-31,"Male","Technical","Married",1
7210,1975-12-31,"Male","Technical","Single",1
7211,1999-12-31,"Female","Technical","Single",3
7212,1951-12-31,"Female","University","Married",2
7213,1979-12-31,"Female","University","Single",1
7214,1977-12-31,"Female","Technical","Married",0
7215,1995-12-31,"Female","University","Married",0
7216,1963-12-31,"Male","University","Divorced",0
7217,1981-12-31,"Male","University","Single",0
7218,2007-12-31,"Male","Secondary","Single",1
7219,1985-12-31,"Female","Technical","Married",2
7220,1952-12-31,"Male","Technical","Married",2
7221,1992-12-31,"Female","University","Widowed",1
7222,1993-12-31,"Female","University","Married",1
7223,1978-12-31,"Male","Technical","Single",0
7224,1996-12-31,"Female","Secondary","Married",1
7225,1992-12-31,"Male","University","Single",2
7226,1976-12-31,"Female","Secondary","Married",3
7227,1974-12-31,"Male","Secondary","Married",1
7228,1978-12-31,"Male","Secondary","Single",1
7229,1973-12-31,"Male","Technical","Married",2
7230,1978-12-31,"Male","Technical","Single",1
7231,1994-12-31,"Male","Other","Divorced",0
7232,1979-12-31,"Male","Postgraduate","Married",1
7233,1991-12-31,"Male","Postgraduate","Married",0
7234,1978-12-31,"Female","University","Single",2
7235,1978-12-31,"Male","Secondary","Married",1
7236,1989-12-31,"Male","Technical","Married",1
7237,1966-12-31,"Female","Technical","Married",0
7238,1976-12-31,"Male","Secondary","Married",0
7239,1995-12-31,"Female","Technical","Single",1
7240,1977-12-31,"Male","University","Single",1
7241,1966-12-31,"Male","Postgraduate","Married",1
7242,1982-12-31,"Female","Other","Single",2
7243,1996-12-31,"Female","Postgraduate","Single",3
7244,1974-12-31,"Male","Secondary","Single",1
7245,1972-12-31,"Male","University","Divorced",1
7246,2001-12-31,"Female","Secondary","Married",0
7247,1979-12-31,"Female","Secondary","Divorced",0
7248,2004-12-31,"Male","Secondary","Married",1
7249,2005-12-31,"Male","University","Single",2
7250,1978-12-31,"Female","Technical","Married",0
7251,1996-12-31,"Female","Secondary","Single",2
7252,1950-12-31,"Male","Secondary","Divorced",3
7253,1978-12-31,"Male","Technical","Married",2
7254,1984-12-31,"Male","University","Divorced",2
7255,1981-12-31,"Female","Postgraduate","Married",2
7256,1995-12-31,"Female","Technical","Married",1
7257,1958-12-31,"Male","University","Married",2
7258,2001-12-31,"Male","Secondary","Married",4
7259,1980-12-31,"Female","Secondary","Married",2
7260,1993-12-31,"Female","Technical","Widowed",0
7261,1958-12-31,"Male","Secondary","Married",0
7262,1964-12-31,"Female","University","Married",2
7263,1989-12-31,"Female","Secondary","Single",1
7264,1962-12-31,"Female","Secondary","Single",0
7265,1979-12-31,"Male","University","Married",1
7266,1971-12-31,"Female","Postgraduate","Married",2
7267,2001-12-31,"Female","Technical","Widowed",2
7268,1981-12-31,"Female","Secondary","Married",2
7269,1987-12-31,"Female","Technical","Single",2
7270,1996-12-31,"Male","University","Married",3
7271,1989-12-31,"Female","Secondary","Single",1
7272,1980-12-31,"Male","Other","Married",0
7273,1974-12-31,"Female","University","Widowed",1
7274,1990-12-31,"Female","Technical","Single",0
7275,2000-12-31,"Male","Secondary","Single",1
7276,1987-12-31,"Male","Secondary","Married",0
7277,1992-12-31,"Female","Secondary","Single",1
7278,1981-12-31,"Male","Postgraduate","Married",0
7279,1966-12-31,"Female","Secondary","Widowed",1
7280,1980-12-31,"Female","Technical","Single",0
7281,1957-12-31,"Male","Secondary","Divorced",1
7282,1982-12-31,"Female","University","Divorced",1
7283,1985-12-31,"Male","Postgraduate","Single",0
7284,1978-12-31,"Male","Postgraduate","Married",0
7285,1978-12-31,"Female","University","Single",1
7286,1977-12-31,"Female","Technical","Widowed",0
7287,1979-12-31,"Male","Secondary","Married",0
7288,1950-12-31,"Female","University","Single",4
7289,1996-12-31,"Female","University","Married",0
7290,2007-12-31,"Female","Secondary","Married",0
7291,1990-12-31,"Female","University","Single",1
7292,1980-12-31,"Female","Postgraduate","Widowed",2
7293,1978-12-31,"Male","University","Single",0
7294,1958-12-31,"Female","Technical","Married",0
7295,1983-12-31,"Female","Technical","Divorced",0
7296,1976-12-31,"Male","Technical","Married",1
7297,1999-12-31,"Male","University","Married",0
7298,1970-12-31,"Female","Technical","Married",4
7299,1984-12-31,"Female","Technical","Married",0
7300,1978-12-31,"Male","Secondary","Married",0
7301,1977-12-31,"Female","Secondary","Married",1
7302,1989-12-31,"Female","Secondary","Single",0
7303,1997-12-31,"Female","University","Widowed",1
7304,1966-12-31,"Female","Secondary","Single",1
7305,1985-12-31,"Male","University","Single",2
7306,1978-12-31,"Male","Technical","Married",1
7307,1995-12-31,"Male","University","Married",1
7308,1990-12-31,"Female","University","Single",3
7309,1995-12-31,"Male","Secondary","Married",2
7310,1978-12-31,"Female","Secondary","Single",3
7311,1974-12-31,"Female","Technical","Married",1
7312,1990-12-31,"Male","University","Married",2
7313,1989-12-31,"Male","University","Divorced",0
7314,2000-12-31,"Male","University","Married",0
7315,1978-12-31,"Male","Secondary","Married",1
7316,1982-12-31,"Male","Technical","Married",3
7317,1971-12-31,"Male","University","Married",0
7318,2001-12-31,"Male","Technical","Married",0
7319,1973-12-31,"Male","Secondary","Married",0
7320,1972-12-31,"Male","Secondary","Divorced",2
7321,1993-12-31,"Male","Secondary","Single",0
7322,1985-12-31,"Female","University","Widowed",0
7323,1998-12-31,"Male","University","Married",1
7324,1981-12-31,"Female","University","Single",4
7325,1964-12-31,"Other","Secondary","Single",2
7326,1996-12-31,"Female","University","Divorced",0
7327,1979-12-31,"Male","University","Married",1
7328,1983-12-31,"Male","Secondary","Married",2
7329,1981-12-31,"Female","University","Married",3
7330,1977-12-31,"Female","Technical","Married",2
7331,1959-12-31,"Male","University","Single",1
7332,1989-12-31,"Male","Secondary","Married",3
7333,1982-12-31,"Female","Secondary","Married",0
7334,1978-12-31,"Male","Secondary","Married",0
7335,1971-12-31,"Female","Other","Married",0
7336,1973-12-31,"Female","Postgraduate","Married",0
7337,1974-12-31,"Male","University","Married",1
7338,1983-12-31,"Female","University","Single",0
7339,1987-12-31,"Male","University","Single",2
7340,1984-12-31,"Male","University","Married",2
7341,1977-12-31,"Male","Secondary","Married",0
7342,1983-12-31,"Male","University","Married",2
7343,1996-12-31,"Female","Secondary","Single",1
7344,1990-12-31,"Male","University","Married",2
7345,1961-12-31,"Male","Postgraduate","Single",0
7346,1977-12-31,"Female","Technical","Married",0
7347,1980-12-31,"Male","Other","Single",3
7348,1974-12-31,"Female","Technical","Married",0
7349,1976-12-31,"Female","Secondary","Single",1
7350,1994-12-31,"Female","Postgraduate","Divorced",0
7351,1979-12-31,"Male","Technical","Single",1
7352,1975-12-31,"Female","University","Widowed",1
7353,1986-12-31,"Male","Secondary","Divorced",1
7354,1991-12-31,"Female","University","Married",2
7355,1977-12-31,"Male","University","Single",4
7356,1982-12-31,"Male","University","Single",2
7357,1982-12-31,"Male","Technical","Single",2
7358,1975-12-31,"Female","Secondary","Divorced",1
7359,1988-12-31,"Female","University","Divorced",1
7360,1988-12-31,"Female","University","Married",0
7361,1972-12-31,"Male","Technical","Married",0
7362,1969-12-31,"Female","Technical","Single",3
7363,1982-12-31,"Male","Secondary","Married",0
7364,2001-12-31,"Female","Technical","Single",0
7365,1964-12-31,"Female","Secondary","Divorced",1
7366,1976-12-31,"Male","Technical","Single",1
7367,1989-12-31,"Male","Technical","Married",1
7368,1998-12-31,"Male","Secondary","Single",1
7369,1981-12-31,"Female","Secondary","Single",1
7370,1981-12-31,"Female","University","Single",3
7371,1983-12-31,"Male","Secondary","Married",3
7372,1999-12-31,"Male","Secondary","Single",0
7373,2007-12-31,"Male","University","Divorced",1
7374,1985-12-31,"Female","Secondary","Married",0
7375,1975-12-31,"Male","University","Divorced",0
7376,1987-12-31,"Male","Technical","Divorced",0
7377,1996-12-31,"Male","Secondary","Divorced",3
7378,1979-12-31,"Male","Secondary","Single",0
7379,1979-12-31,"Female","University","Divorced",1
7380,1992-12-31,"Female","University","Divorced",0
7381,1985-12-31,"Male","University","Single",2
7382,1981-12-31,"Male","Secondary","Married",1
7383,1994-12-31,"Female","University","Single",2
7384,1992-12-31,"Female","University","Married",4
7385,1995-12-31,"Male","Secondary","Married",0
7386,1977-12-31,"Female","Other","Married",1
7387,1996-12-31,"Female","University","Married",1
7388,1979-12-31,"Male","University","Single",3
7389,1998-12-31,"Female","Technical","Single",3
7390,1985-12-31,"Female","Technical","Single",1
7391,1999-12-31,"Male","Secondary","Single",0
7392,1977-12-31,"Female","Technical","Single",0
7393,1985-12-31,"Female","Technical","Married",0
7394,1990-12-31,"Male","Technical","Divorced",0
7395,1976-12-31,"Male","University","Married",0
7396,1970-12-31,"Male","University","Married",5
7397,1989-12-31,"Female","University","Single",3
7398,1992-12-31,"Male","Technical","Single",2
7399,1980-12-31,"Male","Postgraduate","Divorced",0
7400,1992-12-31,"Female","Secondary","Married",2
7401,1990-12-31,"Male","Technical","Married",1
7402,1970-12-31,"Male","Technical","Single",1
7403,1980-12-31,"Other","Other","Divorced",0
7404,2004-12-31,"Female","Secondary","Married",2
7405,1993-12-31,"Female","University","Married",1
7406,1979-12-31,"Female","Postgraduate","Single",2
7407,2007-12-31,"Female","Technical","Divorced",0
7408,2007-12-31,"Female","Secondary","Married",0
7409,2007-12-31,"Male","Secondary","Single",0
7410,1984-12-31,"Male","Secondary","Married",0
7411,1975-12-31,"Male","Technical","Married",0
7412,1979-12-31,"Male","Postgraduate","Married",1
7413,1971-12-31,"Female","Secondary","Single",0
7414,1983-12-31,"Male","Technical","Single",2
7415,1994-12-31,"Male","Secondary","Single",5
7416,1982-12-31,"Female","Secondary","Single",2
7417,1997-12-31,"Male","Technical","Widowed",2
7418,1983-12-31,"Male","Secondary","Divorced",3
7419,1985-12-31,"Female","Secondary","Divorced",1
7420,1990-12-31,"Male","Secondary","Married",0
7421,1963-12-31,"Male","Technical","Married",5
7422,1984-12-31,"Male","Technical","Single",2
7423,1969-12-31,"Female","Technical","Married",0
7424,1990-12-31,"Male","Technical","Single",0
7425,1979-12-31,"Male","Secondary","Single",2
7426,1977-12-31,"Female","Secondary","Single",4
7427,1982-12-31,"Female","University","Married",0
7428,1965-12-31,"Female","Secondary","Single",2
7429,1985-12-31,"Male","Secondary","Widowed",2
7430,1958-12-31,"Male","Technical","Married",3
7431,1968-12-31,"Male","Technical","Single",1
7432,1987-12-31,"Female","Technical","Single",2
7433,1994-12-31,"Male","University","Single",1
7434,1973-12-31,"Male","Technical","Single",1
7435,1968-12-31,"Female","University","Married",0
7436,1982-12-31,"Male","Postgraduate","Single",4
7437,1997-12-31,"Male","Secondary","Married",4
7438,1984-12-31,"Female","Secondary","Single",2
7439,1979-12-31,"Female","University","Married",1
7440,1973-12-31,"Female","Technical","Single",2
7441,1977-12-31,"Female","Technical","Married",2
7442,1974-12-31,"Female","Secondary","Single",0
7443,1978-12-31,"Female","University","Married",0
7444,1977-12-31,"Female","University","Married",1
7445,1977-12-31,"Male","Technical","Married",0
7446,1988-12-31,"Female","Technical","Married",1
7447,1965-12-31,"Male","University","Single",0
7448,2006-12-31,"Male","University","Single",1
7449,1992-12-31,"Male","Secondary","Married",0
7450,1979-12-31,"Female","Technical","Divorced",2
7451,1983-12-31,"Other","Technical","Married",0
7452,1978-12-31,"Female","Secondary","Married",0
7453,1985-12-31,"Male","University","Divorced",0
7454,1968-12-31,"Male","Secondary","Married",1
7455,1987-12-31,"Female","Technical","Single",0
7456,1991-12-31,"Male","University","Single",0
7457,1984-12-31,"Female","Technical","Married",0
7458,1995-12-31,"Male","University","Widowed",1
7459,1976-12-31,"Female","Technical","Single",2
7460,1976-12-31,"Female","Secondary","Married",1
7461,1974-12-31,"Female","Secondary","Married",0
7462,1961-12-31,"Male","University","Married",0
7463,1999-12-31,"Female","Secondary","Married",1
7464,1977-12-31,"Male","Technical","Married",1
7465,2005-12-31,"Female","Technical","Married",3
7466,1985-12-31,"Female","Postgraduate","Widowed",0
7467,1975-12-31,"Female","Secondary","Married",0
7468,1968-12-31,"Female","Technical","Single",2
7469,1996-12-31,"Female","Postgraduate","Single",1
7470,1991-12-31,"Male","Secondary","Divorced",1
7471,1975-12-31,"Female","Technical","Married",1
7472,1985-12-31,"Female","Technical","Married",0
7473,1976-12-31,"Male","Secondary","Single",1
7474,1972-12-31,"Male","Postgraduate","Married",1
7475,2007-12-31,"Female","Postgraduate","Married",0
7476,1986-12-31,"Female","Secondary","Single",3
7477,1974-12-31,"Female","Postgraduate","Married",0
7478,1966-12-31,"Male","Secondary","Widowed",1
7479,1984-12-31,"Female","Technical","Single",2
7480,1991-12-31,"Female","Secondary","Widowed",0
7481,1965-12-31,"Male","University","Married",0
7482,1984-12-31,"Female","Postgraduate","Single",0
7483,1987-12-31,"Male","Other","Married",1
7484,1986-12-31,"Male","Secondary","Married",0
7485,1991-12-31,"Male","Other","Married",1
7486,1999-12-31,"Male","University","Married",1
7487,1963-12-31,"Other","University","Divorced",3
7488,1963-12-31,"Male","Secondary","Widowed",1
7489,2006-12-31,"Female","Secondary","Married",0
7490,1967-12-31,"Male","Postgraduate","Divorced",0
7491,2003-12-31,"Female","Secondary","Married",1
7492,1966-12-31,"Male","Technical","Married",2
7493,2005-12-31,"Male","Secondary","Single",0
7494,1985-12-31,"Male","Technical","Single",1
7495,1975-12-31,"Male","University","Married",0
7496,1985-12-31,"Female","University","Single",3
7497,2005-12-31,"Female","University","Single",3
7498,1991-12-31,"Female","Secondary","Divorced",0
7499,1970-12-31,"Male","Secondary","Divorced",0
7500,1988-12-31,"Female","Technical","Single",1
7501,2007-12-31,"Male","Technical","Single",1
7502,1972-12-31,"Male","Technical","Single",1
7503,1970-12-31,"Female","Secondary","Married",1
7504,1988-12-31,"Female","Technical","Married",1
7505,1979-12-31,"Male","Postgraduate","Single",1
7506,1993-12-31,"Male","Technical","Married",1
7507,1984-12-31,"Female","Secondary","Single",0
7508,1983-12-31,"Male","Technical","Single",1
7509,1987-12-31,"Male","Secondary","Married",0
7510,1978-12-31,"Male","Secondary","Married",2
7511,1962-12-31,"Female","Technical","Single",2
7512,1958-12-31,"Male","Technical","Married",1
7513,1991-12-31,"Male","University","Divorced",3
7514,1983-12-31,"Male","Secondary","Married",1
7515,1962-12-31,"Male","University","Single",2
7516,1977-12-31,"Female","Technical","Single",3
7517,1981-12-31,"Female","Secondary","Single",0
7518,1977-12-31,"Female","Secondary","Divorced",0
7519,1962-12-31,"Male","Secondary","Single",1
7520,1979-12-31,"Male","Other","Married",1
7521,1975-12-31,"Male","University","Married",0
7522,1968-12-31,"Male","Secondary","Single",2
7523,1988-12-31,"Male","Technical","Married",1
7524,1984-12-31,"Female","Secondary","Single",1
7525,1973-12-31,"Female","Technical","Married",2
7526,1974-12-31,"Female","University","Single",1
7527,1952-12-31,"Male","Secondary","Divorced",2
7528,1964-12-31,"Female","Other","Single",0
7529,1977-12-31,"Female","University","Married",3
7530,1985-12-31,"Female","University","Single",0
7531,1987-12-31,"Female","Secondary","Married",3
7532,1992-12-31,"Male","University","Married",1
7533,1965-12-31,"Female","University","Divorced",1
7534,1977-12-31,"Female","Technical","Single",2
7535,1984-12-31,"Female","Other","Married",2
7536,1994-12-31,"Female","Secondary","Widowed",1
7537,1983-12-31,"Female","University","Single",0
7538,1974-12-31,"Male","Other","Married",3
7539,1985-12-31,"Female","Secondary","Single",1
7540,1982-12-31,"Female","University","Married",4
7541,2005-12-31,"Male","Technical","Married",1
7542,1986-12-31,"Female","Technical","Single",3
7543,1982-12-31,"Female","University","Married",0
7544,1981-12-31,"Male","Secondary","Single",0
7545,2002-12-31,"Male","Secondary","Married",1
7546,1965-12-31,"Female","University","Single",1
7547,1985-12-31,"Female","Secondary","Married",2
7548,1972-12-31,"Female","Secondary","Single",2
7549,1982-12-31,"Female","University","Single",0
7550,1990-12-31,"Male","University","Divorced",0
7551,1957-12-31,"Male","Technical","Single",3
7552,1966-12-31,"Female","Secondary","Single",1
7553,1962-12-31,"Male","Secondary","Single",1
7554,2003-12-31,"Other","University","Single",1
7555,1982-12-31,"Female","Secondary","Divorced",0
7556,1981-12-31,"Male","University","Married",0
7557,1984-12-31,"Female","Postgraduate","Single",0
7558,1991-12-31,"Female","University","Married",2
7559,1982-12-31,"Male","Postgraduate","Married",2
7560,1989-12-31,"Female","Technical","Single",3
7561,1979-12-31,"Male","University","Divorced",3
7562,1960-12-31,"Male","University","Married",1
7563,1980-12-31,"Female","Secondary","Divorced",1
7564,1988-12-31,"Male","Technical","Single",2
7565,1982-12-31,"Female","Technical","Single",1
7566,1985-12-31,"Female","University","Widowed",5
7567,1986-12-31,"Female","Postgraduate","Married",1
7568,2006-12-31,"Female","Postgraduate","Single",2
7569,1978-12-31,"Male","Postgraduate","Married",1
7570,1968-12-31,"Female","University","Married",0
7571,1981-12-31,"Female","University","Divorced",3
7572,1978-12-31,"Female","Secondary","Single",1
7573,2002-12-31,"Female","Technical","Divorced",1
7574,1999-12-31,"Female","Postgraduate","Single",1
7575,1993-12-31,"Male","Secondary","Single",2
7576,1989-12-31,"Male","Postgraduate","Single",2
7577,1987-12-31,"Male","Secondary","Married",1
7578,1974-12-31,"Female","University","Single",2
7579,1978-12-31,"Female","Secondary","Married",0
7580,1998-12-31,"Female","Secondary","Single",3
7581,1985-12-31,"Female","University","Single",1
7582,1992-12-31,"Male","Technical","Married",2
7583,1970-12-31,"Male","Technical","Married",2
7584,1972-12-31,"Female","Technical","Married",0
7585,1984-12-31,"Male","Postgraduate","Single",2
7586,1980-12-31,"Female","Technical","Single",1
7587,1960-12-31,"Female","Technical","Single",1
7588,1981-12-31,"Male","Technical","Married",1
7589,1999-12-31,"Male","Technical","Married",0
7590,2007-12-31,"Female","Secondary","Married",1
7591,1987-12-31,"Female","University","Single",1
7592,1990-12-31,"Male","Secondary","Single",2
7593,1984-12-31,"Male","University","Widowed",3
7594,1987-12-31,"Female","University","Single",1
7595,1998-12-31,"Male","University","Married",1
7596,1973-12-31,"Female","Secondary","Divorced",1
7597,1978-12-31,"Female","Secondary","Divorced",1
7598,1988-12-31,"Female","Technical","Single",2
7599,1979-12-31,"Male","Technical","Widowed",2
7600,1976-12-31,"Female","University","Married",1
7601,1990-12-31,"Male","Secondary","Single",1
7602,1963-12-31,"Male","Technical","Married",2
7603,1961-12-31,"Female","Postgraduate","Single",1
7604,1977-12-31,"Female","University","Married",3
7605,1994-12-31,"Male","Technical","Married",2
7606,1980-12-31,"Male","University","Married",1
7607,1970-12-31,"Female","University","Married",1
7608,1987-12-31,"Male","Technical","Single",4
7609,1981-12-31,"Male","Technical","Single",1
7610,1976-12-31,"Male","University","Married",0
7611,1964-12-31,"Female","Secondary","Single",1
7612,1994-12-31,"Male","Technical","Single",0
7613,1978-12-31,"Male","Secondary","Single",1
7614,1971-12-31,"Female","Secondary","Divorced",0
7615,2000-12-31,"Female","Secondary","Married",2
7616,1987-12-31,"Male","Postgraduate","Single",1
7617,1969-12-31,"Male","Secondary","Married",1
7618,1973-12-31,"Male","Secondary","Single",1
7619,2007-12-31,"Female","Postgraduate","Single",2
7620,1972-12-31,"Female","Secondary","Widowed",0
7621,1965-12-31,"Male","Secondary","Single",0
7622,1966-12-31,"Female","University","Single",2
7623,1986-12-31,"Male","University","Married",1
7624,1957-12-31,"Male","University","Married",0
7625,1975-12-31,"Male","University","Single",0
7626,1993-12-31,"Male","Secondary","Married",1
7627,1993-12-31,"Male","Technical","Single",1
7628,1979-12-31,"Female","Secondary","Single",2
7629,1984-12-31,"Female","Other","Married",1
7630,1992-12-31,"Female","University","Married",2
7631,1980-12-31,"Female","Postgraduate","Married",1
7632,1986-12-31,"Male","University","Married",0
7633,1971-12-31,"Male","Postgraduate","Married",0
7634,1978-12-31,"Male","Secondary","Single",2
7635,1968-12-31,"Female","Technical","Single",1
7636,1970-12-31,"Female","Technical","Married",2
7637,1966-12-31,"Male","Secondary","Single",1
7638,2000-12-31,"Male","Postgraduate","Married",1
7639,1984-12-31,"Female","University","Married",0
7640,1972-12-31,"Female","University","Married",0
7641,1982-12-31,"Female","Technical","Single",1
7642,1980-12-31,"Male","University","Married",3
7643,1978-12-31,"Male","Postgraduate","Married",2
7644,1987-12-31,"Female","Postgraduate","Single",2
7645,1978-12-31,"Female","Technical","Single",1
7646,1997-12-31,"Male","Secondary","Divorced",1
7647,2007-12-31,"Male","Technical","Single",3
7648,2001-12-31,"Female","Secondary","Married",1
7649,1999-12-31,"Female","Postgraduate","Married",1
7650,1977-12-31,"Female","Secondary","Single",1
7651,1982-12-31,"Male","Technical","Single",3
7652,1969-12-31,"Female","Secondary","Single",4
7653,1972-12-31,"Female","Secondary","Married",1
7654,1983-12-31,"Male","University","Single",1
7655,1986-12-31,"Female","University","Married",1
7656,1966-12-31,"Female","Secondary","Married",0
7657,1990-12-31,"Female","Secondary","Single",3
7658,1975-12-31,"Female","University","Married",1
7659,1971-12-31,"Female","Technical","Divorced",1
7660,1973-12-31,"Female","Technical","Married",2
7661,1979-12-31,"Male","University","Divorced",1
7662,1959-12-31,"Female","Postgraduate","Married",5
7663,1974-12-31,"Female","University","Divorced",1
7664,1987-12-31,"Other","Secondary","Single",4
7665,1976-12-31,"Female","Other","Married",0
7666,1968-12-31,"Female","University","Married",1
7667,1982-12-31,"Female","Technical","Married",1
7668,1977-12-31,"Male","Secondary","Single",1
7669,1986-12-31,"Female","Secondary","Married",1
7670,1995-12-31,"Male","Technical","Divorced",4
7671,1985-12-31,"Female","University","Married",1
7672,1989-12-31,"Male","Postgraduate","Married",1
7673,1992-12-31,"Male","Secondary","Single",1
7674,1965-12-31,"Male","Secondary","Single",2
7675,1970-12-31,"Male","Secondary","Single",1
7676,1983-12-31,"Female","University","Divorced",0
7677,1985-12-31,"Male","Technical","Single",0
7678,1980-12-31,"Female","University","Divorced",2
7679,1984-12-31,"Male","Secondary","Married",1
7680,1974-12-31,"Male","Secondary","Married",3
7681,1987-12-31,"Male","University","Married",0
7682,1978-12-31,"Male","Secondary","Single",2
7683,1987-12-31,"Female","Technical","Married",0
7684,1967-12-31,"Female","Technical","Married",1
7685,1987-12-31,"Female","Other","Married",1
7686,1979-12-31,"Female","Technical","Divorced",0
7687,1983-12-31,"Male","Secondary","Married",2
7688,1987-12-31,"Female","University","Widowed",1
7689,1978-12-31,"Male","Secondary","Married",1
7690,1967-12-31,"Other","Technical","Divorced",0
7691,1994-12-31,"Female","Secondary","Married",1
7692,1983-12-31,"Female","Secondary","Single",2
7693,1986-12-31,"Male","Secondary","Single",0
7694,1965-12-31,"Male","University","Married",2
7695,1994-12-31,"Female","Secondary","Widowed",1
7696,1956-12-31,"Female","University","Married",1
7697,1975-12-31,"Male","Technical","Single",1
7698,1976-12-31,"Female","Technical","Single",0
7699,1974-12-31,"Female","Technical","Single",1
7700,1996-12-31,"Male","Secondary","Single",3
7701,1980-12-31,"Male","University","Single",2
7702,1977-12-31,"Female","University","Married",1
7703,1981-12-31,"Female","Secondary","Single",0
7704,1970-12-31,"Male","Secondary","Married",3
7705,1982-12-31,"Male","Secondary","Married",0
7706,1970-12-31,"Female","Technical","Married",1
7707,1962-12-31,"Female","University","Divorced",0
7708,1992-12-31,"Female","University","Single",1
7709,1975-12-31,"Male","Technical","Married",2
7710,1950-12-31,"Male","Secondary","Single",0
7711,1995-12-31,"Male","Technical","Married",0
7712,1986-12-31,"Female","Secondary","Married",3
7713,1964-12-31,"Male","Secondary","Married",1
7714,1967-12-31,"Female","Secondary","Married",0
7715,1978-12-31,"Male","Postgraduate","Single",1
7716,1996-12-31,"Female","University","Single",2
7717,1963-12-31,"Female","Secondary","Single",3
7718,1988-12-31,"Female","Secondary","Single",1
7719,1987-12-31,"Male","Secondary","Married",2
7720,1987-12-31,"Male","Secondary","Married",0
7721,1975-12-31,"Female","Secondary","Married",1
7722,1985-12-31,"Male","University","Divorced",2
7723,1963-12-31,"Female","Secondary","Married",3
7724,1966-12-31,"Male","Technical","Married",3
7725,1971-12-31,"Female","University","Single",2
7726,1984-12-31,"Female","Postgraduate","Married",2
7727,1999-12-31,"Female","Secondary","Single",2
7728,1981-12-31,"Male","Secondary","Married",1
7729,1996-12-31,"Female","Technical","Divorced",2
7730,1973-12-31,"Female","Secondary","Divorced",0
7731,1977-12-31,"Male","Technical","Divorced",1
7732,1990-12-31,"Female","Secondary","Married",1
7733,1973-12-31,"Male","Technical","Married",2
7734,1995-12-31,"Male","Secondary","Married",2
7735,1968-12-31,"Male","Technical","Single",0
7736,1958-12-31,"Male","Technical","Single",0
7737,2005-12-31,"Female","University","Married",2
7738,1979-12-31,"Female","University","Married",0
7739,1977-12-31,"Male","Technical","Married",0
7740,1999-12-31,"Female","Secondary","Single",3
7741,1989-12-31,"Male","Secondary","Single",1
7742,1964-12-31,"Female","University","Married",1
7743,1984-12-31,"Male","Technical","Married",2
7744,1973-12-31,"Male","Postgraduate","Single",1
7745,1965-12-31,"Female","Technical","Single",2
7746,2000-12-31,"Male","Secondary","Married",1
7747,1976-12-31,"Male","University","Single",1
7748,1970-12-31,"Male","University","Married",0
7749,1973-12-31,"Male","University","Married",0
7750,1985-12-31,"Male","Technical","Married",1
7751,1970-12-31,"Female","University","Married",0
7752,1990-12-31,"Male","University","Single",1
7753,1985-12-31,"Female","University","Married",0
7754,1982-12-31,"Female","University","Single",0
7755,1982-12-31,"Male","Secondary","Divorced",0
7756,2005-12-31,"Other","Secondary","Married",1
7757,1984-12-31,"Female","Postgraduate","Single",1
7758,1984-12-31,"Female","Secondary","Divorced",2
7759,1997-12-31,"Male","Secondary","Single",1
7760,1966-12-31,"Male","Postgraduate","Single",0
7761,1979-12-31,"Male","Secondary","Married",2
7762,1991-12-31,"Female","Technical","Married",3
7763,1970-12-31,"Male","Technical","Widowed",4
7764,2002-12-31,"Female","University","Divorced",1
7765,1996-12-31,"Female","University","Single",0
7766,1975-12-31,"Female","Secondary","Married",1
7767,1967-12-31,"Male","Secondary","Single",4
7768,1984-12-31,"Male","Technical","Married",0
7769,1993-12-31,"Female","Secondary","Single",0
7770,1961-12-31,"Female","Technical","Divorced",0
7771,1972-12-31,"Male","Technical","Married",1
7772,1996-12-31,"Male","Secondary","Single",3
7773,1963-12-31,"Female","Secondary","Married",2
7774,1972-12-31,"Male","Technical","Married",1
7775,1983-12-31,"Male","Postgraduate","Divorced",2
7776,1954-12-31,"Female","Secondary","Married",2
7777,2000-12-31,"Male","University","Single",0
7778,1977-12-31,"Female","Secondary","Single",1
7779,1994-12-31,"Male","Technical","Single",1
7780,1997-12-31,"Female","University","Married",1
7781,1996-12-31,"Female","Technical","Married",0
7782,2007-12-31,"Male","Secondary","Single",2
7783,1970-12-31,"Male","University","Married",0
7784,1977-12-31,"Male","University","Married",1
7785,1996-12-31,"Female","Secondary","Married",2
7786,1974-12-31,"Female","Secondary","Married",1
7787,1978-12-31,"Male","University","Single",0
7788,1965-12-31,"Female","University","Married",0
7789,1987-12-31,"Female","University","Married",1
7790,1979-12-31,"Female","Secondary","Married",1
7791,1987-12-31,"Female","Secondary","Single",2
7792,1981-12-31,"Male","Technical","Married",0
7793,1969-12-31,"Male","University","Divorced",2
7794,1986-12-31,"Male","Technical","Married",0
7795,1971-12-31,"Female","University","Married",4
7796,1981-12-31,"Female","University","Single",4
7797,1982-12-31,"Female","Postgraduate","Single",1
7798,2006-12-31,"Male","University","Married",3
7799,1990-12-31,"Female","Secondary","Divorced",2
7800,1988-12-31,"Male","Technical","Married",2
7801,1974-12-31,"Male","Other","Married",2
7802,1979-12-31,"Male","Secondary","Single",0
7803,2001-12-31,"Female","Postgraduate","Married",1
7804,1957-12-31,"Male","Secondary","Divorced",0
7805,1978-12-31,"Female","Secondary","Divorced",2
7806,2007-12-31,"Male","University","Single",2
7807,1981-12-31,"Female","University","Divorced",3
7808,1999-12-31,"Female","Secondary","Married",1
7809,1986-12-31,"Female","Technical","Married",2
7810,1984-12-31,"Female","Secondary","Married",1
7811,1992-12-31,"Male","Postgraduate","Divorced",1
7812,1977-12-31,"Female","Secondary","Divorced",3
7813,1989-12-31,"Other","University","Single",3
7814,1987-12-31,"Male","Postgraduate","Married",1
7815,1981-12-31,"Male","University","Married",2
7816,2005-12-31,"Female","University","Married",4
7817,1968-12-31,"Female","Secondary","Divorced",1
7818,1973-12-31,"Male","University","Married",1
7819,1977-12-31,"Male","Postgraduate","Married",2
7820,1983-12-31,"Female","Technical","Widowed",2
7821,1978-12-31,"Male","University","Single",0
7822,1970-12-31,"Female","Secondary","Married",4
7823,1979-12-31,"Female","Technical","Married",1
7824,1981-12-31,"Female","University","Divorced",0
7825,1994-12-31,"Male","University","Divorced",0
7826,1972-12-31,"Female","Secondary","Single",2
7827,1969-12-31,"Male","University","Married",0
7828,1972-12-31,"Male","Postgraduate","Single",1
7829,2001-12-31,"Male","Postgraduate","Married",1
7830,1986-12-31,"Female","Secondary","Married",0
7831,1989-12-31,"Male","Technical","Married",0
7832,1993-12-31,"Male","University","Single",1
7833,1972-12-31,"Male","University","Divorced",2
7834,1969-12-31,"Male","University","Single",3
7835,1982-12-31,"Female","University","Single",1
7836,1977-12-31,"Female","Secondary","Married",0
7837,1998-12-31,"Female","University","Married",1
7838,1991-12-31,"Male","Secondary","Married",2
7839,1990-12-31,"Female","Secondary","Single",2
7840,1988-12-31,"Male","University","Single",1
7841,1994-12-31,"Male","Postgraduate","Married",0
7842,1981-12-31,"Male","Technical","Married",1
7843,1992-12-31,"Male","Other","Married",0
7844,1991-12-31,"Male","Secondary","Divorced",1
7845,1986-12-31,"Male","Secondary","Divorced",0
7846,1984-12-31,"Male","Secondary","Single",0
7847,1989-12-31,"Male","Technical","Married",3
7848,1985-12-31,"Male","Technical","Married",1
7849,1970-12-31,"Male","Secondary","Married",2
7850,1971-12-31,"Female","Technical","Married",1
7851,2002-12-31,"Male","Secondary","Divorced",2
7852,1997-12-31,"Male","Technical","Single",3
7853,1985-12-31,"Female","University","Married",1
7854,2005-12-31,"Male","University","Married",3
7855,1962-12-31,"Female","Technical","Divorced",0
7856,1983-12-31,"Female","Secondary","Married",4
7857,1985-12-31,"Female","Technical","Married",2
7858,1984-12-31,"Female","Technical","Married",0
7859,1983-12-31,"Female","University","Single",2
7860,1958-12-31,"Female","Secondary","Married",0
7861,1976-12-31,"Female","Secondary","Divorced",0
7862,1966-12-31,"Male","Secondary","Single",0
7863,1975-12-31,"Male","University","Single",1
7864,1973-12-31,"Male","University","Single",0
7865,1970-12-31,"Female","University","Single",5
7866,1971-12-31,"Female","University","Widowed",1
7867,1984-12-31,"Female","Postgraduate","Married",2
7868,1984-12-31,"Female","University","Divorced",0
7869,1959-12-31,"Female","Secondary","Married",0
7870,1969-12-31,"Female","Technical","Single",4
7871,1970-12-31,"Female","University","Single",2
7872,1967-12-31,"Female","University","Married",2
7873,1991-12-31,"Female","Secondary","Married",2
7874,1967-12-31,"Female","University","Married",2
7875,1995-12-31,"Male","Technical","Single",2
7876,1983-12-31,"Other","Other","Married",4
7877,1998-12-31,"Male","Postgraduate","Married",1
7878,1981-12-31,"Male","University","Married",2
7879,1977-12-31,"Male","Technical","Single",4
7880,1989-12-31,"Female","Technical","Married",0
7881,1995-12-31,"Male","Secondary","Divorced",2
7882,1971-12-31,"Male","Secondary","Married",1
7883,1964-12-31,"Female","Technical","Married",1
7884,1975-12-31,"Female","Secondary","Married",1
7885,1991-12-31,"Female","Secondary","Single",0
7886,1980-12-31,"Female","University","Married",0
7887,1972-12-31,"Female","Secondary","Widowed",1
7888,1973-12-31,"Male","Secondary","Single",1
7889,2002-12-31,"Male","Technical","Single",1
7890,1995-12-31,"Female","University","Married",3
7891,2000-12-31,"Female","Technical","Single",2
7892,1983-12-31,"Male","Technical","Divorced",3
7893,1977-12-31,"Male","Technical","Married",2
7894,1980-12-31,"Male","Secondary","Married",1
7895,1972-12-31,"Female","University","Married",2
7896,1985-12-31,"Male","Technical","Widowed",0
7897,1978-12-31,"Male","Secondary","Divorced",2
7898,1976-12-31,"Male","Secondary","Married",2
7899,1955-12-31,"Female","University","Divorced",0
7900,1990-12-31,"Female","University","Divorced",0
7901,1988-12-31,"Male","Secondary","Single",4
7902,1976-12-31,"Male","Technical","Married",1
7903,1967-12-31,"Male","University","Widowed",4
7904,1990-12-31,"Female","Secondary","Single",0
7905,1981-12-31,"Male","Technical","Widowed",1
7906,1960-12-31,"Female","Secondary","Single",1
7907,1988-12-31,"Female","Secondary","Single",1
7908,1969-12-31,"Other","University","Divorced",1
7909,1993-12-31,"Male","Technical","Married",1
7910,1987-12-31,"Female","Technical","Single",2
7911,1991-12-31,"Male","Secondary","Single",0
7912,1961-12-31,"Male","Technical","Single",3
7913,1989-12-31,"Female","Secondary","Single",2
7914,1984-12-31,"Male","Technical","Single",3
7915,1977-12-31,"Female","Technical","Single",2
7916,1964-12-31,"Female","Postgraduate","Widowed",1
7917,1983-12-31,"Male","Technical","Single",2
7918,2004-12-31,"Female","Technical","Divorced",2
7919,1982-12-31,"Male","Secondary","Married",2
7920,1991-12-31,"Female","Technical","Single",2
7921,1991-12-31,"Female","Secondary","Married",2
7922,1988-12-31,"Female","Technical","Married",0
7923,1977-12-31,"Female","Postgraduate","Widowed",2
7924,1982-12-31,"Male","Postgraduate","Single",2
7925,1983-12-31,"Female","Secondary","Divorced",0
7926,2006-12-31,"Male","Other","Married",0
7927,1989-12-31,"Male","Technical","Single",0
7928,1976-12-31,"Female","University","Married",1
7929,1987-12-31,"Female","Technical","Single",2
7930,2002-12-31,"Male","Technical","Married",1
7931,1950-12-31,"Male","University","Married",0
7932,1984-12-31,"Female","University","Married",1
7933,1993-12-31,"Female","University","Single",2
7934,1962-12-31,"Male","Secondary","Married",2
7935,1974-12-31,"Female","Postgraduate","Married",0
7936,1971-12-31,"Male","Technical","Married",1
7937,1952-12-31,"Male","University","Married",0
7938,1989-12-31,"Male","Postgraduate","Married",2
7939,1988-12-31,"Female","Postgraduate","Married",1
7940,2003-12-31,"Male","Secondary","Single",1
7941,2002-12-31,"Male","Technical","Married",2
7942,1980-12-31,"Male","Technical","Single",1
7943,2000-12-31,"Female","Technical","Married",0
7944,1981-12-31,"Female","Secondary","Married",0
7945,2004-12-31,"Female","Secondary","Married",2
7946,1974-12-31,"Male","University","Married",1
7947,1964-12-31,"Female","University","Single",4
7948,2002-12-31,"Female","Postgraduate","Married",3
7949,1971-12-31,"Male","University","Single",1
7950,1998-12-31,"Male","Technical","Married",1
7951,1988-12-31,"Male","University","Divorced",2
7952,2006-12-31,"Female","Technical","Divorced",1
7953,1973-12-31,"Female","Secondary","Single",0
7954,1993-12-31,"Female","Technical","Divorced",3
7955,1976-12-31,"Female","University","Married",2
7956,1979-12-31,"Female","Other","Single",1
7957,1978-12-31,"Female","University","Single",0
7958,1980-12-31,"Male","Secondary","Single",0
7959,1986-12-31,"Female","Secondary","Divorced",1
7960,1956-12-31,"Male","Technical","Divorced",1
7961,1955-12-31,"Female","Technical","Married",1
7962,1979-12-31,"Female","Postgraduate","Married",1
7963,1984-12-31,"Female","University","Divorced",0
7964,1991-12-31,"Female","Postgraduate","Single",0
7965,1969-12-31,"Male","Secondary","Single",2
7966,1972-12-31,"Female","University","Single",1
7967,1970-12-31,"Male","University","Divorced",1
7968,1983-12-31,"Male","Secondary","Single",0
7969,1997-12-31,"Female","Technical","Married",2
7970,1997-12-31,"Male","Secondary","Married",2
7971,1991-12-31,"Female","Technical","Married",1
7972,1986-12-31,"Female","Technical","Married",1
7973,1966-12-31,"Female","University","Married",0
7974,1975-12-31,"Female","University","Married",2
7975,2007-12-31,"Male","Postgraduate","Married",2
7976,1961-12-31,"Male","Technical","Married",1
7977,1967-12-31,"Male","Technical","Married",0
7978,1967-12-31,"Female","Other","Single",1
7979,2001-12-31,"Female","Technical","Married",1
7980,1991-12-31,"Female","University","Married",0
7981,1971-12-31,"Female","Technical","Widowed",1
7982,1960-12-31,"Male","University","Married",0
7983,1976-12-31,"Male","University","Married",0
7984,1950-12-31,"Male","Technical","Widowed",2
7985,1970-12-31,"Male","Secondary","Married",1
7986,1984-12-31,"Female","University","Divorced",1
7987,1969-12-31,"Male","University","Single",1
7988,1983-12-31,"Female","University","Single",1
7989,1982-12-31,"Male","Secondary","Single",0
7990,1992-12-31,"Male","Technical","Single",1
7991,2005-12-31,"Male","Secondary","Single",1
7992,1988-12-31,"Female","University","Single",0
7993,1976-12-31,"Female","Technical","Single",1
7994,2005-12-31,"Male","Postgraduate","Divorced",2
7995,1992-12-31,"Male","Secondary","Married",1
7996,1979-12-31,"Male","Secondary","Single",1
7997,1981-12-31,"Female","Secondary","Single",1
7998,1976-12-31,"Female","Other","Married",2
7999,1965-12-31,"Male","University","Single",3
8000,1994-12-31,"Male","Technical","Single",2
8001,2000-12-31,"Male","University","Married",1
8002,2007-12-31,"Female","Secondary","Married",0
8003,1965-12-31,"Female","University","Widowed",4
8004,2007-12-31,"Male","University","Married",0
8005,1974-12-31,"Female","Technical","Single",0
8006,2005-12-31,"Male","Secondary","Single",1
8007,1989-12-31,"Female","University","Divorced",2
8008,2007-12-31,"Female","Secondary","Married",1
8009,1968-12-31,"Male","University","Widowed",2
8010,1990-12-31,"Female","University","Divorced",1
8011,1997-12-31,"Female","Secondary","Married",3
8012,1961-12-31,"Male","Secondary","Married",1
8013,1977-12-31,"Male","University","Single",0
8014,1977-12-31,"Female","University","Single",5
8015,1986-12-31,"Female","University","Married",1
8016,1987-12-31,"Male","Technical","Single",0
8017,1995-12-31,"Male","Postgraduate","Married",0
8018,1992-12-31,"Male","Technical","Single",1
8019,1981-12-31,"Female","Technical","Single",3
8020,1986-12-31,"Female","Technical","Married",1
8021,1979-12-31,"Male","Secondary","Married",1
8022,1999-12-31,"Female","Secondary","Divorced",0
8023,1979-12-31,"Female","Technical","Widowed",1
8024,1955-12-31,"Female","University","Married",3
8025,1977-12-31,"Female","University","Divorced",1
8026,1950-12-31,"Male","Secondary","Single",0
8027,1965-12-31,"Male","University","Married",4
8028,1978-12-31,"Female","University","Single",1
8029,1997-12-31,"Female","University","Married",1
8030,1980-12-31,"Female","University","Married",0
8031,1977-12-31,"Male","University","Married",0
8032,1992-12-31,"Male","University","Married",1
8033,1976-12-31,"Male","Secondary","Single",2
8034,1977-12-31,"Female","University","Married",0
8035,1974-12-31,"Female","Secondary","Married",1
8036,1990-12-31,"Female","University","Single",1
8037,1995-12-31,"Male","Secondary","Single",0
8038,1982-12-31,"Male","University","Married",0
8039,1980-12-31,"Female","University","Married",2
8040,1983-12-31,"Male","Secondary","Single",0
8041,2000-12-31,"Male","University","Married",2
8042,1974-12-31,"Male","Secondary","Single",2
8043,1986-12-31,"Female","University","Single",1
8044,1994-12-31,"Other","Secondary","Divorced",1
8045,1991-12-31,"Female","Postgraduate","Married",1
8046,1996-12-31,"Female","Technical","Married",1
8047,1989-12-31,"Female","University","Divorced",0
8048,1991-12-31,"Female","Secondary","Divorced",1
8049,1965-12-31,"Male","University","Single",0
8050,1986-12-31,"Male","University","Married",1
8051,1982-12-31,"Female","University","Divorced",2
8052,1983-12-31,"Male","University","Divorced",0
8053,1992-12-31,"Male","University","Single",2
8054,2006-12-31,"Female","Secondary","Married",5
8055,1983-12-31,"Male","Technical","Single",2
8056,1982-12-31,"Male","Secondary","Divorced",0
8057,1994-12-31,"Female","University","Single",0
8058,1983-12-31,"Male","Secondary","Single",2
8059,1990-12-31,"Female","University","Single",2
8060,1975-12-31,"Female","Other","Divorced",2
8061,1996-12-31,"Female","Technical","Married",0
8062,1979-12-31,"Male","Technical","Divorced",0
8063,2002-12-31,"Male","Technical","Single",0
8064,1987-12-31,"Female","Technical","Married",2
8065,1975-12-31,"Male","Secondary","Married",0
8066,1977-12-31,"Female","Secondary","Single",1
8067,1993-12-31,"Female","Postgraduate","Married",0
8068,1978-12-31,"Male","Technical","Single",1
8069,1980-12-31,"Male","Secondary","Divorced",2
8070,1979-12-31,"Male","Technical","Single",1
8071,1993-12-31,"Female","University","Single",2
8072,1989-12-31,"Male","Secondary","Single",0
8073,1983-12-31,"Male","University","Married",1
8074,1971-12-31,"Female","Technical","Divorced",0
8075,1972-12-31,"Male","Secondary","Divorced",1
8076,1985-12-31,"Female","University","Widowed",0
8077,2006-12-31,"Male","Secondary","Divorced",2
8078,1986-12-31,"Female","Technical","Married",0
8079,1976-12-31,"Male","Other","Single",3
8080,1994-12-31,"Male","Technical","Single",1
8081,1983-12-31,"Male","University","Divorced",3
8082,1974-12-31,"Male","Technical","Married",1
8083,1996-12-31,"Male","University","Widowed",2
8084,1991-12-31,"Female","Secondary","Married",0
8085,1975-12-31,"Male","Postgraduate","Married",2
8086,2005-12-31,"Male","Postgraduate","Married",0
8087,1987-12-31,"Male","Technical","Married",2
8088,1986-12-31,"Male","Technical","Single",0
8089,1971-12-31,"Female","Secondary","Single",0
8090,1975-12-31,"Female","Technical","Single",0
8091,1969-12-31,"Male","Secondary","Married",1
8092,2001-12-31,"Female","Secondary","Married",0
8093,1950-12-31,"Female","Postgraduate","Single",0
8094,1993-12-31,"Female","University","Divorced",1
8095,1981-12-31,"Male","University","Divorced",4
8096,1971-12-31,"Female","Secondary","Single",2
8097,1975-12-31,"Female","Secondary","Widowed",1
8098,1980-12-31,"Male","University","Single",3
8099,1964-12-31,"Female","Secondary","Married",2
8100,1989-12-31,"Male","University","Married",1
8101,1989-12-31,"Female","Secondary","Single",0
8102,1976-12-31,"Female","Technical","Single",1
8103,2005-12-31,"Female","University","Single",0
8104,1995-12-31,"Male","Technical","Married",1
8105,2007-12-31,"Male","Secondary","Divorced",2
8106,1998-12-31,"Male","University","Married",1
8107,1993-12-31,"Male","Secondary","Married",2
8108,1978-12-31,"Male","Technical","Married",2
8109,1975-12-31,"Female","Other","Single",0
8110,1987-12-31,"Female","Secondary","Married",0
8111,1995-12-31,"Female","University","Widowed",2
8112,1983-12-31,"Male","Postgraduate","Married",2
8113,1986-12-31,"Female","University","Married",3
8114,1974-12-31,"Male","University","Married",0
8115,1965-12-31,"Female","Postgraduate","Married",2
8116,1982-12-31,"Female","Technical","Married",3
8117,1976-12-31,"Female","Technical","Widowed",3
8118,1991-12-31,"Female","Postgraduate","Married",2
8119,1998-12-31,"Male","Technical","Married",3
8120,1963-12-31,"Male","University","Single",0
8121,1984-12-31,"Male","Technical","Married",1
8122,1997-12-31,"Male","Secondary","Married",0
8123,1980-12-31,"Female","University","Single",2
8124,1984-12-31,"Male","Secondary","Married",1
8125,1967-12-31,"Male","Technical","Single",1
8126,1995-12-31,"Female","Other","Married",2
8127,1989-12-31,"Female","University","Single",1
8128,1965-12-31,"Female","Secondary","Divorced",0
8129,1983-12-31,"Male","Technical","Single",3
8130,1985-12-31,"Female","Other","Single",1
8131,1981-12-31,"Male","Secondary","Married",2
8132,1975-12-31,"Male","Secondary","Married",1
8133,1997-12-31,"Male","Technical","Married",2
8134,1992-12-31,"Female","Technical","Married",1
8135,1984-12-31,"Female","Secondary","Married",1
8136,1969-12-31,"Female","Technical","Married",2
8137,1989-12-31,"Female","Technical","Divorced",1
8138,1972-12-31,"Female","University","Single",3
8139,1985-12-31,"Female","University","Single",2
8140,1992-12-31,"Male","Postgraduate","Married",1
8141,1988-12-31,"Male","Secondary","Married",0
8142,1970-12-31,"Female","Technical","Married",1
8143,1985-12-31,"Female","Secondary","Single",0
8144,2001-12-31,"Male","Secondary","Divorced",0
8145,1975-12-31,"Male","Secondary","Married",1
8146,1999-12-31,"Male","Secondary","Single",1
8147,1983-12-31,"Male","Postgraduate","Married",2
8148,1973-12-31,"Female","Secondary","Single",3
8149,1995-12-31,"Female","University","Married",1
8150,1988-12-31,"Female","Technical","Single",1
8151,1983-12-31,"Female","University","Single",2
8152,2005-12-31,"Female","University","Divorced",2
8153,1985-12-31,"Female","University","Divorced",0
8154,1963-12-31,"Female","Secondary","Single",2
8155,1991-12-31,"Female","University","Married",0
8156,1990-12-31,"Male","University","Single",1
8157,1962-12-31,"Male","Technical","Married",1
8158,1989-12-31,"Male","Technical","Married",1
8159,1972-12-31,"Male","University","Widowed",2
8160,1990-12-31,"Male","Secondary","Single",0
8161,1958-12-31,"Male","Technical","Widowed",2
8162,1993-12-31,"Male","Secondary","Married",1
8163,1982-12-31,"Female","Technical","Married",0
8164,1960-12-31,"Male","Other","Single",1
8165,1971-12-31,"Male","Secondary","Divorced",3
8166,1987-12-31,"Female","Secondary","Married",2
8167,1985-12-31,"Male","Technical","Single",0
8168,1975-12-31,"Male","Technical","Single",2
8169,1976-12-31,"Male","Technical","Single",1
8170,1989-12-31,"Male","University","Single",1
8171,2007-12-31,"Male","Technical","Single",1
8172,1997-12-31,"Female","University","Single",0
8173,1977-12-31,"Female","University","Divorced",0
8174,1961-12-31,"Female","Secondary","Married",2
8175,2005-12-31,"Female","University","Married",0
8176,1986-12-31,"Male","Secondary","Married",1
8177,1994-12-31,"Female","Secondary","Married",0
8178,1981-12-31,"Male","University","Divorced",2
8179,1950-12-31,"Male","Technical","Married",2
8180,1974-12-31,"Male","Secondary","Divorced",1
8181,2007-12-31,"Male","Secondary","Single",3
8182,2001-12-31,"Male","Secondary","Single",0
8183,2007-12-31,"Male","Technical","Single",1
8184,1976-12-31,"Female","Other","Married",0
8185,1982-12-31,"Female","University","Married",1
8186,1969-12-31,"Male","Secondary","Single",0
8187,1979-12-31,"Female","Secondary","Single",0
8188,1978-12-31,"Male","Secondary","Married",1
8189,2000-12-31,"Male","Technical","Divorced",1
8190,1996-12-31,"Male","University","Married",2
8191,1962-12-31,"Female","Technical","Married",1
8192,1990-12-31,"Female","Technical","Single",0
8193,1973-12-31,"Male","Technical","Divorced",1
8194,1981-12-31,"Male","Secondary","Single",1
8195,1991-12-31,"Female","Postgraduate","Married",1
8196,1977-12-31,"Male","Technical","Married",2
8197,1995-12-31,"Female","Technical","Divorced",3
8198,1976-12-31,"Female","Technical","Married",0
8199,1983-12-31,"Female","University","Single",0
8200,1988-12-31,"Male","University","Single",0
8201,1960-12-31,"Female","University","Married",1
8202,1975-12-31,"Female","University","Divorced",1
8203,1977-12-31,"Male","Technical","Married",2
8204,1995-12-31,"Female","Secondary","Married",3
8205,1979-12-31,"Female","University","Single",0
8206,1968-12-31,"Male","University","Divorced",0
8207,1969-12-31,"Male","Other","Married",1
8208,1986-12-31,"Female","Other","Married",3
8209,1976-12-31,"Male","Postgraduate","Single",3
8210,1987-12-31,"Female","University","Single",0
8211,1979-12-31,"Male","University","Married",1
8212,1992-12-31,"Female","University","Single",1
8213,1987-12-31,"Female","Technical","Divorced",2
8214,2000-12-31,"Male","Other","Single",1
8215,1993-12-31,"Male","Secondary","Single",1
8216,1967-12-31,"Female","Secondary","Married",3
8217,1986-12-31,"Male","Technical","Single",1
8218,1975-12-31,"Male","Technical","Single",0
8219,2000-12-31,"Female","Secondary","Divorced",1
8220,1970-12-31,"Male","Technical","Single",1
8221,1998-12-31,"Female","Secondary","Married",2
8222,1977-12-31,"Female","Secondary","Married",0
8223,1987-12-31,"Male","University","Married",4
8224,1960-12-31,"Male","University","Widowed",1
8225,1970-12-31,"Female","University","Single",2
8226,1982-12-31,"Male","Secondary","Single",2
8227,1996-12-31,"Male","University","Married",3
8228,1975-12-31,"Male","Secondary","Divorced",2
8229,1957-12-31,"Male","Secondary","Single",3
8230,1985-12-31,"Male","Technical","Married",1
8231,1977-12-31,"Male","Technical","Married",0
8232,1984-12-31,"Female","Technical","Divorced",3
8233,1978-12-31,"Male","Technical","Single",0
8234,1979-12-31,"Male","Technical","Single",0
8235,1981-12-31,"Male","University","Single",1
8236,1993-12-31,"Male","Postgraduate","Married",1
8237,1999-12-31,"Other","Postgraduate","Married",1
8238,1999-12-31,"Male","Secondary","Married",1
8239,1953-12-31,"Male","University","Married",2
8240,1970-12-31,"Male","University","Single",1
8241,1987-12-31,"Male","Secondary","Married",1
8242,1998-12-31,"Female","Postgraduate","Married",1
8243,1981-12-31,"Female","University","Single",1
8244,1985-12-31,"Male","University","Single",1
8245,1982-12-31,"Male","Postgraduate","Married",3
8246,2007-12-31,"Female","Secondary","Divorced",1
8247,2003-12-31,"Female","University","Married",1
8248,1980-12-31,"Male","Secondary","Married",2
8249,1980-12-31,"Male","Technical","Married",1
8250,1991-12-31,"Female","University","Married",1
8251,1998-12-31,"Male","University","Widowed",1
8252,1975-12-31,"Male","Secondary","Married",3
8253,1964-12-31,"Male","Secondary","Married",4
8254,1986-12-31,"Male","Secondary","Single",3
8255,1977-12-31,"Female","Postgraduate","Single",0
8256,1970-12-31,"Male","Secondary","Married",1
8257,1964-12-31,"Female","University","Married",2
8258,1989-12-31,"Male","Technical","Married",2
8259,1955-12-31,"Male","Technical","Single",1
8260,1986-12-31,"Male","Secondary","Married",2
8261,1984-12-31,"Female","University","Married",3
8262,2002-12-31,"Other","Technical","Married",1
8263,1988-12-31,"Female","Technical","Single",2
8264,1972-12-31,"Female","University","Divorced",1
8265,1993-12-31,"Male","University","Single",1
8266,1982-12-31,"Male","Technical","Divorced",0
8267,1970-12-31,"Male","University","Married",2
8268,1986-12-31,"Female","Secondary","Single",1
8269,1987-12-31,"Male","University","Single",0
8270,1990-12-31,"Female","Secondary","Married",0
8271,1965-12-31,"Female","Postgraduate","Single",2
8272,1984-12-31,"Male","Other","Married",5
8273,1996-12-31,"Female","Secondary","Single",1
8274,1988-12-31,"Female","University","Married",1
8275,1970-12-31,"Female","University","Widowed",0
8276,1979-12-31,"Male","University","Single",1
8277,1973-12-31,"Male","Technical","Married",0
8278,1989-12-31,"Male","University","Single",3
8279,1985-12-31,"Female","Technical","Married",3
8280,1982-12-31,"Female","Technical","Married",2
8281,1960-12-31,"Male","University","Single",1
8282,1994-12-31,"Female","Secondary","Married",0
8283,1995-12-31,"Female","University","Divorced",1
8284,2007-12-31,"Male","Secondary","Married",0
8285,1963-12-31,"Female","Secondary","Divorced",0
8286,1957-12-31,"Female","University","Single",2
8287,1976-12-31,"Female","Technical","Divorced",0
8288,1980-12-31,"Male","University","Single",0
8289,1990-12-31,"Female","Secondary","Single",1
8290,1989-12-31,"Male","Secondary","Married",0
8291,1981-12-31,"Other","University","Married",2
8292,1978-12-31,"Female","Secondary","Married",0
8293,1980-12-31,"Male","Technical","Single",4
8294,1978-12-31,"Male","Postgraduate","Single",0
8295,2007-12-31,"Male","Secondary","Married",2
8296,1970-12-31,"Male","Secondary","Married",3
8297,2007-12-31,"Female","University","Single",0
8298,1987-12-31,"Male","University","Single",1
8299,1976-12-31,"Female","University","Married",0
8300,1967-12-31,"Female","University","Single",1
8301,1988-12-31,"Male","University","Married",0
8302,1963-12-31,"Female","University","Single",0
8303,1978-12-31,"Female","Technical","Divorced",2
8304,1988-12-31,"Female","Technical","Married",2
8305,1979-12-31,"Female","University","Widowed",0
8306,1972-12-31,"Female","Technical","Divorced",1
8307,1977-12-31,"Male","Technical","Single",1
8308,1966-12-31,"Male","University","Married",0
8309,1996-12-31,"Other","University","Married",1
8310,1982-12-31,"Female","Secondary","Married",0
8311,1970-12-31,"Female","Secondary","Married",1
8312,1984-12-31,"Other","Technical","Single",0
8313,1967-12-31,"Male","Technical","Married",4
8314,1968-12-31,"Female","Secondary","Single",4
8315,1972-12-31,"Male","University","Married",1
8316,1987-12-31,"Male","University","Married",3
8317,1981-12-31,"Male","University","Married",0
8318,1991-12-31,"Male","University","Single",4
8319,1987-12-31,"Female","Secondary","Married",2
8320,1974-12-31,"Female","Secondary","Single",3
8321,1986-12-31,"Female","Secondary","Married",0
8322,1976-12-31,"Male","University","Married",2
8323,1987-12-31,"Male","University","Single",0
8324,1976-12-31,"Female","Secondary","Single",0
8325,1983-12-31,"Female","Postgraduate","Single",3
8326,1973-12-31,"Female","University","Single",5
8327,1980-12-31,"Female","University","Single",1
8328,1978-12-31,"Female","Postgraduate","Divorced",2
8329,1989-12-31,"Male","Secondary","Married",0
8330,1976-12-31,"Female","Secondary","Divorced",1
8331,1994-12-31,"Female","Technical","Single",2
8332,1991-12-31,"Female","Secondary","Married",1
8333,1969-12-31,"Male","University","Single",1
8334,1978-12-31,"Female","Technical","Single",2
8335,1989-12-31,"Male","Secondary","Single",2
8336,1995-12-31,"Male","Technical","Single",0
8337,1990-12-31,"Female","University","Divorced",1
8338,1981-12-31,"Female","Secondary","Single",2
8339,1969-12-31,"Female","Secondary","Single",1
8340,1987-12-31,"Male","University","Single",0
8341,1990-12-31,"Female","Secondary","Single",0
8342,1987-12-31,"Male","Other","Married",1
8343,1978-12-31,"Female","Secondary","Single",0
8344,1964-12-31,"Male","Secondary","Divorced",0
8345,1986-12-31,"Female","Secondary","Single",4
8346,1980-12-31,"Female","Technical","Married",0
8347,1985-12-31,"Female","Technical","Single",2
8348,1973-12-31,"Male","Technical","Single",1
8349,1974-12-31,"Male","Technical","Single",2
8350,1992-12-31,"Female","Secondary","Single",0
8351,1988-12-31,"Male","Technical","Single",0
8352,1961-12-31,"Female","Secondary","Single",3
8353,1970-12-31,"Male","University","Single",0
8354,1984-12-31,"Male","Secondary","Single",4
8355,1986-12-31,"Female","Secondary","Divorced",0
8356,2006-12-31,"Female","University","Married",0
8357,1987-12-31,"Male","University","Divorced",1
8358,1986-12-31,"Male","Technical","Married",2
8359,1978-12-31,"Female","University","Single",2
8360,1965-12-31,"Male","Technical","Single",1
8361,1977-12-31,"Female","Secondary","Divorced",3
8362,1975-12-31,"Male","University","Married",2
8363,1981-12-31,"Male","Technical","Married",0
8364,1975-12-31,"Male","Secondary","Married",0
8365,1971-12-31,"Male","Technical","Single",1
8366,1996-12-31,"Male","University","Single",0
8367,1973-12-31,"Male","University","Single",0
8368,1989-12-31,"Male","Technical","Divorced",2
8369,1995-12-31,"Female","University","Married",2
8370,1990-12-31,"Male","Secondary","Single",1
8371,1981-12-31,"Female","Secondary","Divorced",1
8372,1963-12-31,"Female","Secondary","Married",0
8373,2001-12-31,"Female","Technical","Married",0
8374,1977-12-31,"Male","University","Single",1
8375,1981-12-31,"Male","University","Single",0
8376,1978-12-31,"Male","Postgraduate","Single",4
8377,1995-12-31,"Female","Secondary","Widowed",2
8378,1980-12-31,"Female","Secondary","Married",1
8379,1993-12-31,"Female","Postgraduate","Married",0
8380,1966-12-31,"Female","University","Married",2
8381,1979-12-31,"Female","Technical","Married",0
8382,1993-12-31,"Male","Technical","Divorced",0
8383,1981-12-31,"Female","University","Single",3
8384,1957-12-31,"Other","Technical","Married",3
8385,1954-12-31,"Male","University","Single",3
8386,1979-12-31,"Female","Postgraduate","Single",2
8387,1973-12-31,"Male","Secondary","Married",0
8388,1988-12-31,"Male","Secondary","Single",0
8389,1986-12-31,"Male","Secondary","Single",1
8390,1982-12-31,"Female","University","Married",0
8391,2000-12-31,"Female","Technical","Widowed",2
8392,1978-12-31,"Other","Technical","Married",0
8393,1987-12-31,"Female","University","Married",0
8394,1993-12-31,"Female","Secondary","Widowed",4
8395,1967-12-31,"Male","Other","Single",2
8396,1995-12-31,"Male","Secondary","Single",2
8397,1974-12-31,"Male","University","Married",2
8398,1975-12-31,"Female","University","Married",1
8399,1995-12-31,"Female","Secondary","Divorced",0
8400,1968-12-31,"Male","Technical","Married",1
8401,1994-12-31,"Female","Secondary","Single",2
8402,1971-12-31,"Male","University","Married",1
8403,1977-12-31,"Female","Secondary","Married",2
8404,1969-12-31,"Female","Other","Married",3
8405,1974-12-31,"Male","University","Divorced",1
8406,1974-12-31,"Female","Postgraduate","Married",2
8407,1988-12-31,"Male","Postgraduate","Married",2
8408,1977-12-31,"Male","Technical","Married",0
8409,1978-12-31,"Female","Technical","Divorced",1
8410,1982-12-31,"Female","Technical","Married",1
8411,1997-12-31,"Female","Technical","Divorced",2
8412,1955-12-31,"Female","Postgraduate","Divorced",0
8413,1981-12-31,"Male","University","Married",3
8414,1977-12-31,"Male","Secondary","Single",3
8415,1975-12-31,"Female","Secondary","Widowed",3
8416,1991-12-31,"Male","Technical","Married",1
8417,1980-12-31,"Male","Postgraduate","Married",2
8418,1982-12-31,"Female","Technical","Widowed",0
8419,1980-12-31,"Male","Technical","Divorced",2
8420,1975-12-31,"Male","Postgraduate","Single",0
8421,1984-12-31,"Male","Technical","Single",1
8422,1952-12-31,"Male","Secondary","Single",0
8423,1979-12-31,"Male","Secondary","Married",0
8424,2007-12-31,"Male","Technical","Married",0
8425,1965-12-31,"Male","Secondary","Married",2
8426,1994-12-31,"Female","University","Divorced",1
8427,2007-12-31,"Male","Technical","Single",4
8428,1980-12-31,"Male","Secondary","Married",4
8429,2003-12-31,"Male","University","Married",1
8430,2001-12-31,"Female","University","Single",2
8431,1981-12-31,"Male","Postgraduate","Married",1
8432,1975-12-31,"Male","Technical","Single",0
8433,1993-12-31,"Female","University","Divorced",2
8434,1975-12-31,"Female","Technical","Widowed",1
8435,1958-12-31,"Female","Secondary","Single",2
8436,1991-12-31,"Male","Secondary","Divorced",0
8437,1974-12-31,"Male","Secondary","Married",1
8438,1982-12-31,"Female","Postgraduate","Married",0
8439,1985-12-31,"Female","Technical","Single",2
8440,1971-12-31,"Female","Secondary","Divorced",1
8441,1978-12-31,"Male","Technical","Single",2
8442,2000-12-31,"Other","Secondary","Married",1
8443,1961-12-31,"Male","Secondary","Single",1
8444,1987-12-31,"Male","Other","Married",3
8445,1973-12-31,"Female","University","Single",3
8446,1982-12-31,"Male","Technical","Divorced",2
8447,1997-12-31,"Female","University","Single",2
8448,1992-12-31,"Male","University","Married",1
8449,2007-12-31,"Male","Secondary","Single",0
8450,1992-12-31,"Female","University","Widowed",2
8451,1984-12-31,"Female","Technical","Widowed",2
8452,2002-12-31,"Female","Other","Divorced",3
8453,2003-12-31,"Female","Secondary","Married",0
8454,1956-12-31,"Female","University","Married",1
8455,1991-12-31,"Male","Secondary","Married",5
8456,2007-12-31,"Male","Secondary","Married",2
8457,1983-12-31,"Female","Postgraduate","Single",1
8458,1989-12-31,"Male","Technical","Married",2
8459,1972-12-31,"Female","University","Single",3
8460,1982-12-31,"Male","Technical","Single",1
8461,1981-12-31,"Female","Secondary","Married",3
8462,1998-12-31,"Female","Technical","Married",2
8463,1961-12-31,"Male","Postgraduate","Divorced",0
8464,1979-12-31,"Male","Technical","Divorced",1
8465,1974-12-31,"Female","Technical","Single",2
8466,1984-12-31,"Female","Technical","Single",3
8467,1969-12-31,"Male","Secondary","Single",1
8468,1975-12-31,"Male","Technical","Widowed",2
8469,1975-12-31,"Male","Secondary","Divorced",2
8470,1989-12-31,"Female","Secondary","Married",0
8471,1979-12-31,"Female","Postgraduate","Married",0
8472,1976-12-31,"Male","University","Single",3
8473,1984-12-31,"Female","Technical","Married",2
8474,1979-12-31,"Male","Secondary","Single",1
8475,1973-12-31,"Female","Secondary","Single",4
8476,1969-12-31,"Male","Other","Divorced",1
8477,1961-12-31,"Male","Secondary","Married",2
8478,2002-12-31,"Female","Secondary","Single",0
8479,1965-12-31,"Male","University","Single",4
8480,1977-12-31,"Female","University","Married",2
8481,1965-12-31,"Female","Secondary","Single",2
8482,1988-12-31,"Male","University","Single",3
8483,1988-12-31,"Female","Secondary","Divorced",1
8484,1989-12-31,"Male","Technical","Widowed",3
8485,2007-12-31,"Female","University","Widowed",1
8486,1975-12-31,"Female","Technical","Single",0
8487,1979-12-31,"Female","University","Single",2
8488,1991-12-31,"Female","University","Married",1
8489,1976-12-31,"Female","Technical","Single",1
8490,1951-12-31,"Female","University","Single",0
8491,1982-12-31,"Male","Secondary","Married",3
8492,1985-12-31,"Female","Secondary","Divorced",1
8493,1985-12-31,"Female","Secondary","Single",3
8494,1967-12-31,"Female","Secondary","Married",3
8495,1986-12-31,"Female","Secondary","Single",0
8496,1983-12-31,"Male","Secondary","Single",1
8497,1982-12-31,"Female","University","Single",0
8498,1994-12-31,"Male","University","Married",2
8499,1976-12-31,"Female","Technical","Single",2
8500,1964-12-31,"Female","Technical","Single",3
8501,1960-12-31,"Female","University","Married",0
8502,1950-12-31,"Male","Technical","Single",1
8503,1982-12-31,"Male","Secondary","Divorced",4
8504,1976-12-31,"Male","University","Single",0
8505,1972-12-31,"Male","University","Divorced",2
8506,1966-12-31,"Male","Technical","Single",4
8507,1979-12-31,"Female","University","Single",3
8508,1987-12-31,"Female","Secondary","Married",1
8509,1989-12-31,"Female","Technical","Married",2
8510,2002-12-31,"Female","Secondary","Widowed",0
8511,1962-12-31,"Male","Technical","Widowed",1
8512,1974-12-31,"Male","University","Single",1
8513,1981-12-31,"Female","University","Widowed",0
8514,1998-12-31,"Male","Technical","Widowed",4
8515,1980-12-31,"Female","Postgraduate","Single",1
8516,1985-12-31,"Female","Secondary","Married",0
8517,1983-12-31,"Female","Secondary","Divorced",2
8518,1989-12-31,"Male","University","Married",3
8519,1990-12-31,"Male","Technical","Single",0
8520,1976-12-31,"Female","Postgraduate","Widowed",1
8521,1983-12-31,"Male","Secondary","Married",1
8522,2006-12-31,"Other","University","Married",1
8523,1982-12-31,"Female","Technical","Divorced",1
8524,1968-12-31,"Female","Secondary","Married",1
8525,1973-12-31,"Female","Secondary","Divorced",3
8526,1973-12-31,"Female","Technical","Divorced",2
8527,1979-12-31,"Female","University","Single",5
8528,1959-12-31,"Other","Technical","Married",1
8529,1974-12-31,"Female","Technical","Married",1
8530,1975-12-31,"Female","Technical","Single",1
8531,1974-12-31,"Male","Postgraduate","Divorced",1
8532,1993-12-31,"Male","Secondary","Single",1
8533,1976-12-31,"Female","University","Single",1
8534,1997-12-31,"Female","Postgraduate","Married",0
8535,1986-12-31,"Female","Technical","Single",0
8536,1973-12-31,"Female","Technical","Divorced",1
8537,2001-12-31,"Male","Secondary","Single",1
8538,1971-12-31,"Other","Secondary","Divorced",2
8539,1993-12-31,"Male","Technical","Married",1
8540,1984-12-31,"Male","Postgraduate","Single",0
8541,1999-12-31,"Male","Postgraduate","Single",2
8542,1980-12-31,"Male","University","Married",1
8543,1977-12-31,"Male","University","Married",0
8544,1963-12-31,"Female","University","Married",1
8545,1977-12-31,"Female","University","Divorced",1
8546,1978-12-31,"Female","University","Married",2
8547,1979-12-31,"Male","Secondary","Single",2
8548,1989-12-31,"Male","Technical","Single",0
8549,2000-12-31,"Male","Other","Single",2
8550,1980-12-31,"Male","University","Married",2
8551,1965-12-31,"Male","Technical","Married",0
8552,2001-12-31,"Male","Secondary","Divorced",1
8553,1996-12-31,"Male","Postgraduate","Married",2
8554,1974-12-31,"Male","Technical","Single",1
8555,1984-12-31,"Male","Technical","Married",2
8556,1993-12-31,"Male","University","Single",2
8557,1989-12-31,"Female","Postgraduate","Single",2
8558,1977-12-31,"Male","Secondary","Married",0
8559,1988-12-31,"Female","Other","Married",0
8560,1989-12-31,"Female","Technical","Divorced",1
8561,2007-12-31,"Male","Secondary","Married",4
8562,1984-12-31,"Female","Technical","Married",4
8563,1992-12-31,"Female","Secondary","Married",2
8564,1988-12-31,"Female","Technical","Married",0
8565,1980-12-31,"Male","University","Single",0
8566,1984-12-31,"Male","University","Married",2
8567,1957-12-31,"Male","Secondary","Married",1
8568,1972-12-31,"Female","Postgraduate","Married",1
8569,1975-12-31,"Female","Secondary","Divorced",0
8570,1968-12-31,"Male","Technical","Single",2
8571,1975-12-31,"Female","University","Single",4
8572,2003-12-31,"Female","University","Widowed",1
8573,1970-12-31,"Female","Secondary","Married",0
8574,1960-12-31,"Other","University","Married",1
8575,1983-12-31,"Female","University","Married",2
8576,1972-12-31,"Male","University","Married",2
8577,1987-12-31,"Female","Secondary","Divorced",0
8578,2004-12-31,"Female","Technical","Single",2
8579,1993-12-31,"Male","Technical","Married",0
8580,1997-12-31,"Female","Postgraduate","Married",0
8581,1969-12-31,"Female","University","Single",3
8582,1976-12-31,"Female","Technical","Single",1
8583,1990-12-31,"Female","Secondary","Single",2
8584,1996-12-31,"Male","University","Married",1
8585,1989-12-31,"Male","Technical","Divorced",2
8586,1992-12-31,"Female","Technical","Single",2
8587,1977-12-31,"Female","University","Married",2
8588,1979-12-31,"Male","University","Married",0
8589,1979-12-31,"Female","University","Married",1
8590,1999-12-31,"Male","Postgraduate","Married",2
8591,1975-12-31,"Female","Postgraduate","Married",0
8592,1996-12-31,"Female","Technical","Married",0
8593,1981-12-31,"Female","University","Single",1
8594,1980-12-31,"Male","Secondary","Divorced",2
8595,1961-12-31,"Female","Secondary","Married",2
8596,2007-12-31,"Female","University","Single",0
8597,1981-12-31,"Female","Secondary","Single",1
8598,1992-12-31,"Female","Technical","Married",4
8599,1989-12-31,"Female","Secondary","Married",1
8600,1982-12-31,"Female","Postgraduate","Single",0
8601,1992-12-31,"Female","Secondary","Divorced",2
8602,1987-12-31,"Male","Postgraduate","Married",2
8603,1983-12-31,"Female","Secondary","Single",3
8604,1982-12-31,"Male","Secondary","Divorced",2
8605,1978-12-31,"Female","University","Divorced",1
8606,1968-12-31,"Male","Secondary","Married",0
8607,1992-12-31,"Female","Secondary","Married",0
8608,1958-12-31,"Male","University","Single",1
8609,1988-12-31,"Female","Secondary","Single",3
8610,1975-12-31,"Male","Secondary","Married",2
8611,1967-12-31,"Female","Secondary","Married",4
8612,1985-12-31,"Female","Technical","Married",2
8613,1977-12-31,"Male","Technical","Married",3
8614,1965-12-31,"Male","Secondary","Single",1
8615,1980-12-31,"Male","University","Married",0
8616,1997-12-31,"Other","University","Single",0
8617,1989-12-31,"Female","Secondary","Married",3
8618,1959-12-31,"Male","Postgraduate","Single",1
8619,1988-12-31,"Female","University","Single",2
8620,1999-12-31,"Male","University","Divorced",0
8621,1994-12-31,"Male","Technical","Single",0
8622,1991-12-31,"Female","Secondary","Married",5
8623,1985-12-31,"Male","Technical","Widowed",1
8624,1973-12-31,"Female","University","Widowed",1
8625,1965-12-31,"Male","Technical","Married",0
8626,1981-12-31,"Male","Postgraduate","Widowed",1
8627,1982-12-31,"Female","University","Single",3
8628,1974-12-31,"Female","University","Married",0
8629,1980-12-31,"Female","Secondary","Married",1
8630,1960-12-31,"Female","University","Single",0
8631,1982-12-31,"Male","Other","Single",4
8632,1989-12-31,"Male","University","Single",0
8633,1995-12-31,"Female","Secondary","Widowed",2
8634,1950-12-31,"Male","University","Single",1
8635,1998-12-31,"Female","Technical","Married",0
8636,1984-12-31,"Female","Technical","Single",0
8637,1960-12-31,"Male","Postgraduate","Single",1
8638,1957-12-31,"Male","Postgraduate","Married",1
8639,1979-12-31,"Female","Technical","Single",1
8640,1985-12-31,"Female","Postgraduate","Single",3
8641,1982-12-31,"Male","Secondary","Single",0
8642,1983-12-31,"Male","University","Single",1
8643,1997-12-31,"Female","Secondary","Single",0
8644,1979-12-31,"Male","Technical","Single",2
8645,1954-12-31,"Female","Secondary","Single",1
8646,1974-12-31,"Male","Secondary","Married",2
8647,1984-12-31,"Female","Technical","Married",2
8648,1986-12-31,"Female","Secondary","Married",0
8649,1980-12-31,"Female","Secondary","Single",1
8650,1972-12-31,"Male","Postgraduate","Divorced",1
8651,1970-12-31,"Male","Technical","Married",1
8652,1974-12-31,"Male","Technical","Married",0
8653,1973-12-31,"Female","Technical","Married",1
8654,1992-12-31,"Male","Technical","Single",1
8655,1969-12-31,"Female","Technical","Married",0
8656,1971-12-31,"Female","Technical","Single",2
8657,1977-12-31,"Other","Technical","Single",1
8658,1963-12-31,"Male","Technical","Single",1
8659,1961-12-31,"Female","Secondary","Widowed",1
8660,1975-12-31,"Male","Technical","Divorced",0
8661,1950-12-31,"Male","Secondary","Married",2
8662,1979-12-31,"Female","University","Single",1
8663,1973-12-31,"Male","University","Single",0
8664,1972-12-31,"Male","University","Single",0
8665,1993-12-31,"Female","Secondary","Divorced",1
8666,1974-12-31,"Male","University","Married",0
8667,1981-12-31,"Male","Technical","Single",0
8668,1973-12-31,"Male","Secondary","Married",2
8669,1983-12-31,"Female","Secondary","Widowed",1
8670,1981-12-31,"Female","University","Single",4
8671,1993-12-31,"Female","Technical","Married",0
8672,1987-12-31,"Male","Technical","Married",2
8673,1982-12-31,"Female","Secondary","Married",3
8674,2005-12-31,"Male","University","Married",2
8675,1991-12-31,"Male","Technical","Married",1
8676,1991-12-31,"Male","University","Widowed",2
8677,1989-12-31,"Female","Technical","Married",2
8678,1975-12-31,"Male","University","Married",0
8679,1981-12-31,"Female","Secondary","Widowed",1
8680,1976-12-31,"Male","Secondary","Divorced",0
8681,1978-12-31,"Male","Technical","Married",0
8682,1979-12-31,"Female","Postgraduate","Single",2
8683,1992-12-31,"Female","University","Single",0
8684,1989-12-31,"Female","University","Single",1
8685,1971-12-31,"Female","Secondary","Married",1
8686,1987-12-31,"Female","Secondary","Married",0
8687,1954-12-31,"Male","Other","Single",3
8688,1975-12-31,"Male","Postgraduate","Divorced",0
8689,1980-12-31,"Female","Technical","Married",1
8690,1986-12-31,"Other","University","Divorced",1
8691,1993-12-31,"Female","Secondary","Single",1
8692,2006-12-31,"Male","Secondary","Married",0
8693,1973-12-31,"Female","Secondary","Single",0
8694,1995-12-31,"Male","University","Single",1
8695,1977-12-31,"Female","Secondary","Single",2
8696,1985-12-31,"Female","Secondary","Single",1
8697,1998-12-31,"Male","Secondary","Single",3
8698,1978-12-31,"Male","Technical","Married",0
8699,1963-12-31,"Male","Other","Single",2
8700,1966-12-31,"Male","University","Married",1
8701,1984-12-31,"Male","Secondary","Single",3
8702,1971-12-31,"Male","Technical","Single",1
8703,1990-12-31,"Male","University","Married",2
8704,1989-12-31,"Female","Secondary","Married",0
8705,1987-12-31,"Female","Technical","Single",1
8706,1998-12-31,"Female","University","Single",2
8707,1974-12-31,"Male","Secondary","Divorced",2
8708,1961-12-31,"Male","Technical","Single",1
8709,2001-12-31,"Male","University","Married",3
8710,1965-12-31,"Other","Other","Married",4
8711,1992-12-31,"Male","Technical","Married",1
8712,1989-12-31,"Female","Technical","Single",3
8713,1975-12-31,"Male","University","Single",2
8714,1967-12-31,"Male","Secondary","Married",3
8715,1982-12-31,"Male","Secondary","Single",0
8716,1975-12-31,"Female","University","Divorced",2
8717,1992-12-31,"Female","Secondary","Single",0
8718,1985-12-31,"Male","Technical","Married",2
8719,1983-12-31,"Female","Secondary","Single",3
8720,1989-12-31,"Female","Secondary","Married",2
8721,1975-12-31,"Female","University","Married",2
8722,2003-12-31,"Male","Secondary","Married",0
8723,1983-12-31,"Male","Secondary","Married",2
8724,1992-12-31,"Female","Secondary","Married",0
8725,1986-12-31,"Female","Secondary","Married",0
8726,1988-12-31,"Female","Secondary","Married",0
8727,2007-12-31,"Male","University","Married",2
8728,1996-12-31,"Male","Other","Married",1
8729,1976-12-31,"Female","Technical","Widowed",0
8730,1968-12-31,"Female","University","Married",1
8731,1986-12-31,"Male","Technical","Widowed",0
8732,1976-12-31,"Female","Technical","Single",0
8733,1977-12-31,"Male","Postgraduate","Single",0
8734,1979-12-31,"Female","University","Married",4
8735,1966-12-31,"Female","University","Single",1
8736,1973-12-31,"Male","University","Single",3
8737,1969-12-31,"Female","Technical","Married",1
8738,1956-12-31,"Female","University","Single",1
8739,1981-12-31,"Male","University","Single",0
8740,1987-12-31,"Female","Secondary","Single",1
8741,1990-12-31,"Female","University","Married",2
8742,1978-12-31,"Male","Technical","Divorced",1
8743,1966-12-31,"Male","Technical","Divorced",1
8744,1965-12-31,"Male","University","Married",1
8745,1988-12-31,"Male","University","Single",1
8746,1975-12-31,"Female","Technical","Divorced",0
8747,1977-12-31,"Male","Secondary","Married",0
8748,1970-12-31,"Female","Postgraduate","Divorced",2
8749,1966-12-31,"Male","University","Single",3
8750,1988-12-31,"Male","University","Married",1
8751,1975-12-31,"Male","University","Single",0
8752,1980-12-31,"Male","University","Married",1
8753,1983-12-31,"Male","Secondary","Divorced",3
8754,1954-12-31,"Female","Technical","Single",0
8755,1982-12-31,"Female","Technical","Divorced",3
8756,1993-12-31,"Male","University","Single",2
8757,1982-12-31,"Male","Technical","Single",2
8758,1973-12-31,"Male","Technical","Single",1
8759,1987-12-31,"Male","Postgraduate","Married",3
8760,1984-12-31,"Female","Secondary","Single",1
8761,1997-12-31,"Female","Technical","Married",2
8762,1970-12-31,"Female","University","Married",0
8763,1985-12-31,"Female","Technical","Single",2
8764,1988-12-31,"Female","Secondary","Single",1
8765,1996-12-31,"Female","Postgraduate","Married",0
8766,1970-12-31,"Female","University","Married",0
8767,1969-12-31,"Male","University","Married",1
8768,1977-12-31,"Female","Secondary","Widowed",3
8769,1983-12-31,"Female","Technical","Divorced",0
8770,1982-12-31,"Male","University","Widowed",1
8771,1999-12-31,"Male","University","Single",4
8772,1981-12-31,"Male","Technical","Widowed",4
8773,1978-12-31,"Female","University","Married",0
8774,1992-12-31,"Male","University","Married",0
8775,2004-12-31,"Male","Technical","Single",0
8776,1991-12-31,"Female","Technical","Divorced",0
8777,1975-12-31,"Female","University","Widowed",0
8778,1999-12-31,"Female","University","Single",2
8779,1953-12-31,"Male","University","Single",3
8780,1982-12-31,"Male","Technical","Single",3
8781,1984-12-31,"Male","Technical","Married",1
8782,1983-12-31,"Female","Technical","Married",1
8783,1980-12-31,"Female","Technical","Single",0
8784,1990-12-31,"Female","Secondary","Married",2
8785,1972-12-31,"Female","Technical","Married",0
8786,1965-12-31,"Female","Secondary","Married",0
8787,1982-12-31,"Male","Secondary","Married",2
8788,1990-12-31,"Female","Secondary","Married",0
8789,1970-12-31,"Male","Secondary","Married",2
8790,1984-12-31,"Female","Secondary","Married",0
8791,1965-12-31,"Male","Secondary","Widowed",0
8792,1979-12-31,"Male","University","Married",0
8793,1999-12-31,"Male","Technical","Single",0
8794,1986-12-31,"Female","Secondary","Single",1
8795,1982-12-31,"Male","University","Married",0
8796,1990-12-31,"Male","Technical","Married",2
8797,1954-12-31,"Male","University","Single",1
8798,1962-12-31,"Female","University","Single",1
8799,1982-12-31,"Male","Postgraduate","Married",1
8800,1991-12-31,"Female","Technical","Married",1
8801,1984-12-31,"Female","University","Married",0
8802,1981-12-31,"Male","Secondary","Married",1
8803,1972-12-31,"Female","Secondary","Single",1
8804,1989-12-31,"Female","Technical","Single",0
8805,1968-12-31,"Male","Technical","Married",3
8806,1989-12-31,"Male","Secondary","Married",2
8807,1989-12-31,"Female","Secondary","Married",1
8808,1978-12-31,"Female","Secondary","Divorced",3
8809,1987-12-31,"Female","Secondary","Single",0
8810,1979-12-31,"Male","Technical","Single",1
8811,1976-12-31,"Other","Secondary","Single",2
8812,1987-12-31,"Female","University","Single",1
8813,1985-12-31,"Female","Secondary","Single",2
8814,1982-12-31,"Male","Secondary","Divorced",1
8815,1978-12-31,"Male","Postgraduate","Single",1
8816,1982-12-31,"Male","Secondary","Married",0
8817,1983-12-31,"Male","Technical","Married",1
8818,1992-12-31,"Male","Secondary","Divorced",1
8819,1973-12-31,"Male","Secondary","Single",0
8820,1992-12-31,"Female","Secondary","Divorced",2
8821,1980-12-31,"Male","Technical","Divorced",1
8822,1987-12-31,"Male","Secondary","Married",2
8823,1966-12-31,"Female","Postgraduate","Married",2
8824,1990-12-31,"Other","Secondary","Widowed",2
8825,1967-12-31,"Male","Secondary","Married",0
8826,1955-12-31,"Male","Secondary","Widowed",1
8827,1981-12-31,"Male","Technical","Single",2
8828,1981-12-31,"Male","Secondary","Married",2
8829,1987-12-31,"Male","Secondary","Single",4
8830,2007-12-31,"Male","University","Divorced",0
8831,1981-12-31,"Female","University","Married",1
8832,1999-12-31,"Female","Technical","Single",3
8833,2003-12-31,"Female","Secondary","Single",3
8834,1987-12-31,"Female","Technical","Married",1
8835,1989-12-31,"Female","Secondary","Single",2
8836,1996-12-31,"Female","Technical","Married",1
8837,1970-12-31,"Female","University","Married",2
8838,2000-12-31,"Male","Secondary","Single",0
8839,1978-12-31,"Male","Technical","Married",2
8840,1981-12-31,"Female","Other","Single",1
8841,1998-12-31,"Female","Technical","Married",0
8842,2007-12-31,"Male","Technical","Married",0
8843,1972-12-31,"Male","Secondary","Married",1
8844,1973-12-31,"Male","Secondary","Divorced",2
8845,1973-12-31,"Female","Other","Single",1
8846,1986-12-31,"Male","Other","Single",1
8847,1978-12-31,"Male","University","Single",2
8848,1972-12-31,"Male","Technical","Married",3
8849,2002-12-31,"Male","Secondary","Married",1
8850,2005-12-31,"Male","Secondary","Single",1
8851,1975-12-31,"Male","Secondary","Single",0
8852,1987-12-31,"Female","University","Married",1
8853,1980-12-31,"Female","Postgraduate","Single",2
8854,1987-12-31,"Female","University","Divorced",0
8855,1983-12-31,"Female","University","Single",5
8856,1972-12-31,"Male","Postgraduate","Divorced",1
8857,1967-12-31,"Female","University","Single",2
8858,1984-12-31,"Female","Technical","Married",3
8859,1987-12-31,"Male","Secondary","Divorced",1
8860,2007-12-31,"Female","Technical","Married",0
8861,1974-12-31,"Male","University","Married",1
8862,1998-12-31,"Male","University","Single",1
8863,2002-12-31,"Female","Secondary","Single",3
8864,1980-12-31,"Female","Other","Married",0
8865,1981-12-31,"Male","Secondary","Single",4
8866,1983-12-31,"Male","Technical","Single",3
8867,1983-12-31,"Female","University","Widowed",0
8868,1980-12-31,"Female","Technical","Widowed",0
8869,1981-12-31,"Female","University","Single",2
8870,1994-12-31,"Female","Technical","Married",0
8871,1967-12-31,"Male","University","Married",3
8872,1994-12-31,"Female","Technical","Divorced",1
8873,1986-12-31,"Female","Secondary","Divorced",1
8874,1988-12-31,"Female","Technical","Divorced",3
8875,1980-12-31,"Male","Technical","Married",5
8876,1968-12-31,"Male","University","Single",1
8877,1964-12-31,"Male","Secondary","Single",1
8878,1983-12-31,"Male","Secondary","Divorced",0
8879,1987-12-31,"Female","University","Divorced",0
8880,1982-12-31,"Female","Technical","Divorced",0
8881,1986-12-31,"Male","University","Single",1
8882,1992-12-31,"Male","Secondary","Married",0
8883,2007-12-31,"Male","Secondary","Married",1
8884,1990-12-31,"Female","Secondary","Single",1
8885,1990-12-31,"Female","Secondary","Married",2
8886,1979-12-31,"Female","University","Single",2
8887,2007-12-31,"Male","University","Single",0
8888,1977-12-31,"Female","University","Single",3
8889,1990-12-31,"Female","Secondary","Single",5
8890,1987-12-31,"Female","University","Married",0
8891,1990-12-31,"Female","Postgraduate","Single",1
8892,1998-12-31,"Female","Postgraduate","Married",3
8893,1997-12-31,"Male","University","Widowed",0
8894,1978-12-31,"Male","Secondary","Single",5
8895,1991-12-31,"Male","Postgraduate","Divorced",0
8896,1980-12-31,"Female","Secondary","Single",2
8897,1977-12-31,"Male","Secondary","Married",2
8898,1969-12-31,"Male","Secondary","Single",1
8899,1980-12-31,"Female","Postgraduate","Single",1
8900,1970-12-31,"Female","Postgraduate","Married",1
8901,1980-12-31,"Female","University","Single",1
8902,1957-12-31,"Male","Secondary","Single",1
8903,1973-12-31,"Male","Postgraduate","Married",0
8904,1987-12-31,"Female","University","Married",1
8905,1981-12-31,"Male","University","Divorced",1
8906,1991-12-31,"Female","Secondary","Married",0
8907,1975-12-31,"Male","Technical","Single",2
8908,1964-12-31,"Female","University","Married",1
8909,1970-12-31,"Female","Postgraduate","Married",0
8910,1968-12-31,"Female","Postgraduate","Married",2
8911,1982-12-31,"Other","Secondary","Married",0
8912,1984-12-31,"Female","University","Divorced",4
8913,1989-12-31,"Male","University","Single",1
8914,1992-12-31,"Male","Technical","Single",1
8915,1976-12-31,"Male","Technical","Married",0
8916,1990-12-31,"Female","Technical","Married",1
8917,1963-12-31,"Female","Technical","Married",0
8918,1950-12-31,"Male","University","Widowed",2
8919,1984-12-31,"Female","Secondary","Married",1
8920,2001-12-31,"Female","Secondary","Single",3
8921,1978-12-31,"Female","Secondary","Single",0
8922,1979-12-31,"Female","University","Single",2
8923,1981-12-31,"Female","Postgraduate","Single",0
8924,1981-12-31,"Male","Technical","Married",0
8925,1994-12-31,"Female","Postgraduate","Married",1
8926,1993-12-31,"Male","Technical","Married",0
8927,1989-12-31,"Female","University","Married",1
8928,1994-12-31,"Male","University","Married",1
8929,1996-12-31,"Female","Secondary","Married",0
8930,1980-12-31,"Female","Secondary","Single",1
8931,1986-12-31,"Male","Secondary","Single",1
8932,1982-12-31,"Female","University","Divorced",1
8933,2002-12-31,"Female","Technical","Married",1
8934,1975-12-31,"Female","Secondary","Married",0
8935,1975-12-31,"Other","Secondary","Married",0
8936,1962-12-31,"Male","Secondary","Single",3
8937,1973-12-31,"Male","Secondary","Single",1
8938,1988-12-31,"Female","Secondary","Married",0
8939,1970-12-31,"Female","Postgraduate","Single",1
8940,1973-12-31,"Female","Postgraduate","Single",1
8941,1989-12-31,"Female","Postgraduate","Single",5
8942,1993-12-31,"Male","Technical","Single",0
8943,1975-12-31,"Female","Secondary","Married",1
8944,1963-12-31,"Female","Technical","Single",1
8945,2002-12-31,"Male","University","Divorced",1
8946,1976-12-31,"Male","University","Married",1
8947,1970-12-31,"Female","Technical","Single",1
8948,2007-12-31,"Female","Technical","Single",0
8949,1992-12-31,"Male","Secondary","Married",0
8950,1989-12-31,"Male","Technical","Married",1
8951,1999-12-31,"Other","Postgraduate","Married",1
8952,1980-12-31,"Female","Secondary","Single",1
8953,1957-12-31,"Male","Postgraduate","Single",5
8954,1990-12-31,"Female","Technical","Married",1
8955,1961-12-31,"Female","University","Married",1
8956,1973-12-31,"Male","Secondary","Married",0
8957,1984-12-31,"Male","Postgraduate","Single",2
8958,2007-12-31,"Male","Technical","Married",0
8959,1990-12-31,"Male","Technical","Single",1
8960,1995-12-31,"Male","Technical","Married",5
8961,1991-12-31,"Female","Secondary","Single",3
8962,1990-12-31,"Male","Secondary","Married",2
8963,1973-12-31,"Male","Secondary","Married",0
8964,1979-12-31,"Male","University","Married",2
8965,1972-12-31,"Female","University","Married",0
8966,1966-12-31,"Female","University","Married",1
8967,1982-12-31,"Female","University","Single",2
8968,1992-12-31,"Male","Secondary","Widowed",1
8969,1976-12-31,"Male","Other","Single",1
8970,1973-12-31,"Female","Technical","Married",1
8971,1974-12-31,"Female","University","Single",3
8972,1986-12-31,"Female","Secondary","Married",3
8973,1994-12-31,"Male","Technical","Married",0
8974,1966-12-31,"Female","University","Single",0
8975,1976-12-31,"Male","Secondary","Single",0
8976,1979-12-31,"Female","University","Widowed",1
8977,1996-12-31,"Female","Secondary","Married",2
8978,1972-12-31,"Female","University","Married",2
8979,1991-12-31,"Male","University","Single",1
8980,1993-12-31,"Female","Secondary","Single",0
8981,1971-12-31,"Male","Technical","Widowed",0
8982,1983-12-31,"Female","Technical","Single",1
8983,1986-12-31,"Male","University","Single",1
8984,1978-12-31,"Female","Secondary","Married",1
8985,2003-12-31,"Female","University","Married",1
8986,1965-12-31,"Female","University","Married",0
8987,1983-12-31,"Male","Secondary","Single",2
8988,1989-12-31,"Female","Postgraduate","Divorced",2
8989,1989-12-31,"Male","Secondary","Single",0
8990,1971-12-31,"Female","University","Married",2
8991,1991-12-31,"Male","Secondary","Single",0
8992,1971-12-31,"Female","Secondary","Married",2
8993,1998-12-31,"Male","Secondary","Married",2
8994,2002-12-31,"Male","University","Married",1
8995,1998-12-31,"Male","Technical","Married",0
8996,1980-12-31,"Other","Secondary","Single",1
8997,1976-12-31,"Male","Technical","Divorced",2
8998,1986-12-31,"Female","Secondary","Married",1
8999,1996-12-31,"Male","Technical","Single",1
9000,1959-12-31,"Female","University","Married",1
9001,1992-12-31,"Female","Postgraduate","Single",2
9002,1965-12-31,"Male","University","Married",2
9003,1986-12-31,"Female","University","Single",0
9004,1980-12-31,"Male","University","Divorced",4
9005,1970-12-31,"Female","Technical","Married",1
9006,1997-12-31,"Male","Secondary","Single",3
9007,1998-12-31,"Female","Technical","Divorced",2
9008,1953-12-31,"Male","Secondary","Married",1
9009,1976-12-31,"Female","Secondary","Married",1
9010,1991-12-31,"Male","Technical","Divorced",1
9011,1966-12-31,"Male","University","Single",0
9012,1973-12-31,"Female","Secondary","Married",2
9013,1995-12-31,"Male","University","Single",1
9014,1970-12-31,"Male","University","Single",3
9015,1981-12-31,"Female","Technical","Divorced",3
9016,1974-12-31,"Male","University","Married",0
9017,1991-12-31,"Male","Other","Single",2
9018,1995-12-31,"Female","Technical","Single",1
9019,1996-12-31,"Female","Technical","Single",2
9020,1984-12-31,"Male","University","Married",2
9021,2007-12-31,"Other","University","Single",2
9022,1987-12-31,"Male","University","Divorced",4
9023,1984-12-31,"Male","Postgraduate","Single",0
9024,1998-12-31,"Female","Postgraduate","Single",0
9025,1985-12-31,"Female","University","Married",0
9026,1995-12-31,"Male","Secondary","Married",2
9027,1982-12-31,"Male","University","Single",1
9028,1959-12-31,"Female","Technical","Single",2
9029,1969-12-31,"Female","Secondary","Married",2
9030,1971-12-31,"Male","Secondary","Married",3
9031,1985-12-31,"Male","Secondary","Divorced",1
9032,1980-12-31,"Female","University","Divorced",1
9033,1969-12-31,"Male","Secondary","Married",1
9034,2001-12-31,"Male","University","Single",3
9035,1961-12-31,"Male","Secondary","Married",1
9036,1984-12-31,"Female","University","Married",1
9037,1991-12-31,"Male","University","Married",0
9038,1965-12-31,"Female","Secondary","Widowed",0
9039,1984-12-31,"Male","University","Divorced",2
9040,2000-12-31,"Female","Technical","Married",0
9041,1987-12-31,"Other","Technical","Divorced",1
9042,1988-12-31,"Male","Technical","Married",3
9043,1959-12-31,"Male","Technical","Married",1
9044,1990-12-31,"Male","University","Widowed",1
9045,1969-12-31,"Female","University","Married",0
9046,1987-12-31,"Female","University","Single",1
9047,1980-12-31,"Male","Secondary","Single",2
9048,1955-12-31,"Female","University","Divorced",0
9049,1989-12-31,"Male","Secondary","Single",1
9050,1966-12-31,"Male","Other","Single",0
9051,1991-12-31,"Female","Technical","Married",2
9052,1958-12-31,"Female","Technical","Married",1
9053,1984-12-31,"Female","Secondary","Single",1
9054,1987-12-31,"Female","Technical","Single",2
9055,1994-12-31,"Female","Technical","Single",2
9056,1975-12-31,"Male","University","Married",1
9057,1971-12-31,"Female","University","Divorced",0
9058,1988-12-31,"Female","University","Single",0
9059,1991-12-31,"Female","Postgraduate","Single",3
9060,2005-12-31,"Female","Secondary","Single",1
9061,1984-12-31,"Female","Secondary","Married",0
9062,1986-12-31,"Male","University","Divorced",3
9063,1985-12-31,"Female","Secondary","Married",1
9064,1983-12-31,"Female","Secondary","Married",1
9065,1964-12-31,"Female","Technical","Married",2
9066,1961-12-31,"Female","Technical","Single",2
9067,1999-12-31,"Female","Postgraduate","Married",2
9068,1955-12-31,"Male","Other","Married",1
9069,1966-12-31,"Male","University","Married",1
9070,1976-12-31,"Female","Postgraduate","Single",0
9071,1993-12-31,"Other","Technical","Married",3
9072,1993-12-31,"Female","Secondary","Single",1
9073,1970-12-31,"Male","University","Single",1
9074,1995-12-31,"Female","Technical","Married",3
9075,1976-12-31,"Male","Technical","Married",3
9076,1980-12-31,"Male","Technical","Divorced",3
9077,1978-12-31,"Female","University","Married",4
9078,1987-12-31,"Female","Technical","Divorced",3
9079,1995-12-31,"Male","Secondary","Married",3
9080,2001-12-31,"Female","Technical","Single",1
9081,1968-12-31,"Male","Technical","Single",0
9082,1974-12-31,"Male","Secondary","Divorced",0
9083,1999-12-31,"Female","Other","Single",1
9084,1967-12-31,"Female","University","Married",0
9085,1982-12-31,"Female","Secondary","Single",2
9086,1981-12-31,"Male","Secondary","Single",0
9087,1991-12-31,"Female","Technical","Divorced",1
9088,1963-12-31,"Male","Technical","Single",0
9089,1991-12-31,"Male","Technical","Married",2
9090,1970-12-31,"Female","University","Single",1
9091,1992-12-31,"Female","Postgraduate","Married",2
9092,1987-12-31,"Female","Secondary","Married",1
9093,1990-12-31,"Female","University","Married",1
9094,1991-12-31,"Male","Technical","Single",0
9095,1982-12-31,"Male","University","Single",0
9096,1950-12-31,"Male","Technical","Single",1
9097,1989-12-31,"Female","University","Married",2
9098,1977-12-31,"Female","Secondary","Single",2
9099,1978-12-31,"Female","Secondary","Married",1
9100,1981-12-31,"Female","Technical","Married",0
9101,1985-12-31,"Female","Technical","Married",0
9102,1969-12-31,"Female","Postgraduate","Married",0
9103,1972-12-31,"Male","University","Married",3
9104,1985-12-31,"Male","Technical","Married",3
9105,1990-12-31,"Female","Secondary","Single",2
9106,1961-12-31,"Female","Secondary","Married",1
9107,1983-12-31,"Male","University","Married",1
9108,1958-12-31,"Female","University","Single",1
9109,1986-12-31,"Male","Technical","Single",2
9110,1986-12-31,"Female","University","Married",1
9111,1992-12-31,"Male","Secondary","Married",2
9112,1966-12-31,"Male","University","Married",0
9113,1965-12-31,"Male","Secondary","Divorced",1
9114,1968-12-31,"Female","University","Divorced",0
9115,1964-12-31,"Male","Technical","Single",3
9116,1976-12-31,"Female","Other","Married",1
9117,1995-12-31,"Male","Postgraduate","Single",2
9118,1973-12-31,"Female","Postgraduate","Widowed",2
9119,1963-12-31,"Female","Secondary","Single",1
9120,1975-12-31,"Female","Secondary","Single",1
9121,1991-12-31,"Female","University","Divorced",2
9122,1983-12-31,"Female","University","Married",2
9123,1991-12-31,"Male","Secondary","Married",0
9124,1962-12-31,"Male","Technical","Married",2
9125,1977-12-31,"Female","Technical","Married",2
9126,1958-12-31,"Female","Technical","Married",2
9127,1989-12-31,"Male","University","Divorced",1
9128,1975-12-31,"Female","Technical","Married",0
9129,1975-12-31,"Female","University","Divorced",2
9130,1982-12-31,"Male","Technical","Single",1
9131,1977-12-31,"Female","University","Married",1
9132,1967-12-31,"Female","Secondary","Divorced",1
9133,1976-12-31,"Female","Technical","Married",0
9134,1988-12-31,"Female","Other","Single",1
9135,1981-12-31,"Male","University","Married",1
9136,1979-12-31,"Female","University","Widowed",1
9137,1989-12-31,"Female","Other","Single",2
9138,1988-12-31,"Female","Technical","Married",1
9139,1975-12-31,"Female","Secondary","Single",1
9140,1964-12-31,"Female","Other","Married",1
9141,1972-12-31,"Female","Secondary","Divorced",0
9142,1993-12-31,"Female","University","Married",1
9143,1979-12-31,"Female","Other","Single",5
9144,1986-12-31,"Female","Secondary","Widowed",1
9145,2001-12-31,"Female","Technical","Widowed",0
9146,1950-12-31,"Male","Secondary","Widowed",1
9147,1982-12-31,"Female","Secondary","Single",0
9148,1976-12-31,"Male","University","Single",1
9149,1988-12-31,"Female","Secondary","Divorced",2
9150,1973-12-31,"Female","University","Married",1
9151,1994-12-31,"Female","Postgraduate","Single",1
9152,1978-12-31,"Male","Secondary","Married",1
9153,2001-12-31,"Male","Technical","Single",1
9154,1988-12-31,"Female","Secondary","Single",2
9155,1976-12-31,"Female","Secondary","Married",0
9156,1999-12-31,"Female","Secondary","Single",1
9157,1972-12-31,"Female","Secondary","Married",1
9158,1975-12-31,"Female","Secondary","Single",1
9159,1992-12-31,"Male","Secondary","Married",2
9160,1997-12-31,"Female","University","Single",1
9161,1988-12-31,"Male","Technical","Married",2
9162,1974-12-31,"Female","Technical","Married",2
9163,1959-12-31,"Male","Postgraduate","Married",1
9164,1971-12-31,"Male","Technical","Divorced",1
9165,1990-12-31,"Female","Secondary","Single",1
9166,1983-12-31,"Female","Secondary","Married",0
9167,1990-12-31,"Male","Secondary","Single",2
9168,2007-12-31,"Female","University","Married",0
9169,1986-12-31,"Female","Secondary","Single",1
9170,1958-12-31,"Female","University","Single",0
9171,1978-12-31,"Male","University","Married",1
9172,1979-12-31,"Female","University","Married",1
9173,1976-12-31,"Female","Technical","Married",1
9174,1972-12-31,"Female","Postgraduate","Single",1
9175,1997-12-31,"Female","Secondary","Married",1
9176,1994-12-31,"Female","University","Divorced",2
9177,1977-12-31,"Female","Secondary","Married",2
9178,1964-12-31,"Female","Secondary","Widowed",4
9179,1976-12-31,"Female","University","Married",0
9180,1973-12-31,"Female","Secondary","Married",0
9181,1988-12-31,"Male","Secondary","Married",1
9182,1987-12-31,"Female","University","Single",1
9183,1979-12-31,"Female","Secondary","Married",1
9184,1981-12-31,"Female","University","Married",1
9185,1977-12-31,"Male","Technical","Married",0
9186,1968-12-31,"Female","Postgraduate","Single",0
9187,1986-12-31,"Female","Technical","Single",2
9188,1998-12-31,"Female","Secondary","Divorced",3
9189,1979-12-31,"Female","University","Single",3
9190,1992-12-31,"Female","Postgraduate","Single",1
9191,1977-12-31,"Female","University","Married",2
9192,1985-12-31,"Male","Secondary","Single",0
9193,1990-12-31,"Female","Technical","Married",1
9194,1981-12-31,"Male","Secondary","Single",1
9195,1959-12-31,"Female","University","Single",1
9196,1968-12-31,"Male","University","Single",0
9197,1978-12-31,"Male","Technical","Single",5
9198,1981-12-31,"Male","Technical","Married",1
9199,1990-12-31,"Female","Secondary","Divorced",1
9200,1964-12-31,"Female","Secondary","Married",1
9201,1993-12-31,"Female","Secondary","Single",0
9202,1957-12-31,"Female","University","Single",1
9203,1981-12-31,"Female","Secondary","Widowed",2
9204,1993-12-31,"Male","Secondary","Married",4
9205,1979-12-31,"Female","Postgraduate","Single",1
9206,1967-12-31,"Female","Secondary","Single",1
9207,1988-12-31,"Male","University","Married",1
9208,1981-12-31,"Male","University","Single",0
9209,1966-12-31,"Female","Secondary","Married",0
9210,1977-12-31,"Male","Technical","Married",4
9211,1979-12-31,"Female","University","Single",1
9212,1987-12-31,"Female","University","Single",0
9213,1984-12-31,"Female","Secondary","Single",2
9214,2000-12-31,"Male","University","Married",0
9215,1984-12-31,"Male","Technical","Single",0
9216,1978-12-31,"Female","University","Widowed",0
9217,1981-12-31,"Male","Technical","Divorced",0
9218,1991-12-31,"Female","Technical","Married",1
9219,1982-12-31,"Male","University","Widowed",1
9220,1984-12-31,"Male","Secondary","Single",1
9221,1984-12-31,"Male","University","Single",2
9222,1985-12-31,"Other","University","Single",2
9223,1978-12-31,"Male","University","Divorced",2
9224,1980-12-31,"Male","Secondary","Married",0
9225,1996-12-31,"Female","Secondary","Single",1
9226,1999-12-31,"Male","Technical","Married",0
9227,1982-12-31,"Male","Technical","Divorced",0
9228,1993-12-31,"Female","University","Married",2
9229,1963-12-31,"Male","Technical","Single",1
9230,1970-12-31,"Male","Technical","Single",1
9231,1968-12-31,"Male","University","Single",0
9232,1991-12-31,"Male","Technical","Divorced",3
9233,1975-12-31,"Male","Technical","Widowed",3
9234,1988-12-31,"Female","Secondary","Married",2
9235,1953-12-31,"Female","Secondary","Single",1
9236,1991-12-31,"Male","Secondary","Married",0
9237,1979-12-31,"Male","Secondary","Single",5
9238,1980-12-31,"Male","University","Single",0
9239,1980-12-31,"Male","Technical","Widowed",1
9240,1976-12-31,"Male","Technical","Married",1
9241,1973-12-31,"Male","Postgraduate","Single",2
9242,1979-12-31,"Female","Secondary","Married",1
9243,2007-12-31,"Female","Technical","Married",1
9244,1985-12-31,"Female","University","Married",2
9245,1972-12-31,"Male","Technical","Divorced",3
9246,1979-12-31,"Female","Secondary","Single",2
9247,1962-12-31,"Male","University","Single",1
9248,1978-12-31,"Male","University","Divorced",1
9249,1998-12-31,"Female","Secondary","Single",4
9250,1959-12-31,"Female","Secondary","Married",1
9251,1991-12-31,"Female","Technical","Widowed",5
9252,1958-12-31,"Female","University","Married",1
9253,1985-12-31,"Male","University","Widowed",2
9254,1972-12-31,"Male","Secondary","Married",0
9255,1988-12-31,"Female","Postgraduate","Single",1
9256,1975-12-31,"Female","Secondary","Single",1
9257,1986-12-31,"Male","Postgraduate","Widowed",0
9258,1971-12-31,"Male","University","Married",2
9259,1969-12-31,"Male","Secondary","Single",3
9260,1985-12-31,"Female","University","Divorced",1
9261,1995-12-31,"Male","University","Divorced",3
9262,1956-12-31,"Female","Secondary","Divorced",1
9263,1988-12-31,"Male","Secondary","Married",0
9264,1990-12-31,"Female","Secondary","Single",0
9265,2000-12-31,"Female","Secondary","Single",0
9266,1987-12-31,"Male","Technical","Single",2
9267,1989-12-31,"Female","University","Married",0
9268,1975-12-31,"Female","University","Married",1
9269,1977-12-31,"Female","Technical","Married",0
9270,1987-12-31,"Female","Secondary","Single",1
9271,1986-12-31,"Female","University","Single",1
9272,1977-12-31,"Female","University","Married",0
9273,1987-12-31,"Female","Technical","Single",0
9274,1986-12-31,"Male","Secondary","Divorced",0
9275,1978-12-31,"Male","Technical","Married",1
9276,1984-12-31,"Male","University","Married",2
9277,1962-12-31,"Female","Secondary","Single",1
9278,1978-12-31,"Male","Secondary","Divorced",1
9279,1992-12-31,"Male","Technical","Married",0
9280,1979-12-31,"Male","Technical","Married",0
9281,1990-12-31,"Male","University","Single",1
9282,1977-12-31,"Male","Technical","Married",0
9283,1975-12-31,"Female","Technical","Single",0
9284,1987-12-31,"Male","University","Divorced",4
9285,1976-12-31,"Male","Secondary","Married",2
9286,1980-12-31,"Female","Technical","Widowed",0
9287,1976-12-31,"Male","Technical","Widowed",0
9288,1961-12-31,"Male","Secondary","Married",1
9289,1978-12-31,"Other","University","Married",0
9290,1951-12-31,"Male","Secondary","Married",1
9291,1972-12-31,"Male","Technical","Single",1
9292,1977-12-31,"Female","Secondary","Married",0
9293,1976-12-31,"Female","Postgraduate","Divorced",2
9294,1977-12-31,"Female","University","Married",1
9295,1967-12-31,"Male","Secondary","Single",4
9296,1979-12-31,"Female","Technical","Married",0
9297,1964-12-31,"Female","Technical","Widowed",1
9298,1974-12-31,"Female","University","Widowed",0
9299,1976-12-31,"Female","University","Married",0
9300,1973-12-31,"Female","University","Married",1
9301,1997-12-31,"Female","University","Divorced",1
9302,1993-12-31,"Female","Technical","Single",1
9303,1990-12-31,"Other","University","Single",0
9304,1987-12-31,"Female","Technical","Married",1
9305,1971-12-31,"Male","Postgraduate","Single",2
9306,1973-12-31,"Male","Secondary","Single",1
9307,2003-12-31,"Female","Secondary","Married",4
9308,2004-12-31,"Male","Secondary","Married",1
9309,1979-12-31,"Female","Secondary","Married",1
9310,1987-12-31,"Male","University","Married",3
9311,1984-12-31,"Female","Secondary","Married",1
9312,1968-12-31,"Male","Technical","Single",1
9313,2005-12-31,"Female","University","Single",1
9314,1980-12-31,"Male","Secondary","Married",2
9315,2007-12-31,"Female","Secondary","Single",5
9316,1975-12-31,"Male","Technical","Single",0
9317,1988-12-31,"Female","Technical","Single",0
9318,1986-12-31,"Female","University","Widowed",1
9319,1988-12-31,"Female","University","Divorced",1
9320,1986-12-31,"Male","Technical","Married",3
9321,1964-12-31,"Female","Technical","Divorced",0
9322,1974-12-31,"Male","Secondary","Single",1
9323,1975-12-31,"Male","Secondary","Single",0
9324,1991-12-31,"Female","University","Married",0
9325,1964-12-31,"Male","Secondary","Married",2
9326,2002-12-31,"Female","Secondary","Married",0
9327,1973-12-31,"Male","Technical","Married",2
9328,1962-12-31,"Female","University","Divorced",1
9329,1982-12-31,"Female","Other","Married",1
9330,1988-12-31,"Male","Secondary","Widowed",0
9331,1983-12-31,"Female","Technical","Married",1
9332,1987-12-31,"Female","Secondary","Married",4
9333,1978-12-31,"Male","University","Single",1
9334,1983-12-31,"Male","University","Single",0
9335,1996-12-31,"Female","Technical","Widowed",0
9336,2003-12-31,"Male","Secondary","Widowed",1
9337,1976-12-31,"Female","University","Single",1
9338,1988-12-31,"Female","Other","Single",0
9339,1967-12-31,"Female","Secondary","Married",0
9340,1998-12-31,"Female","University","Divorced",3
9341,2003-12-31,"Male","Postgraduate","Married",1
9342,1975-12-31,"Female","University","Divorced",1
9343,1982-12-31,"Male","University","Single",0
9344,1974-12-31,"Male","Secondary","Single",2
9345,1997-12-31,"Male","University","Married",0
9346,1980-12-31,"Female","University","Divorced",2
9347,1968-12-31,"Female","Secondary","Single",1
9348,2006-12-31,"Female","Secondary","Widowed",0
9349,1977-12-31,"Male","Secondary","Single",2
9350,2006-12-31,"Female","Technical","Single",1
9351,1981-12-31,"Female","Technical","Married",3
9352,1996-12-31,"Female","Secondary","Single",0
9353,1995-12-31,"Female","Technical","Single",1
9354,1979-12-31,"Male","Postgraduate","Married",0
9355,1985-12-31,"Male","Secondary","Single",1
9356,1996-12-31,"Female","Secondary","Single",0
9357,1992-12-31,"Female","Technical","Married",0
9358,1970-12-31,"Other","Postgraduate","Married",0
9359,1982-12-31,"Female","Postgraduate","Married",2
9360,1976-12-31,"Male","University","Married",1
9361,1975-12-31,"Male","University","Single",2
9362,1986-12-31,"Female","Secondary","Divorced",0
9363,1973-12-31,"Male","Secondary","Married",2
9364,1984-12-31,"Female","University","Married",0
9365,1980-12-31,"Female","Technical","Married",3
9366,1955-12-31,"Male","Postgraduate","Divorced",2
9367,1980-12-31,"Female","University","Divorced",0
9368,1991-12-31,"Male","University","Married",5
9369,1985-12-31,"Female","Technical","Married",2
9370,2002-12-31,"Male","University","Single",0
9371,1990-12-31,"Male","Secondary","Married",1
9372,1979-12-31,"Female","Technical","Married",1
9373,1981-12-31,"Female","Other","Married",0
9374,1983-12-31,"Female","Secondary","Single",0
9375,1990-12-31,"Female","Technical","Married",0
9376,1984-12-31,"Male","Technical","Married",0
9377,1961-12-31,"Female","University","Single",1
9378,1981-12-31,"Male","Secondary","Divorced",4
9379,1991-12-31,"Female","Technical","Married",2
9380,1987-12-31,"Male","University","Single",1
9381,1975-12-31,"Female","Technical","Married",0
9382,1973-12-31,"Male","Technical","Married",2
9383,1963-12-31,"Female","Postgraduate","Single",1
9384,1986-12-31,"Female","Secondary","Married",4
9385,1979-12-31,"Female","University","Divorced",2
9386,1974-12-31,"Male","Secondary","Married",0
9387,1977-12-31,"Female","Secondary","Single",3
9388,1984-12-31,"Female","Technical","Single",1
9389,1985-12-31,"Male","Secondary","Single",1
9390,1978-12-31,"Male","Postgraduate","Single",0
9391,1991-12-31,"Male","Technical","Single",0
9392,1979-12-31,"Male","Secondary","Married",0
9393,1966-12-31,"Female","University","Married",1
9394,2003-12-31,"Male","Secondary","Married",0
9395,1953-12-31,"Female","Secondary","Married",2
9396,1975-12-31,"Male","Technical","Single",0
9397,1983-12-31,"Male","University","Married",2
9398,1976-12-31,"Male","Technical","Divorced",1
9399,1986-12-31,"Male","University","Single",2
9400,2000-12-31,"Male","Secondary","Married",2
9401,1995-12-31,"Male","Technical","Single",1
9402,1993-12-31,"Male","Postgraduate","Single",0
9403,1994-12-31,"Male","Secondary","Married",1
9404,1996-12-31,"Female","University","Single",1
9405,2007-12-31,"Female","Postgraduate","Widowed",2
9406,1970-12-31,"Female","Technical","Single",1
9407,1976-12-31,"Male","Other","Single",2
9408,1983-12-31,"Female","Secondary","Married",2
9409,1975-12-31,"Male","Technical","Single",1
9410,1989-12-31,"Female","Postgraduate","Divorced",1
9411,1984-12-31,"Male","Secondary","Married",1
9412,1986-12-31,"Female","Technical","Divorced",2
9413,1991-12-31,"Female","Technical","Married",1
9414,1992-12-31,"Female","University","Married",2
9415,1985-12-31,"Male","Secondary","Married",0
9416,1961-12-31,"Male","University","Single",3
9417,1961-12-31,"Female","Postgraduate","Single",0
9418,1988-12-31,"Male","Technical","Single",1
9419,1977-12-31,"Female","Technical","Single",2
9420,1986-12-31,"Female","Postgraduate","Single",0
9421,1984-12-31,"Female","Secondary","Married",0
9422,1984-12-31,"Male","Technical","Married",1
9423,1997-12-31,"Female","Secondary","Single",4
9424,1966-12-31,"Female","Secondary","Single",2
9425,1985-12-31,"Female","Secondary","Single",2
9426,1963-12-31,"Male","Technical","Married",2
9427,1985-12-31,"Female","Other","Married",2
9428,2003-12-31,"Female","Technical","Single",2
9429,1967-12-31,"Male","Technical","Single",3
9430,1982-12-31,"Male","Secondary","Single",1
9431,1983-12-31,"Female","Technical","Married",2
9432,1987-12-31,"Female","Secondary","Widowed",0
9433,1990-12-31,"Male","Technical","Married",2
9434,2000-12-31,"Male","University","Single",1
9435,1965-12-31,"Male","Technical","Married",1
9436,1983-12-31,"Female","Postgraduate","Divorced",2
9437,1989-12-31,"Female","Technical","Divorced",1
9438,1983-12-31,"Female","Secondary","Married",3
9439,1977-12-31,"Female","Secondary","Single",2
9440,1990-12-31,"Female","University","Married",1
9441,1966-12-31,"Female","Postgraduate","Divorced",2
9442,1984-12-31,"Female","Technical","Widowed",1
9443,1975-12-31,"Other","Technical","Single",1
9444,1981-12-31,"Female","Postgraduate","Married",3
9445,1973-12-31,"Female","University","Divorced",0
9446,1976-12-31,"Male","Technical","Single",0
9447,1958-12-31,"Female","Technical","Married",0
9448,1986-12-31,"Female","University","Married",2
9449,1977-12-31,"Male","Technical","Widowed",3
9450,1997-12-31,"Male","Secondary","Married",0
9451,2007-12-31,"Female","Postgraduate","Married",1
9452,1981-12-31,"Male","Postgraduate","Married",1
9453,1990-12-31,"Male","University","Single",1
9454,1988-12-31,"Male","Technical","Married",3
9455,1979-12-31,"Female","University","Single",1
9456,2007-12-31,"Male","Other","Single",1
9457,1987-12-31,"Male","Secondary","Married",0
9458,2000-12-31,"Female","University","Divorced",0
9459,1974-12-31,"Male","Secondary","Married",0
9460,1977-12-31,"Male","Secondary","Married",2
9461,1987-12-31,"Other","University","Married",1
9462,2007-12-31,"Male","Secondary","Single",2
9463,1988-12-31,"Male","University","Single",2
9464,1975-12-31,"Female","University","Married",1
9465,1991-12-31,"Female","Other","Married",2
9466,1995-12-31,"Female","Secondary","Married",0
9467,2006-12-31,"Male","Technical","Married",0
9468,1982-12-31,"Female","Technical","Married",0
9469,1972-12-31,"Male","Secondary","Married",0
9470,1956-12-31,"Male","Postgraduate","Married",4
9471,2001-12-31,"Female","Technical","Married",0
9472,1973-12-31,"Female","Postgraduate","Single",2
9473,1969-12-31,"Male","Secondary","Married",2
9474,2000-12-31,"Male","Technical","Divorced",1
9475,1976-12-31,"Male","University","Single",2
9476,1981-12-31,"Female","Technical","Single",1
9477,1972-12-31,"Female","Technical","Married",2
9478,1991-12-31,"Female","Secondary","Single",0
9479,1983-12-31,"Male","Secondary","Divorced",2
9480,1973-12-31,"Female","Technical","Single",0
9481,1984-12-31,"Male","Secondary","Married",0
9482,1970-12-31,"Female","University","Widowed",2
9483,1977-12-31,"Male","Other","Single",1
9484,1965-12-31,"Female","Postgraduate","Married",2
9485,1950-12-31,"Male","University","Married",2
9486,2007-12-31,"Male","University","Single",1
9487,1997-12-31,"Female","Technical","Single",1
9488,1984-12-31,"Male","Secondary","Married",4
9489,1970-12-31,"Male","Secondary","Single",0
9490,1984-12-31,"Male","Secondary","Married",1
9491,1987-12-31,"Male","Secondary","Single",0
9492,1973-12-31,"Female","Postgraduate","Married",1
9493,1965-12-31,"Male","University","Single",1
9494,1984-12-31,"Male","Secondary","Married",2
9495,1983-12-31,"Female","Technical","Single",2
9496,2002-12-31,"Female","Technical","Single",1
9497,1990-12-31,"Female","Secondary","Single",5
9498,2003-12-31,"Male","Secondary","Married",1
9499,1990-12-31,"Male","Secondary","Married",0
9500,1991-12-31,"Female","Postgraduate","Single",2
9501,1971-12-31,"Female","Secondary","Married",3
9502,1982-12-31,"Female","University","Married",2
9503,1976-12-31,"Male","Other","Married",0
9504,2007-12-31,"Female","University","Divorced",2
9505,1983-12-31,"Female","University","Married",1
9506,1992-12-31,"Male","University","Married",2
9507,1998-12-31,"Male","University","Divorced",0
9508,1987-12-31,"Female","Secondary","Single",0
9509,1963-12-31,"Male","Secondary","Married",2
9510,1997-12-31,"Female","University","Married",2
9511,1971-12-31,"Male","Technical","Married",1
9512,1965-12-31,"Male","University","Single",0
9513,1996-12-31,"Male","Secondary","Married",1
9514,1990-12-31,"Female","University","Single",2
9515,1982-12-31,"Female","University","Single",1
9516,2002-12-31,"Female","Technical","Widowed",1
9517,2005-12-31,"Male","University","Widowed",2
9518,1982-12-31,"Female","Technical","Married",1
9519,1995-12-31,"Female","University","Widowed",3
9520,1982-12-31,"Male","Other","Single",1
9521,1983-12-31,"Male","Postgraduate","Single",1
9522,1965-12-31,"Male","Other","Divorced",1
9523,1971-12-31,"Female","University","Married",0
9524,1971-12-31,"Female","University","Single",4
9525,2001-12-31,"Female","Technical","Single",3
9526,1969-12-31,"Male","Technical","Single",1
9527,1991-12-31,"Male","University","Widowed",0
9528,1965-12-31,"Male","Secondary","Single",0
9529,1987-12-31,"Female","University","Married",2
9530,1962-12-31,"Male","University","Single",0
9531,1993-12-31,"Male","Technical","Married",3
9532,1993-12-31,"Female","University","Single",0
9533,1987-12-31,"Male","University","Divorced",1
9534,1982-12-31,"Other","Technical","Married",1
9535,1987-12-31,"Male","Other","Widowed",2
9536,1970-12-31,"Female","Secondary","Single",1
9537,1971-12-31,"Female","Postgraduate","Single",0
9538,1976-12-31,"Female","Secondary","Married",0
9539,1995-12-31,"Male","Secondary","Married",3
9540,1989-12-31,"Female","Secondary","Married",2
9541,2006-12-31,"Male","University","Married",0
9542,1970-12-31,"Female","Postgraduate","Divorced",1
9543,1981-12-31,"Male","University","Married",0
9544,1989-12-31,"Female","Secondary","Divorced",3
9545,1986-12-31,"Male","Secondary","Divorced",2
9546,1988-12-31,"Male","Postgraduate","Divorced",0
9547,1988-12-31,"Male","Postgraduate","Divorced",2
9548,1980-12-31,"Male","Secondary","Married",0
9549,1969-12-31,"Female","Secondary","Married",2
9550,1985-12-31,"Female","Technical","Single",5
9551,1977-12-31,"Female","Secondary","Married",1
9552,1998-12-31,"Male","Secondary","Married",1
9553,1981-12-31,"Male","Secondary","Married",1
9554,1974-12-31,"Male","Technical","Widowed",0
9555,1995-12-31,"Female","University","Single",2
9556,1978-12-31,"Male","Secondary","Married",1
9557,1974-12-31,"Male","University","Married",1
9558,1995-12-31,"Female","Technical","Married",2
9559,1983-12-31,"Female","Postgraduate","Divorced",0
9560,1964-12-31,"Male","Postgraduate","Widowed",1
9561,2001-12-31,"Male","Secondary","Single",1
9562,1994-12-31,"Female","University","Married",2
9563,1976-12-31,"Male","University","Married",1
9564,1988-12-31,"Male","Technical","Single",1
9565,1985-12-31,"Male","Secondary","Single",1
9566,1990-12-31,"Male","Technical","Married",1
9567,1997-12-31,"Female","Technical","Married",0
9568,1997-12-31,"Male","Secondary","Single",2
9569,1993-12-31,"Male","Other","Married",2
9570,1995-12-31,"Male","University","Married",2
9571,1984-12-31,"Female","Secondary","Married",0
9572,1972-12-31,"Female","Technical","Widowed",0
9573,1970-12-31,"Female","Other","Married",1
9574,1980-12-31,"Female","Technical","Married",2
9575,1982-12-31,"Other","Secondary","Married",1
9576,1993-12-31,"Female","Secondary","Single",1
9577,1986-12-31,"Male","Technical","Married",1
9578,1983-12-31,"Female","Postgraduate","Single",1
9579,1996-12-31,"Male","Secondary","Married",2
9580,1991-12-31,"Male","Postgraduate","Divorced",0
9581,1963-12-31,"Female","University","Single",3
9582,1984-12-31,"Female","Secondary","Married",0
9583,1993-12-31,"Female","University","Divorced",1
9584,1950-12-31,"Female","Technical","Single",0
9585,1985-12-31,"Other","Technical","Married",1
9586,1975-12-31,"Female","University","Married",2
9587,1979-12-31,"Female","University","Divorced",0
9588,1985-12-31,"Male","Secondary","Single",2
9589,1987-12-31,"Male","Technical","Single",1
9590,1985-12-31,"Female","Secondary","Divorced",1
9591,1958-12-31,"Male","Technical","Married",3
9592,1968-12-31,"Female","University","Married",0
9593,1997-12-31,"Female","Secondary","Single",1
9594,2001-12-31,"Female","Secondary","Married",1
9595,1984-12-31,"Female","Secondary","Married",1
9596,1966-12-31,"Female","Secondary","Widowed",2
9597,1981-12-31,"Female","Secondary","Married",2
9598,1980-12-31,"Male","Postgraduate","Widowed",1
9599,1977-12-31,"Female","Other","Married",0
9600,1981-12-31,"Male","Secondary","Single",1
9601,1988-12-31,"Female","Technical","Married",2
9602,1985-12-31,"Male","Technical","Single",0
9603,1969-12-31,"Male","Secondary","Widowed",2
9604,1978-12-31,"Male","Secondary","Divorced",1
9605,1984-12-31,"Female","Secondary","Married",0
9606,1978-12-31,"Female","Technical","Single",1
9607,1982-12-31,"Female","Technical","Married",2
9608,1967-12-31,"Female","Secondary","Single",0
9609,1968-12-31,"Male","Secondary","Married",1
9610,1967-12-31,"Female","University","Single",1
9611,1981-12-31,"Male","University","Widowed",0
9612,1956-12-31,"Male","University","Divorced",2
9613,1978-12-31,"Female","Secondary","Married",2
9614,2001-12-31,"Female","Secondary","Married",2
9615,1992-12-31,"Male","Technical","Divorced",2
9616,1976-12-31,"Male","University","Divorced",0
9617,1973-12-31,"Male","Secondary","Married",2
9618,2002-12-31,"Female","Postgraduate","Divorced",0
9619,2000-12-31,"Female","Technical","Married",1
9620,1993-12-31,"Male","Secondary","Married",0
9621,1983-12-31,"Female","Secondary","Divorced",2
9622,1992-12-31,"Female","University","Widowed",4
9623,1966-12-31,"Male","Secondary","Single",2
9624,1992-12-31,"Male","University","Married",3
9625,1986-12-31,"Male","Secondary","Widowed",1
9626,1986-12-31,"Male","University","Married",0
9627,1976-12-31,"Female","University","Married",3
9628,1983-12-31,"Male","University","Married",3
9629,1987-12-31,"Male","Secondary","Single",1
9630,1994-12-31,"Male","Technical","Divorced",1
9631,1980-12-31,"Male","Other","Widowed",1
9632,1991-12-31,"Male","Secondary","Married",1
9633,1959-12-31,"Female","University","Single",2
9634,1981-12-31,"Male","University","Single",1
9635,1978-12-31,"Female","Other","Divorced",3
9636,1992-12-31,"Female","University","Single",3
9637,1994-12-31,"Male","University","Married",1
9638,2000-12-31,"Female","University","Single",0
9639,1984-12-31,"Male","Technical","Divorced",2
9640,2004-12-31,"Female","University","Widowed",2
9641,1977-12-31,"Female","Technical","Widowed",1
9642,1976-12-31,"Male","University","Married",2
9643,1977-12-31,"Female","University","Married",1
9644,1969-12-31,"Female","Secondary","Married",0
9645,1989-12-31,"Female","Secondary","Divorced",0
9646,1980-12-31,"Female","University","Divorced",0
9647,1980-12-31,"Male","University","Divorced",0
9648,1969-12-31,"Female","Postgraduate","Married",1
9649,1985-12-31,"Male","Secondary","Single",0
9650,1981-12-31,"Female","Technical","Married",0
9651,1988-12-31,"Male","University","Married",1
9652,1981-12-31,"Male","Technical","Married",1
9653,1983-12-31,"Female","Postgraduate","Married",1
9654,1985-12-31,"Male","University","Single",1
9655,1991-12-31,"Male","University","Divorced",0
9656,1986-12-31,"Female","University","Single",0
9657,1991-12-31,"Male","Secondary","Divorced",1
9658,1967-12-31,"Female","Technical","Single",0
9659,1964-12-31,"Male","Secondary","Married",3
9660,1987-12-31,"Female","University","Single",1
9661,1998-12-31,"Male","Secondary","Single",1
9662,1978-12-31,"Male","Technical","Married",2
9663,1983-12-31,"Male","University","Married",2
9664,1980-12-31,"Female","Secondary","Single",1
9665,1986-12-31,"Male","Secondary","Married",2
9666,1987-12-31,"Female","Secondary","Single",2
9667,1965-12-31,"Female","Secondary","Single",2
9668,1968-12-31,"Male","Technical","Single",1
9669,2005-12-31,"Male","University","Married",1
9670,1984-12-31,"Male","Technical","Married",1
9671,1999-12-31,"Male","Secondary","Single",3
9672,1967-12-31,"Female","Postgraduate","Divorced",1
9673,1998-12-31,"Male","Secondary","Single",2
9674,1991-12-31,"Female","University","Married",1
9675,1966-12-31,"Female","University","Divorced",0
9676,1974-12-31,"Female","Technical","Married",1
9677,1990-12-31,"Male","University","Divorced",1
9678,1974-12-31,"Male","Secondary","Married",1
9679,1985-12-31,"Female","Secondary","Married",3
9680,1966-12-31,"Female","Other","Single",2
9681,1983-12-31,"Female","Other","Divorced",2
9682,2005-12-31,"Female","Technical","Married",2
9683,1982-12-31,"Male","Postgraduate","Divorced",0
9684,1972-12-31,"Female","Technical","Single",1
9685,1978-12-31,"Female","Secondary","Single",3
9686,1958-12-31,"Male","Other","Single",2
9687,1974-12-31,"Other","Technical","Married",2
9688,1974-12-31,"Male","Technical","Single",1
9689,1970-12-31,"Other","Postgraduate","Divorced",1
9690,1995-12-31,"Male","Secondary","Divorced",1
9691,1979-12-31,"Male","Secondary","Married",0
9692,1986-12-31,"Male","University","Married",0
9693,1969-12-31,"Female","Technical","Widowed",1
9694,1960-12-31,"Male","Postgraduate","Single",0
9695,1988-12-31,"Other","Other","Married",0
9696,1977-12-31,"Female","Technical","Married",1
9697,1996-12-31,"Male","University","Single",3
9698,1960-12-31,"Female","University","Married",1
9699,1973-12-31,"Female","Other","Married",2
9700,1995-12-31,"Male","Technical","Married",1
9701,1990-12-31,"Female","Secondary","Divorced",0
9702,1973-12-31,"Female","Secondary","Single",1
9703,1991-12-31,"Female","Technical","Married",2
9704,1977-12-31,"Female","University","Divorced",1
9705,1982-12-31,"Female","University","Single",3
9706,1989-12-31,"Male","Secondary","Married",1
9707,1957-12-31,"Male","Secondary","Married",1
9708,1997-12-31,"Male","Technical","Divorced",1
9709,1981-12-31,"Male","Postgraduate","Married",1
9710,1976-12-31,"Female","Secondary","Married",3
9711,1974-12-31,"Female","University","Single",1
9712,1975-12-31,"Female","Secondary","Widowed",2
9713,1980-12-31,"Female","Secondary","Single",2
9714,1960-12-31,"Female","Other","Divorced",2
9715,1958-12-31,"Female","Technical","Single",0
9716,1988-12-31,"Female","Secondary","Married",2
9717,1974-12-31,"Female","Secondary","Single",2
9718,1964-12-31,"Female","Secondary","Married",2
9719,2001-12-31,"Male","Postgraduate","Single",2
9720,1981-12-31,"Male","Postgraduate","Single",2
9721,1981-12-31,"Female","Technical","Single",0
9722,1975-12-31,"Male","Technical","Single",2
9723,1974-12-31,"Male","Secondary","Single",1
9724,1979-12-31,"Male","University","Married",2
9725,1999-12-31,"Female","University","Married",0
9726,1976-12-31,"Other","Secondary","Married",2
9727,1976-12-31,"Female","University","Married",1
9728,1992-12-31,"Male","Secondary","Single",1
9729,1982-12-31,"Female","University","Widowed",2
9730,1984-12-31,"Female","Secondary","Divorced",2
9731,1976-12-31,"Male","Technical","Divorced",1
9732,1965-12-31,"Male","University","Single",1
9733,1980-12-31,"Male","Secondary","Single",1
9734,1973-12-31,"Male","Technical","Widowed",1
9735,1953-12-31,"Male","Secondary","Single",1
9736,1996-12-31,"Female","Technical","Married",1
9737,1981-12-31,"Female","Postgraduate","Married",3
9738,1987-12-31,"Male","Secondary","Married",0
9739,1981-12-31,"Female","Technical","Single",1
9740,1968-12-31,"Male","Technical","Single",3
9741,1975-12-31,"Male","Technical","Single",0
9742,1983-12-31,"Male","University","Married",1
9743,1985-12-31,"Female","Technical","Single",1
9744,1984-12-31,"Male","Technical","Married",0
9745,1984-12-31,"Male","Technical","Married",3
9746,1984-12-31,"Female","Secondary","Single",0
9747,1973-12-31,"Male","Technical","Single",1
9748,1991-12-31,"Male","Secondary","Single",1
9749,1973-12-31,"Female","Secondary","Single",1
9750,1976-12-31,"Male","University","Married",3
9751,1981-12-31,"Male","Secondary","Married",2
9752,2006-12-31,"Female","University","Married",1
9753,1977-12-31,"Male","Secondary","Married",2
9754,1969-12-31,"Male","University","Married",1
9755,1964-12-31,"Male","University","Single",3
9756,1993-12-31,"Male","Technical","Married",0
9757,2001-12-31,"Female","Secondary","Single",1
9758,1967-12-31,"Female","Secondary","Married",3
9759,1966-12-31,"Male","Technical","Single",0
9760,1967-12-31,"Female","Secondary","Single",2
9761,1994-12-31,"Female","University","Married",2
9762,1999-12-31,"Female","Technical","Married",0
9763,1985-12-31,"Male","University","Married",1
9764,1989-12-31,"Male","Technical","Married",1
9765,1960-12-31,"Female","Secondary","Single",0
9766,1990-12-31,"Male","University","Single",2
9767,1974-12-31,"Female","Technical","Married",0
9768,1971-12-31,"Male","Technical","Married",2
9769,1995-12-31,"Female","University","Married",1
9770,2000-12-31,"Female","Secondary","Single",2
9771,1979-12-31,"Female","Secondary","Single",0
9772,1996-12-31,"Female","University","Married",3
9773,1979-12-31,"Male","Postgraduate","Married",1
9774,1973-12-31,"Female","Postgraduate","Married",0
9775,1977-12-31,"Female","Postgraduate","Single",2
9776,1986-12-31,"Female","Technical","Married",2
9777,1987-12-31,"Female","Technical","Single",2
9778,1969-12-31,"Female","Secondary","Married",0
9779,1996-12-31,"Female","Postgraduate","Married",1
9780,1991-12-31,"Female","Technical","Married",0
9781,1997-12-31,"Male","Technical","Single",2
9782,1981-12-31,"Male","Technical","Married",2
9783,2000-12-31,"Male","Technical","Married",1
9784,2007-12-31,"Male","Postgraduate","Single",1
9785,1973-12-31,"Female","Technical","Divorced",0
9786,1968-12-31,"Male","Other","Married",4
9787,1981-12-31,"Male","Technical","Married",0
9788,1980-12-31,"Male","University","Single",1
9789,1974-12-31,"Female","Technical","Single",2
9790,1991-12-31,"Female","University","Married",0
9791,1982-12-31,"Other","Secondary","Married",0
9792,1982-12-31,"Male","Secondary","Single",0
9793,1983-12-31,"Male","Technical","Married",0
9794,1993-12-31,"Female","Technical","Single",2
9795,1961-12-31,"Female","University","Single",1
9796,1964-12-31,"Male","Technical","Married",2
9797,1982-12-31,"Male","Secondary","Married",2
9798,1998-12-31,"Female","University","Widowed",1
9799,1984-12-31,"Male","University","Married",4
9800,1973-12-31,"Female","Secondary","Single",3
9801,1993-12-31,"Male","Technical","Married",2
9802,1961-12-31,"Female","Secondary","Single",3
9803,1975-12-31,"Female","Secondary","Married",2
9804,2003-12-31,"Female","Technical","Single",1
9805,1982-12-31,"Female","Technical","Married",1
9806,1968-12-31,"Male","Technical","Single",2
9807,1980-12-31,"Female","University","Married",2
9808,1975-12-31,"Male","Technical","Married",1
9809,1974-12-31,"Male","University","Married",1
9810,1991-12-31,"Female","Technical","Single",1
9811,1990-12-31,"Female","Technical","Single",2
9812,1985-12-31,"Male","Other","Married",1
9813,1973-12-31,"Female","Secondary","Married",2
9814,1977-12-31,"Male","Other","Married",2
9815,1988-12-31,"Male","University","Single",1
9816,1980-12-31,"Female","Postgraduate","Single",3
9817,1990-12-31,"Male","University","Married",1
9818,1991-12-31,"Male","Secondary","Married",2
9819,1980-12-31,"Female","Other","Single",0
9820,1975-12-31,"Female","Technical","Married",1
9821,1979-12-31,"Female","Secondary","Married",2
9822,1982-12-31,"Female","University","Widowed",0
9823,1977-12-31,"Male","Secondary","Married",0
9824,1983-12-31,"Male","Technical","Single",0
9825,1971-12-31,"Male","Secondary","Married",2
9826,1968-12-31,"Female","University","Divorced",2
9827,1983-12-31,"Female","Postgraduate","Married",0
9828,1988-12-31,"Male","Technical","Single",3
9829,1976-12-31,"Male","University","Married",1
9830,1966-12-31,"Female","Postgraduate","Widowed",0
9831,1974-12-31,"Female","Technical","Single",1
9832,1977-12-31,"Male","Postgraduate","Single",1
9833,1994-12-31,"Male","Secondary","Divorced",2
9834,1970-12-31,"Female","Technical","Married",2
9835,1990-12-31,"Female","Secondary","Married",0
9836,1994-12-31,"Male","Postgraduate","Single",3
9837,1971-12-31,"Female","University","Widowed",2
9838,1974-12-31,"Male","University","Married",0
9839,1994-12-31,"Male","Secondary","Single",0
9840,1968-12-31,"Female","Postgraduate","Single",2
9841,1990-12-31,"Male","Technical","Married",2
9842,1999-12-31,"Male","Secondary","Divorced",2
9843,1950-12-31,"Male","Secondary","Married",2
9844,1964-12-31,"Male","Technical","Married",1
9845,1986-12-31,"Female","Secondary","Widowed",0
9846,1974-12-31,"Female","Secondary","Single",0
9847,1979-12-31,"Female","Secondary","Single",2
9848,1984-12-31,"Male","Secondary","Single",3
9849,1959-12-31,"Female","Secondary","Single",2
9850,1991-12-31,"Female","Technical","Married",1
9851,1982-12-31,"Female","Secondary","Married",0
9852,1977-12-31,"Male","Other","Married",0
9853,1997-12-31,"Other","Technical","Single",1
9854,1977-12-31,"Female","Secondary","Single",2
9855,1975-12-31,"Male","University","Single",1
9856,1986-12-31,"Female","Technical","Married",1
9857,2006-12-31,"Female","University","Divorced",3
9858,1962-12-31,"Female","Secondary","Divorced",2
9859,1990-12-31,"Female","University","Married",0
9860,1963-12-31,"Female","University","Widowed",1
9861,1951-12-31,"Male","University","Widowed",1
9862,1963-12-31,"Male","University","Married",2
9863,1974-12-31,"Female","Technical","Married",1
9864,1994-12-31,"Male","Other","Married",0
9865,1974-12-31,"Male","Postgraduate","Single",0
9866,1979-12-31,"Male","Secondary","Married",3
9867,1983-12-31,"Male","Secondary","Married",0
9868,1971-12-31,"Female","University","Single",2
9869,1976-12-31,"Female","University","Married",1
9870,1982-12-31,"Male","University","Single",3
9871,2001-12-31,"Female","Technical","Married",2
9872,1969-12-31,"Male","Postgraduate","Single",4
9873,1990-12-31,"Female","Technical","Married",1
9874,1990-12-31,"Male","Secondary","Married",1
9875,1973-12-31,"Female","University","Widowed",3
9876,1990-12-31,"Female","University","Divorced",1
9877,1981-12-31,"Male","University","Widowed",0
9878,1967-12-31,"Female","Secondary","Single",1
9879,1978-12-31,"Female","Secondary","Single",3
9880,1979-12-31,"Male","Other","Married",0
9881,1982-12-31,"Male","Secondary","Single",3
9882,2007-12-31,"Male","Secondary","Single",1
9883,1976-12-31,"Male","University","Married",1
9884,1995-12-31,"Female","Technical","Married",4
9885,1984-12-31,"Female","University","Married",2
9886,2002-12-31,"Male","Technical","Widowed",0
9887,1969-12-31,"Male","Technical","Married",1
9888,1986-12-31,"Male","Secondary","Divorced",1
9889,1975-12-31,"Female","University","Single",0
9890,1975-12-31,"Female","University","Single",3
9891,1986-12-31,"Male","University","Divorced",3
9892,1963-12-31,"Female","Technical","Married",1
9893,1984-12-31,"Male","Secondary","Married",1
9894,1974-12-31,"Female","University","Divorced",3
9895,1965-12-31,"Female","Technical","Divorced",0
9896,1969-12-31,"Male","Postgraduate","Married",2
9897,1971-12-31,"Male","University","Married",1
9898,1991-12-31,"Male","Technical","Married",1
9899,1957-12-31,"Female","University","Married",2
9900,1993-12-31,"Male","Secondary","Married",0
9901,1966-12-31,"Female","University","Single",0
9902,2002-12-31,"Female","University","Married",3
9903,1990-12-31,"Female","Technical","Married",3
9904,1999-12-31,"Male","Other","Single",5
9905,1987-12-31,"Male","Secondary","Single",1
9906,1991-12-31,"Female","University","Married",0
9907,1986-12-31,"Female","Postgraduate","Married",0
9908,1974-12-31,"Female","University","Single",1
9909,1967-12-31,"Female","Secondary","Single",0
9910,1965-12-31,"Male","University","Married",0
9911,1971-12-31,"Female","Technical","Married",0
9912,1986-12-31,"Female","Secondary","Married",2
9913,1971-12-31,"Female","Technical","Single",0
9914,1990-12-31,"Male","Technical","Widowed",1
9915,1979-12-31,"Female","Secondary","Married",1
9916,2005-12-31,"Male","Technical","Married",1
9917,1983-12-31,"Male","Secondary","Single",2
9918,1980-12-31,"Female","Technical","Single",4
9919,1981-12-31,"Female","Technical","Married",5
9920,1997-12-31,"Female","Technical","Married",1
9921,1992-12-31,"Female","Technical","Widowed",2
9922,1995-12-31,"Female","Secondary","Married",1
9923,1975-12-31,"Female","Technical","Widowed",1
9924,1981-12-31,"Male","University","Married",2
9925,1983-12-31,"Female","Secondary","Married",0
9926,1995-12-31,"Male","Technical","Single",0
9927,1988-12-31,"Female","Secondary","Married",1
9928,1987-12-31,"Male","Secondary","Married",2
9929,1987-12-31,"Male","University","Single",1
9930,1981-12-31,"Male","Secondary","Married",1
9931,1982-12-31,"Male","University","Married",4
9932,1972-12-31,"Female","Secondary","Single",1
9933,1992-12-31,"Female","Secondary","Widowed",0
9934,1962-12-31,"Female","University","Single",3
9935,1991-12-31,"Female","Technical","Married",1
9936,1974-12-31,"Other","Technical","Married",1
9937,1994-12-31,"Male","Technical","Divorced",3
9938,1981-12-31,"Female","Secondary","Married",1
9939,1980-12-31,"Male","Postgraduate","Divorced",0
9940,2001-12-31,"Female","Secondary","Single",1
9941,1986-12-31,"Male","Secondary","Married",2
9942,1955-12-31,"Female","Secondary","Married",0
9943,1977-12-31,"Female","University","Single",1
9944,1979-12-31,"Female","Technical","Married",3
9945,1971-12-31,"Male","University","Single",1
9946,1976-12-31,"Male","University","Married",0
9947,1959-12-31,"Male","University","Married",2
9948,1997-12-31,"Male","Secondary","Single",0
9949,1991-12-31,"Male","Secondary","Divorced",3
9950,1965-12-31,"Male","Technical","Single",1
9951,1966-12-31,"Female","Postgraduate","Divorced",0
9952,1990-12-31,"Female","Secondary","Single",1
9953,1989-12-31,"Male","Secondary","Married",2
9954,1980-12-31,"Female","Secondary","Single",0
9955,1960-12-31,"Female","Technical","Married",3
9956,1968-12-31,"Female","University","Married",2
9957,2002-12-31,"Female","Secondary","Single",0
9958,1961-12-31,"Male","Technical","Divorced",2
9959,1992-12-31,"Female","Technical","Married",0
9960,1987-12-31,"Female","University","Married",3
9961,1989-12-31,"Female","University","Married",0
9962,1996-12-31,"Male","University","Married",1
9963,1991-12-31,"Male","Postgraduate","Married",2
9964,1971-12-31,"Male","Secondary","Single",3
9965,1977-12-31,"Female","University","Divorced",1
9966,1966-12-31,"Male","Secondary","Married",0
9967,1961-12-31,"Male","Technical","Married",2
9968,1982-12-31,"Male","University","Single",3
9969,1966-12-31,"Female","Secondary","Married",2
9970,1985-12-31,"Male","Secondary","Married",0
9971,1988-12-31,"Male","University","Single",0
9972,2004-12-31,"Male","Technical","Married",2
9973,1975-12-31,"Male","University","Single",1
9974,1975-12-31,"Female","University","Married",2
9975,1971-12-31,"Male","Secondary","Widowed",0
9976,1991-12-31,"Female","Secondary","Divorced",1
9977,1996-12-31,"Male","Other","Widowed",3
9978,1984-12-31,"Other","Technical","Single",0
9979,1982-12-31,"Male","Postgraduate","Single",2
9980,1962-12-31,"Female","University","Married",1
9981,1985-12-31,"Female","Other","Single",0
9982,1992-12-31,"Male","Secondary","Married",3
9983,1993-12-31,"Female","University","Divorced",0
9984,1974-12-31,"Female","University","Single",1
9985,1974-12-31,"Male","Postgraduate","Married",0
9986,1994-12-31,"Female","Secondary","Married",2
9987,2007-12-31,"Male","Secondary","Widowed",2
9988,1983-12-31,"Male","Secondary","Single",3
9989,1983-12-31,"Female","University","Married",1
9990,1976-12-31,"Female","University","Married",0
9991,2000-12-31,"Male","Secondary","Married",0
9992,1969-12-31,"Female","University","Married",2
9993,1981-12-31,"Female","University","Divorced",1
9994,1977-12-31,"Male","Secondary","Married",1
9995,1977-12-31,"Male","University","Divorced",4
9996,1965-12-31,"Female","University","Single",3
9997,1963-12-31,"Male","Postgraduate","Married",1
9998,1972-12-31,"Male","University","Single",1
9999,2001-12-31,"Male","Secondary","Divorced",1
10000,1982-12-31,"Male","Technical","Single",1
10001,1980-12-31,"Male","Technical","Divorced",2
10002,1976-12-31,"Male","Technical","Married",2
10003,1998-12-31,"Other","Secondary","Single",0
10004,1967-12-31,"Male","Technical","Single",1
10005,1994-12-31,"Female","University","Married",0
10006,1986-12-31,"Female","University","Widowed",1
10007,1981-12-31,"Female","Other","Married",0
10008,1988-12-31,"Other","University","Married",2
10009,1985-12-31,"Female","Secondary","Married",0
10010,1980-12-31,"Male","Technical","Married",0
10011,1967-12-31,"Female","Secondary","Single",2
10012,1986-12-31,"Male","Secondary","Single",1
10013,1989-12-31,"Female","University","Divorced",0
10014,1979-12-31,"Female","Technical","Divorced",1
10015,1971-12-31,"Female","University","Married",0
10016,1971-12-31,"Male","University","Married",0
10017,1977-12-31,"Female","Technical","Single",0
10018,1982-12-31,"Male","Technical","Married",4
10019,1991-12-31,"Male","University","Married",0
10020,1976-12-31,"Female","Secondary","Married",3
10021,1997-12-31,"Female","University","Single",0
10022,1972-12-31,"Male","Secondary","Single",3
10023,1977-12-31,"Female","Secondary","Single",1
10024,1977-12-31,"Female","Secondary","Married",0
10025,1987-12-31,"Female","Postgraduate","Single",2
10026,1992-12-31,"Male","Technical","Single",0
10027,1984-12-31,"Female","Secondary","Single",1
10028,1978-12-31,"Female","University","Single",3
10029,1975-12-31,"Female","Technical","Single",0
10030,1958-12-31,"Male","Secondary","Single",1
10031,1961-12-31,"Male","Postgraduate","Married",0
10032,2003-12-31,"Female","Secondary","Single",0
10033,1981-12-31,"Male","Secondary","Married",0
10034,1970-12-31,"Female","Secondary","Married",2
10035,1983-12-31,"Female","Technical","Divorced",0
10036,1970-12-31,"Female","Secondary","Single",3
10037,1967-12-31,"Female","Technical","Divorced",0
10038,1971-12-31,"Male","Secondary","Married",1
10039,1978-12-31,"Female","Technical","Married",2
10040,1988-12-31,"Male","University","Single",3
10041,1974-12-31,"Male","Postgraduate","Married",3
10042,1994-12-31,"Female","Technical","Divorced",1
10043,1966-12-31,"Male","Postgraduate","Single",1
10044,1979-12-31,"Female","University","Married",0
10045,1985-12-31,"Male","Technical","Married",0
10046,1979-12-31,"Female","Technical","Single",1
10047,1984-12-31,"Male","Postgraduate","Married",2
10048,1980-12-31,"Female","University","Married",2
10049,1987-12-31,"Male","University","Married",0
10050,1994-12-31,"Female","Other","Single",0
10051,1982-12-31,"Male","Technical","Single",4
10052,1993-12-31,"Male","Postgraduate","Married",1
10053,1990-12-31,"Male","University","Married",2
10054,1969-12-31,"Male","University","Married",1
10055,1968-12-31,"Female","University","Married",0
10056,1982-12-31,"Male","University","Married",2
10057,1987-12-31,"Male","University","Married",0
10058,2005-12-31,"Female","University","Married",2
10059,1983-12-31,"Male","Secondary","Divorced",1
10060,1972-12-31,"Female","University","Divorced",0
10061,1985-12-31,"Male","Secondary","Married",1
10062,1984-12-31,"Female","Technical","Divorced",0
10063,1982-12-31,"Female","Other","Married",0
10064,1991-12-31,"Female","Technical","Single",0
10065,1987-12-31,"Female","Secondary","Married",1
10066,1975-12-31,"Male","Secondary","Single",0
10067,1990-12-31,"Male","University","Single",2
10068,1981-12-31,"Female","Technical","Divorced",2
10069,1983-12-31,"Male","Other","Single",1
10070,1980-12-31,"Female","University","Single",1
10071,1973-12-31,"Male","Technical","Married",1
10072,1959-12-31,"Male","University","Single",3
10073,1976-12-31,"Male","Other","Divorced",2
10074,1987-12-31,"Male","Secondary","Single",0
10075,1981-12-31,"Female","Secondary","Married",0
10076,1974-12-31,"Male","Postgraduate","Married",1
10077,1978-12-31,"Female","Secondary","Single",1
10078,2003-12-31,"Male","Secondary","Married",1
10079,1987-12-31,"Female","Secondary","Single",3
10080,1990-12-31,"Female","Technical","Married",2
10081,2001-12-31,"Male","Secondary","Single",0
10082,1963-12-31,"Male","University","Married",2
10083,1983-12-31,"Female","University","Married",0
10084,1990-12-31,"Male","University","Married",1
10085,1999-12-31,"Male","University","Divorced",3
10086,2000-12-31,"Male","University","Single",0
10087,1980-12-31,"Male","Technical","Single",1
10088,2001-12-31,"Female","Secondary","Single",0
10089,1987-12-31,"Male","Secondary","Divorced",2
10090,1976-12-31,"Male","Technical","Single",2
10091,1992-12-31,"Female","University","Single",1
10092,1976-12-31,"Male","Secondary","Divorced",0
10093,1983-12-31,"Female","Technical","Married",3
10094,1980-12-31,"Female","Technical","Married",3
10095,1991-12-31,"Male","University","Married",2
10096,1987-12-31,"Male","Technical","Married",0
10097,1992-12-31,"Female","University","Single",0
10098,1957-12-31,"Female","Secondary","Single",1
10099,1975-12-31,"Female","University","Single",2
10100,1983-12-31,"Female","University","Married",2
10101,1974-12-31,"Male","Secondary","Married",1
10102,1981-12-31,"Male","Postgraduate","Single",3
10103,1967-12-31,"Female","University","Married",1
10104,1985-12-31,"Female","University","Single",3
10105,1982-12-31,"Other","Secondary","Married",0
10106,1996-12-31,"Female","Secondary","Divorced",0
10107,1993-12-31,"Female","Secondary","Divorced",0
10108,2000-12-31,"Female","Secondary","Single",0
10109,1970-12-31,"Female","Secondary","Divorced",0
10110,1967-12-31,"Female","Secondary","Married",0
10111,1973-12-31,"Female","University","Single",0
10112,1971-12-31,"Female","Secondary","Married",1
10113,1991-12-31,"Female","Technical","Married",1
10114,1983-12-31,"Male","Technical","Divorced",1
10115,1984-12-31,"Male","University","Divorced",2
10116,1974-12-31,"Female","Technical","Married",3
10117,1982-12-31,"Male","Postgraduate","Divorced",1
10118,1983-12-31,"Male","University","Single",1
10119,1973-12-31,"Other","University","Married",0
10120,1980-12-31,"Male","Secondary","Single",0
10121,1994-12-31,"Female","Secondary","Single",2
10122,1965-12-31,"Female","Secondary","Single",0
10123,1993-12-31,"Female","Secondary","Single",1
10124,1969-12-31,"Female","Technical","Divorced",2
10125,1977-12-31,"Male","Technical","Single",0
10126,1958-12-31,"Male","University","Married",1
10127,1981-12-31,"Female","Secondary","Married",2
10128,1961-12-31,"Female","University","Single",0
10129,1976-12-31,"Male","University","Married",1
10130,1994-12-31,"Female","Technical","Single",2
10131,1986-12-31,"Male","Technical","Married",0
10132,1981-12-31,"Female","Secondary","Divorced",1
10133,1993-12-31,"Male","Technical","Single",3
10134,2007-12-31,"Male","Secondary","Single",0
10135,1987-12-31,"Male","Secondary","Married",1
10136,1984-12-31,"Female","University","Married",2
10137,1989-12-31,"Female","University","Widowed",2
10138,1980-12-31,"Female","University","Divorced",0
10139,1971-12-31,"Female","Secondary","Widowed",3
10140,1999-12-31,"Male","Secondary","Married",2
10141,1993-12-31,"Female","Secondary","Single",2
10142,1968-12-31,"Female","Postgraduate","Single",3
10143,1993-12-31,"Female","Secondary","Married",2
10144,1968-12-31,"Male","University","Single",2
10145,1984-12-31,"Male","Technical","Married",2
10146,1981-12-31,"Male","Technical","Single",1
10147,1978-12-31,"Female","Technical","Widowed",0
10148,1989-12-31,"Female","Technical","Single",0
10149,1979-12-31,"Male","University","Married",2
10150,1986-12-31,"Other","University","Married",0
10151,1981-12-31,"Other","University","Divorced",2
10152,1982-12-31,"Male","University","Married",1
10153,1993-12-31,"Male","Technical","Divorced",0
10154,1988-12-31,"Female","Secondary","Divorced",3
10155,1975-12-31,"Male","Technical","Single",1
10156,1986-12-31,"Female","Technical","Single",1
10157,2001-12-31,"Male","Secondary","Single",1
10158,1978-12-31,"Male","University","Single",1
10159,1991-12-31,"Female","University","Married",2
10160,1974-12-31,"Female","Secondary","Married",1
10161,1996-12-31,"Female","University","Single",1
10162,1964-12-31,"Female","University","Married",3
10163,1967-12-31,"Male","Technical","Single",0
10164,1993-12-31,"Female","Secondary","Single",0
10165,1986-12-31,"Male","University","Single",0
10166,1974-12-31,"Male","Postgraduate","Married",1
10167,1996-12-31,"Male","Technical","Single",3
10168,1957-12-31,"Female","University","Single",1
10169,1974-12-31,"Other","Secondary","Married",1
10170,1985-12-31,"Male","Secondary","Divorced",1
10171,1991-12-31,"Female","Technical","Divorced",0
10172,1983-12-31,"Male","University","Widowed",1
10173,1995-12-31,"Male","Secondary","Single",1
10174,1992-12-31,"Male","Secondary","Single",4
10175,1962-12-31,"Male","Secondary","Married",2
10176,1991-12-31,"Male","University","Married",0
10177,1986-12-31,"Female","Technical","Married",0
10178,1964-12-31,"Female","Postgraduate","Single",1
10179,2000-12-31,"Female","Secondary","Married",1
10180,1999-12-31,"Male","University","Single",2
10181,1976-12-31,"Female","Secondary","Divorced",1
10182,1971-12-31,"Female","Technical","Widowed",1
10183,1977-12-31,"Male","Technical","Married",2
10184,1998-12-31,"Male","University","Married",2
10185,1984-12-31,"Female","University","Single",2
10186,1986-12-31,"Female","Secondary","Divorced",0
10187,1984-12-31,"Male","Technical","Married",1
10188,1995-12-31,"Male","Secondary","Married",2
10189,1981-12-31,"Female","University","Married",3
10190,1988-12-31,"Female","University","Single",3
10191,1977-12-31,"Female","Secondary","Married",2
10192,1990-12-31,"Female","University","Married",2
10193,2000-12-31,"Male","University","Single",3
10194,1998-12-31,"Male","Secondary","Divorced",2
10195,1969-12-31,"Female","Technical","Married",1
10196,1991-12-31,"Male","Postgraduate","Married",3
10197,1978-12-31,"Female","Postgraduate","Married",2
10198,1978-12-31,"Female","Secondary","Single",1
10199,1980-12-31,"Female","Other","Single",2
10200,2005-12-31,"Male","University","Single",1
10201,1971-12-31,"Male","Other","Divorced",1
10202,1988-12-31,"Male","Secondary","Widowed",0
10203,1972-12-31,"Female","Secondary","Married",5
10204,1981-12-31,"Male","Technical","Divorced",1
10205,1974-12-31,"Female","University","Married",0
10206,1979-12-31,"Female","Secondary","Divorced",3
10207,1978-12-31,"Male","University","Single",0
10208,1980-12-31,"Male","University","Divorced",2
10209,1972-12-31,"Male","University","Married",1
10210,1964-12-31,"Male","University","Single",0
10211,1981-12-31,"Male","Secondary","Married",1
10212,1976-12-31,"Male","University","Married",1
10213,1989-12-31,"Male","University","Single",4
10214,1973-12-31,"Female","Postgraduate","Married",0
10215,1987-12-31,"Male","Secondary","Single",0
10216,1991-12-31,"Female","Secondary","Married",3
10217,1974-12-31,"Male","University","Married",1
10218,1969-12-31,"Female","University","Married",3
10219,1975-12-31,"Male","Secondary","Married",2
10220,1988-12-31,"Male","Technical","Married",0
10221,1975-12-31,"Female","Secondary","Married",0
10222,1973-12-31,"Female","Postgraduate","Married",4
10223,1972-12-31,"Female","University","Single",0
10224,1985-12-31,"Female","Technical","Married",1
10225,1988-12-31,"Male","Technical","Married",2
10226,1967-12-31,"Male","University","Single",4
10227,1952-12-31,"Female","Postgraduate","Married",1
10228,1970-12-31,"Male","Secondary","Divorced",3
10229,1988-12-31,"Female","University","Single",4
10230,1979-12-31,"Female","University","Single",4
10231,1966-12-31,"Female","Technical","Married",2
10232,1964-12-31,"Female","Secondary","Married",0
10233,1974-12-31,"Male","University","Single",1
10234,1990-12-31,"Male","University","Single",3
10235,1974-12-31,"Male","Technical","Married",2
10236,1961-12-31,"Female","University","Married",1
10237,1979-12-31,"Male","Secondary","Married",1
10238,1975-12-31,"Male","Other","Widowed",1
10239,1988-12-31,"Male","University","Single",2
10240,1986-12-31,"Female","University","Married",1
10241,2004-12-31,"Female","Secondary","Single",2
10242,2005-12-31,"Female","Technical","Married",0
10243,1983-12-31,"Female","Secondary","Divorced",1
10244,1993-12-31,"Male","University","Married",3
10245,1968-12-31,"Female","University","Divorced",0
10246,1989-12-31,"Female","Other","Divorced",3
10247,1984-12-31,"Male","University","Married",2
10248,2007-12-31,"Female","University","Single",2
10249,1994-12-31,"Female","University","Married",1
10250,1954-12-31,"Female","Secondary","Single",2
10251,1988-12-31,"Female","Technical","Single",0
10252,1986-12-31,"Male","Secondary","Single",3
10253,2007-12-31,"Male","Technical","Single",1
10254,1991-12-31,"Female","University","Divorced",1
10255,1976-12-31,"Male","University","Single",2
10256,1982-12-31,"Male","Secondary","Divorced",2
10257,1970-12-31,"Male","Secondary","Single",4
10258,1981-12-31,"Male","Secondary","Single",2
10259,1970-12-31,"Male","University","Single",1
10260,1975-12-31,"Male","Secondary","Single",1
10261,1985-12-31,"Male","Secondary","Single",1
10262,1969-12-31,"Female","Secondary","Married",2
10263,1983-12-31,"Male","University","Married",0
10264,1978-12-31,"Male","Secondary","Married",1
10265,1973-12-31,"Female","Secondary","Single",1
10266,1969-12-31,"Male","University","Single",2
10267,1970-12-31,"Male","Secondary","Divorced",1
10268,1997-12-31,"Female","University","Widowed",1
10269,1978-12-31,"Female","Postgraduate","Single",2
10270,1993-12-31,"Female","Secondary","Single",2
10271,1971-12-31,"Female","University","Divorced",1
10272,1998-12-31,"Female","Technical","Single",1
10273,1976-12-31,"Female","Technical","Single",2
10274,1964-12-31,"Female","Technical","Married",0
10275,1979-12-31,"Female","Secondary","Widowed",2
10276,1974-12-31,"Female","University","Single",3
10277,1976-12-31,"Female","Technical","Single",4
10278,1994-12-31,"Female","University","Divorced",1
10279,1987-12-31,"Male","Secondary","Single",1
10280,1985-12-31,"Female","Secondary","Married",0
10281,1998-12-31,"Female","Secondary","Married",3
10282,1978-12-31,"Male","University","Married",2
10283,1988-12-31,"Male","Technical","Divorced",0
10284,1967-12-31,"Female","Postgraduate","Married",0
10285,2001-12-31,"Male","Other","Married",3
10286,1975-12-31,"Female","Secondary","Married",2
10287,1971-12-31,"Female","Secondary","Single",1
10288,1980-12-31,"Female","Other","Married",0
10289,1973-12-31,"Female","Technical","Single",0
10290,1982-12-31,"Female","University","Married",1
10291,1978-12-31,"Female","Secondary","Single",2
10292,1980-12-31,"Female","University","Widowed",2
10293,1987-12-31,"Female","Secondary","Married",1
10294,1990-12-31,"Female","University","Married",2
10295,2001-12-31,"Female","University","Married",1
10296,1969-12-31,"Female","University","Single",2
10297,1997-12-31,"Male","Secondary","Single",0
10298,1972-12-31,"Male","Technical","Single",2
10299,1996-12-31,"Male","Postgraduate","Divorced",1
10300,1982-12-31,"Male","University","Single",0
10301,1985-12-31,"Male","University","Single",1
10302,1978-12-31,"Male","Technical","Divorced",0
10303,1992-12-31,"Male","Secondary","Widowed",0
10304,1968-12-31,"Female","Technical","Single",1
10305,2007-12-31,"Male","Secondary","Single",1
10306,1999-12-31,"Male","Technical","Married",1
10307,1998-12-31,"Female","Postgraduate","Single",1
10308,1984-12-31,"Male","Secondary","Married",1
10309,1977-12-31,"Male","Secondary","Single",1
10310,1977-12-31,"Male","University","Single",1
10311,1961-12-31,"Female","University","Married",1
10312,1994-12-31,"Male","University","Married",3
10313,1962-12-31,"Female","Technical","Widowed",2
10314,1971-12-31,"Male","Secondary","Single",2
10315,1975-12-31,"Female","University","Married",2
10316,1984-12-31,"Male","Secondary","Married",0
10317,1993-12-31,"Female","Secondary","Married",1
10318,1990-12-31,"Male","Secondary","Single",0
10319,1982-12-31,"Female","University","Married",0
10320,1987-12-31,"Male","University","Single",1
10321,1969-12-31,"Male","Technical","Single",1
10322,1974-12-31,"Male","University","Single",3
10323,1973-12-31,"Female","University","Single",1
10324,1987-12-31,"Female","Secondary","Married",1
10325,1980-12-31,"Male","University","Single",1
10326,1963-12-31,"Male","Secondary","Single",0
10327,1988-12-31,"Male","University","Married",2
10328,2007-12-31,"Female","Technical","Divorced",2
10329,1990-12-31,"Female","Postgraduate","Single",3
10330,1968-12-31,"Female","Secondary","Married",1
10331,1977-12-31,"Male","Secondary","Married",1
10332,1974-12-31,"Male","Secondary","Single",1
10333,1965-12-31,"Male","University","Married",4
10334,1983-12-31,"Female","Technical","Married",0
10335,1983-12-31,"Female","Postgraduate","Married",1
10336,1977-12-31,"Male","University","Married",2
10337,1972-12-31,"Female","Secondary","Single",1
10338,1963-12-31,"Male","Secondary","Divorced",1
10339,1992-12-31,"Male","Secondary","Single",1
10340,1956-12-31,"Female","Technical","Married",3
10341,1968-12-31,"Female","Postgraduate","Single",0
10342,1975-12-31,"Male","Secondary","Single",1
10343,1959-12-31,"Female","University","Single",2
10344,2007-12-31,"Male","Secondary","Married",0
10345,1982-12-31,"Male","Technical","Widowed",1
10346,2000-12-31,"Female","University","Single",3
10347,1999-12-31,"Female","Secondary","Single",1
10348,1983-12-31,"Male","Secondary","Married",1
10349,1983-12-31,"Female","Secondary","Divorced",1
10350,2002-12-31,"Male","Secondary","Divorced",3
10351,1996-12-31,"Female","Technical","Married",0
10352,1978-12-31,"Female","Technical","Married",2
10353,2001-12-31,"Female","Postgraduate","Divorced",1
10354,1981-12-31,"Female","Technical","Single",2
10355,1979-12-31,"Female","Secondary","Single",2
10356,1995-12-31,"Female","Technical","Married",2
10357,1977-12-31,"Male","University","Single",0
10358,1987-12-31,"Female","Secondary","Divorced",1
10359,1986-12-31,"Male","Technical","Single",1
10360,1979-12-31,"Female","Postgraduate","Married",1
10361,2007-12-31,"Male","Technical","Single",2
10362,1983-12-31,"Other","Secondary","Married",0
10363,1981-12-31,"Other","Secondary","Single",2
10364,1968-12-31,"Female","Technical","Married",2
10365,1965-12-31,"Female","Other","Single",0
10366,1981-12-31,"Male","Other","Married",1
10367,1982-12-31,"Female","Secondary","Married",2
10368,1975-12-31,"Female","Technical","Single",3
10369,1976-12-31,"Male","Secondary","Married",4
10370,2007-12-31,"Male","Secondary","Single",0
10371,1972-12-31,"Male","Technical","Married",2
10372,1996-12-31,"Male","University","Married",2
10373,1959-12-31,"Male","Postgraduate","Single",0
10374,2003-12-31,"Female","University","Single",0
10375,1970-12-31,"Male","Secondary","Single",0
10376,1980-12-31,"Male","Technical","Married",1
10377,1978-12-31,"Female","Postgraduate","Single",1
10378,1994-12-31,"Male","Technical","Married",0
10379,1968-12-31,"Female","University","Married",5
10380,1990-12-31,"Female","Secondary","Single",2
10381,1979-12-31,"Male","Other","Widowed",2
10382,1973-12-31,"Female","Secondary","Single",1
10383,1994-12-31,"Female","University","Married",0
10384,1978-12-31,"Female","Technical","Married",1
10385,1993-12-31,"Male","Secondary","Married",0
10386,1983-12-31,"Female","Technical","Married",1
10387,1995-12-31,"Female","Secondary","Single",1
10388,1983-12-31,"Female","University","Single",2
10389,1974-12-31,"Female","Secondary","Single",0
10390,1998-12-31,"Male","University","Widowed",2
10391,1966-12-31,"Female","University","Single",1
10392,1996-12-31,"Male","University","Married",1
10393,1991-12-31,"Female","University","Divorced",1
10394,1987-12-31,"Female","Other","Married",3
10395,1994-12-31,"Female","Secondary","Single",2
10396,2007-12-31,"Male","Secondary","Married",2
10397,1950-12-31,"Female","Technical","Divorced",0
10398,1969-12-31,"Male","Postgraduate","Married",2
10399,1986-12-31,"Male","Postgraduate","Single",0
10400,1994-12-31,"Female","Secondary","Divorced",1
10401,1998-12-31,"Female","Other","Single",2
10402,1994-12-31,"Male","Secondary","Single",1
10403,2000-12-31,"Female","Secondary","Single",1
10404,1992-12-31,"Female","Other","Divorced",1
10405,1992-12-31,"Male","Secondary","Single",0
10406,1975-12-31,"Female","Technical","Divorced",0
10407,1980-12-31,"Female","Technical","Widowed",3
10408,1996-12-31,"Male","Secondary","Divorced",1
10409,2000-12-31,"Female","University","Divorced",0
10410,1969-12-31,"Female","Technical","Married",0
10411,1959-12-31,"Female","Technical","Divorced",4
10412,1999-12-31,"Male","Other","Single",0
10413,1971-12-31,"Female","Secondary","Married",0
10414,1992-12-31,"Female","Secondary","Widowed",3
10415,1980-12-31,"Male","University","Married",2
10416,1983-12-31,"Female","Postgraduate","Married",2
10417,1975-12-31,"Female","University","Single",1
10418,1985-12-31,"Female","Secondary","Divorced",1
10419,1977-12-31,"Female","Technical","Single",0
10420,1982-12-31,"Female","University","Divorced",1
10421,2007-12-31,"Female","Secondary","Single",0
10422,1954-12-31,"Male","Postgraduate","Married",0
10423,1982-12-31,"Female","Secondary","Married",1
10424,2000-12-31,"Male","Secondary","Married",1
10425,2007-12-31,"Male","University","Married",1
10426,1975-12-31,"Male","Technical","Single",2
10427,1987-12-31,"Female","Secondary","Married",0
10428,1993-12-31,"Male","Postgraduate","Divorced",1
10429,1991-12-31,"Female","Postgraduate","Married",1
10430,1976-12-31,"Other","Technical","Single",3
10431,1966-12-31,"Male","Secondary","Single",3
10432,1976-12-31,"Female","Postgraduate","Divorced",1
10433,1991-12-31,"Male","Technical","Married",0
10434,1976-12-31,"Male","Secondary","Married",0
10435,1993-12-31,"Female","Technical","Widowed",2
10436,2005-12-31,"Male","University","Divorced",2
10437,1960-12-31,"Female","Technical","Single",3
10438,1982-12-31,"Female","Technical","Married",1
10439,1977-12-31,"Female","Secondary","Married",0
10440,1990-12-31,"Female","Secondary","Divorced",0
10441,1966-12-31,"Female","University","Married",3
10442,1982-12-31,"Female","Secondary","Single",1
10443,1971-12-31,"Female","Technical","Married",1
10444,1990-12-31,"Male","Other","Widowed",3
10445,2003-12-31,"Female","Secondary","Married",1
10446,1983-12-31,"Male","Technical","Married",3
10447,1982-12-31,"Male","Technical","Divorced",0
10448,1974-12-31,"Male","Technical","Married",2
10449,1992-12-31,"Female","Secondary","Married",0
10450,1978-12-31,"Male","Technical","Single",3
10451,1990-12-31,"Other","Technical","Married",3
10452,1973-12-31,"Male","Other","Single",0
10453,1988-12-31,"Male","University","Married",1
10454,1983-12-31,"Male","Secondary","Single",0
10455,1971-12-31,"Male","Technical","Single",1
10456,1967-12-31,"Female","Secondary","Single",1
10457,1996-12-31,"Male","Technical","Single",0
10458,1979-12-31,"Male","University","Married",1
10459,1991-12-31,"Female","Technical","Married",5
10460,1998-12-31,"Male","Technical","Married",2
10461,1968-12-31,"Female","University","Married",0
10462,1985-12-31,"Female","Technical","Single",3
10463,1980-12-31,"Female","University","Married",1
10464,1994-12-31,"Male","Secondary","Single",0
10465,1983-12-31,"Male","University","Single",2
10466,1977-12-31,"Male","Secondary","Married",1
10467,1995-12-31,"Female","University","Married",1
10468,1958-12-31,"Female","Secondary","Married",2
10469,1972-12-31,"Female","Secondary","Married",1
10470,1989-12-31,"Male","University","Single",4
10471,1979-12-31,"Female","Secondary","Single",1
10472,2007-12-31,"Female","Secondary","Married",2
10473,1962-12-31,"Female","Technical","Single",1
10474,1973-12-31,"Male","Technical","Married",0
10475,1971-12-31,"Male","Technical","Married",4
10476,1979-12-31,"Male","Technical","Married",2
10477,1982-12-31,"Male","Technical","Single",4
10478,1993-12-31,"Female","Postgraduate","Single",1
10479,1980-12-31,"Female","Technical","Single",0
10480,1985-12-31,"Other","Secondary","Single",0
10481,2003-12-31,"Female","Technical","Single",2
10482,1979-12-31,"Female","Secondary","Married",2
10483,1983-12-31,"Female","Postgraduate","Single",1
10484,1992-12-31,"Female","University","Single",2
10485,1965-12-31,"Female","University","Married",0
10486,1984-12-31,"Female","Technical","Divorced",0
10487,1981-12-31,"Female","Secondary","Single",1
10488,1999-12-31,"Male","Technical","Single",2
10489,1984-12-31,"Female","University","Divorced",1
10490,1969-12-31,"Female","Secondary","Single",3
10491,1979-12-31,"Female","Technical","Divorced",1
10492,2005-12-31,"Female","Postgraduate","Single",1
10493,1986-12-31,"Male","Technical","Married",0
10494,1992-12-31,"Female","Technical","Single",1
10495,1996-12-31,"Female","Secondary","Married",3
10496,1985-12-31,"Male","Technical","Married",1
10497,1998-12-31,"Male","University","Married",1
10498,1966-12-31,"Male","Postgraduate","Single",1
10499,1973-12-31,"Male","Technical","Married",0
10500,1992-12-31,"Male","Secondary","Married",1
10501,1964-12-31,"Male","Secondary","Single",2
10502,1993-12-31,"Female","Secondary","Married",5
10503,1977-12-31,"Male","University","Single",2
10504,1993-12-31,"Female","Postgraduate","Single",0
10505,1980-12-31,"Male","Technical","Single",0
10506,1978-12-31,"Female","Secondary","Single",1
10507,1988-12-31,"Male","Secondary","Married",3
10508,1968-12-31,"Female","Secondary","Single",1
10509,1997-12-31,"Female","University","Divorced",1
10510,1978-12-31,"Other","University","Married",0
10511,1975-12-31,"Female","Postgraduate","Widowed",1
10512,1977-12-31,"Male","Technical","Single",1
10513,1983-12-31,"Female","Secondary","Divorced",1
10514,1975-12-31,"Male","Secondary","Divorced",2
10515,1974-12-31,"Male","Secondary","Married",1
10516,1972-12-31,"Male","University","Widowed",5
10517,1979-12-31,"Female","Technical","Single",1
10518,1977-12-31,"Female","Secondary","Single",4
10519,1977-12-31,"Female","Technical","Married",1
10520,1985-12-31,"Female","Secondary","Single",1
10521,1957-12-31,"Male","University","Married",4
10522,1984-12-31,"Female","University","Divorced",0
10523,2004-12-31,"Male","Postgraduate","Divorced",1
10524,2007-12-31,"Male","Technical","Single",1
10525,1958-12-31,"Female","Secondary","Single",0
10526,2003-12-31,"Male","Secondary","Married",3
10527,2007-12-31,"Male","Secondary","Single",0
10528,2007-12-31,"Female","Secondary","Widowed",2
10529,2005-12-31,"Male","Secondary","Married",1
10530,2000-12-31,"Female","Secondary","Married",1
10531,1976-12-31,"Female","Postgraduate","Single",0
10532,1985-12-31,"Male","University","Married",2
10533,1984-12-31,"Male","Secondary","Single",3
10534,1989-12-31,"Male","Secondary","Married",2
10535,1975-12-31,"Female","Other","Married",2
10536,1973-12-31,"Female","Secondary","Married",0
10537,1992-12-31,"Male","Secondary","Single",1
10538,1973-12-31,"Other","University","Single",2
10539,1965-12-31,"Male","Postgraduate","Single",1
10540,1987-12-31,"Female","Technical","Single",0
10541,1950-12-31,"Female","University","Single",0
10542,1992-12-31,"Female","Postgraduate","Married",1
10543,1964-12-31,"Female","University","Married",2
10544,1954-12-31,"Male","Secondary","Widowed",2
10545,2007-12-31,"Male","Technical","Single",1
10546,1965-12-31,"Female","University","Single",5
10547,1967-12-31,"Female","Secondary","Single",1
10548,1979-12-31,"Female","Technical","Married",2
10549,1970-12-31,"Male","Secondary","Married",1
10550,1981-12-31,"Male","Postgraduate","Married",1
10551,1991-12-31,"Male","Technical","Married",2
10552,1974-12-31,"Male","Technical","Single",2
10553,1964-12-31,"Female","University","Married",0
10554,1976-12-31,"Female","Postgraduate","Married",1
10555,1999-12-31,"Female","Technical","Single",0
10556,1964-12-31,"Male","University","Widowed",2
10557,1977-12-31,"Female","University","Single",1
10558,2005-12-31,"Female","University","Single",0
10559,1971-12-31,"Male","Secondary","Married",1
10560,1972-12-31,"Male","Secondary","Married",2
10561,1973-12-31,"Female","University","Married",0
10562,1990-12-31,"Female","Technical","Single",1
10563,1981-12-31,"Male","Postgraduate","Divorced",2
10564,1974-12-31,"Male","University","Single",4
10565,1954-12-31,"Male","Technical","Divorced",0
10566,1994-12-31,"Female","Technical","Single",1
10567,1988-12-31,"Female","Secondary","Single",2
10568,1991-12-31,"Male","Postgraduate","Single",1
10569,1961-12-31,"Male","Technical","Single",0
10570,1966-12-31,"Male","Technical","Divorced",1
10571,1995-12-31,"Male","Secondary","Single",0
10572,1973-12-31,"Male","Postgraduate","Married",3
10573,1972-12-31,"Male","Postgraduate","Divorced",2
10574,1993-12-31,"Female","Secondary","Single",0
10575,1978-12-31,"Male","University","Widowed",2
10576,1992-12-31,"Male","University","Single",1
10577,1978-12-31,"Female","Other","Married",0
10578,1982-12-31,"Male","University","Divorced",1
10579,2007-12-31,"Male","University","Single",1
10580,1976-12-31,"Female","University","Single",3
10581,1979-12-31,"Other","Technical","Married",1
10582,1980-12-31,"Male","Secondary","Widowed",0
10583,1979-12-31,"Male","University","Married",1
10584,1975-12-31,"Female","Secondary","Married",2
10585,1953-12-31,"Female","Postgraduate","Single",1
10586,1982-12-31,"Female","Other","Married",1
10587,1975-12-31,"Female","University","Married",1
10588,1982-12-31,"Female","University","Married",3
10589,1966-12-31,"Male","Secondary","Married",1
10590,1988-12-31,"Female","University","Divorced",1
10591,1983-12-31,"Female","Secondary","Single",3
10592,1968-12-31,"Female","Secondary","Single",1
10593,1986-12-31,"Male","Technical","Single",0
10594,1988-12-31,"Other","Other","Single",0
10595,1995-12-31,"Male","Postgraduate","Single",2
10596,1969-12-31,"Female","Technical","Widowed",0
10597,1987-12-31,"Male","Secondary","Married",2
10598,1972-12-31,"Female","University","Single",3
10599,1983-12-31,"Female","Technical","Single",0
10600,1970-12-31,"Female","Technical","Married",0
10601,1989-12-31,"Male","Other","Married",0
10602,1972-12-31,"Female","Postgraduate","Married",1
10603,1994-12-31,"Male","University","Married",1
10604,1989-12-31,"Female","University","Married",2
10605,1990-12-31,"Male","University","Widowed",4
10606,1970-12-31,"Male","Postgraduate","Single",4
10607,1985-12-31,"Other","Technical","Single",1
10608,1986-12-31,"Female","Postgraduate","Single",5
10609,1977-12-31,"Male","Secondary","Married",1
10610,1989-12-31,"Female","Secondary","Single",0
10611,1963-12-31,"Male","Technical","Single",0
10612,1982-12-31,"Female","University","Single",0
10613,1970-12-31,"Female","Technical","Single",1
10614,1962-12-31,"Female","Postgraduate","Single",1
10615,1980-12-31,"Male","University","Married",2
10616,1966-12-31,"Female","Technical","Single",1
10617,1986-12-31,"Female","University","Divorced",1
10618,1972-12-31,"Male","Secondary","Single",1
10619,2004-12-31,"Female","Secondary","Married",0
10620,1993-12-31,"Male","Secondary","Married",3
10621,1980-12-31,"Male","University","Single",3
10622,1996-12-31,"Female","University","Single",1
10623,1966-12-31,"Female","Secondary","Single",1
10624,1976-12-31,"Female","Secondary","Married",2
10625,1969-12-31,"Female","Secondary","Single",0
10626,1983-12-31,"Female","Secondary","Married",1
10627,1987-12-31,"Female","Other","Married",1
10628,1976-12-31,"Female","Secondary","Married",2
10629,1990-12-31,"Female","Secondary","Single",2
10630,1978-12-31,"Female","University","Divorced",0
10631,1974-12-31,"Male","Secondary","Single",1
10632,1981-12-31,"Female","Technical","Married",2
10633,1982-12-31,"Female","Secondary","Single",2
10634,1982-12-31,"Female","Secondary","Married",2
10635,1989-12-31,"Male","Other","Single",3
10636,1982-12-31,"Male","Technical","Married",0
10637,1974-12-31,"Male","Secondary","Married",3
10638,1959-12-31,"Female","Secondary","Single",1
10639,2007-12-31,"Female","Postgraduate","Married",3
10640,1990-12-31,"Female","Technical","Divorced",1
10641,1976-12-31,"Female","Secondary","Single",0
10642,1985-12-31,"Female","Secondary","Widowed",2
10643,1974-12-31,"Female","Technical","Single",0
10644,1994-12-31,"Female","University","Single",1
10645,1966-12-31,"Female","Secondary","Single",1
10646,1971-12-31,"Female","Secondary","Single",1
10647,1989-12-31,"Female","Secondary","Married",4
10648,1992-12-31,"Female","University","Single",2
10649,1984-12-31,"Female","Secondary","Single",0
10650,1984-12-31,"Male","University","Married",3
10651,1985-12-31,"Male","Secondary","Married",1
10652,1984-12-31,"Female","Technical","Single",1
10653,1988-12-31,"Male","Secondary","Married",3
10654,1997-12-31,"Female","Technical","Married",1
10655,1988-12-31,"Male","University","Married",3
10656,1981-12-31,"Male","Technical","Single",0
10657,2007-12-31,"Other","Secondary","Married",3
10658,1970-12-31,"Male","University","Married",2
10659,1977-12-31,"Female","University","Single",2
10660,1993-12-31,"Female","Secondary","Divorced",0
10661,1991-12-31,"Male","Secondary","Widowed",0
10662,1970-12-31,"Female","Secondary","Married",2
10663,1971-12-31,"Male","University","Single",0
10664,1980-12-31,"Male","Technical","Single",1
10665,1987-12-31,"Female","University","Divorced",3
10666,1982-12-31,"Female","Postgraduate","Married",2
10667,1976-12-31,"Female","University","Married",3
10668,1968-12-31,"Male","Other","Married",3
10669,2006-12-31,"Female","University","Single",0
10670,1975-12-31,"Male","University","Married",2
10671,1986-12-31,"Female","Technical","Single",1
10672,1987-12-31,"Male","Other","Married",2
10673,2006-12-31,"Male","Other","Divorced",4
10674,1992-12-31,"Female","Secondary","Single",0
10675,1966-12-31,"Male","Secondary","Single",0
10676,1981-12-31,"Female","University","Married",1
10677,1973-12-31,"Male","Secondary","Single",0
10678,1982-12-31,"Male","Secondary","Single",1
10679,1988-12-31,"Male","Secondary","Divorced",0
10680,1985-12-31,"Female","Secondary","Married",0
10681,1985-12-31,"Other","Other","Single",0
10682,1986-12-31,"Female","Secondary","Married",0
10683,1977-12-31,"Male","University","Married",3
10684,1966-12-31,"Male","Secondary","Single",2
10685,1976-12-31,"Male","University","Single",2
10686,1964-12-31,"Male","University","Divorced",3
10687,1991-12-31,"Female","Secondary","Divorced",1
10688,1960-12-31,"Female","Technical","Married",0
10689,1985-12-31,"Female","Technical","Married",0
10690,1987-12-31,"Female","University","Married",3
10691,1986-12-31,"Male","Secondary","Married",1
10692,1994-12-31,"Male","Secondary","Married",0
10693,1977-12-31,"Female","Technical","Divorced",2
10694,2007-12-31,"Male","Secondary","Single",0
10695,1993-12-31,"Male","Secondary","Single",2
10696,1968-12-31,"Male","Technical","Single",4
10697,1989-12-31,"Female","Secondary","Divorced",1
10698,1959-12-31,"Male","Secondary","Single",0
10699,1991-12-31,"Male","Secondary","Married",1
10700,1954-12-31,"Male","Technical","Married",0
10701,1971-12-31,"Male","University","Single",1
10702,1997-12-31,"Male","Secondary","Married",0
10703,1989-12-31,"Male","University","Divorced",2
10704,1988-12-31,"Male","Technical","Married",1
10705,1998-12-31,"Female","Other","Married",2
10706,1995-12-31,"Male","University","Single",3
10707,1979-12-31,"Male","University","Divorced",1
10708,1996-12-31,"Male","Technical","Married",0
10709,1975-12-31,"Male","Secondary","Divorced",1
10710,1980-12-31,"Female","Technical","Married",1
10711,1984-12-31,"Female","University","Married",4
10712,1989-12-31,"Male","Postgraduate","Single",2
10713,1985-12-31,"Female","University","Single",0
10714,1987-12-31,"Female","Secondary","Single",1
10715,1987-12-31,"Female","University","Single",1
10716,1988-12-31,"Male","Secondary","Single",1
10717,1969-12-31,"Female","University","Married",1
10718,1974-12-31,"Male","University","Single",1
10719,2000-12-31,"Male","Secondary","Single",3
10720,1984-12-31,"Female","Secondary","Single",2
10721,1995-12-31,"Female","University","Single",0
10722,1982-12-31,"Male","Postgraduate","Single",0
10723,1992-12-31,"Male","Secondary","Married",1
10724,1976-12-31,"Male","Technical","Single",2
10725,1964-12-31,"Male","University","Married",1
10726,1991-12-31,"Male","Postgraduate","Married",2
10727,1969-12-31,"Female","University","Single",1
10728,1963-12-31,"Male","University","Single",2
10729,1988-12-31,"Female","Technical","Married",0
10730,1986-12-31,"Male","University","Married",2
10731,1990-12-31,"Male","Secondary","Single",1
10732,1977-12-31,"Female","Secondary","Single",0
10733,1982-12-31,"Female","Secondary","Married",2
10734,1976-12-31,"Female","Secondary","Single",3
10735,1965-12-31,"Female","University","Married",2
10736,1987-12-31,"Male","University","Single",0
10737,1995-12-31,"Female","Postgraduate","Married",1
10738,1985-12-31,"Male","University","Single",0
10739,1989-12-31,"Female","Technical","Married",1
10740,1976-12-31,"Female","Secondary","Single",3
10741,1992-12-31,"Female","Secondary","Divorced",0
10742,1980-12-31,"Male","Secondary","Single",1
10743,1981-12-31,"Female","Secondary","Married",1
10744,1984-12-31,"Female","Technical","Single",2
10745,1993-12-31,"Male","Technical","Single",0
10746,1980-12-31,"Female","Technical","Divorced",0
10747,1978-12-31,"Female","University","Married",0
10748,1960-12-31,"Male","Technical","Divorced",1
10749,1979-12-31,"Male","Technical","Married",1
10750,1986-12-31,"Male","University","Married",2
10751,1998-12-31,"Female","Technical","Widowed",1
10752,1979-12-31,"Female","University","Widowed",0
10753,1970-12-31,"Female","Secondary","Married",1
10754,1987-12-31,"Female","Technical","Widowed",0
10755,1973-12-31,"Male","Secondary","Single",1
10756,1957-12-31,"Male","University","Married",3
10757,1991-12-31,"Male","University","Married",2
10758,1969-12-31,"Female","Technical","Single",0
10759,1995-12-31,"Female","University","Married",1
10760,2001-12-31,"Male","Postgraduate","Single",1
10761,1978-12-31,"Male","University","Married",0
10762,1959-12-31,"Female","Secondary","Married",1
10763,1980-12-31,"Male","Secondary","Married",3
10764,1972-12-31,"Male","Secondary","Single",0
10765,1994-12-31,"Male","Technical","Married",1
10766,2000-12-31,"Female","Postgraduate","Married",5
10767,1980-12-31,"Male","Secondary","Divorced",0
10768,1984-12-31,"Male","Postgraduate","Single",1
10769,1992-12-31,"Male","Secondary","Married",4
10770,1981-12-31,"Female","University","Married",0
10771,1982-12-31,"Male","Secondary","Single",1
10772,1994-12-31,"Male","Postgraduate","Single",1
10773,1971-12-31,"Male","Postgraduate","Married",2
10774,1977-12-31,"Male","Postgraduate","Single",1
10775,1978-12-31,"Female","Technical","Married",2
10776,1997-12-31,"Female","Technical","Married",1
10777,1986-12-31,"Male","Secondary","Married",0
10778,1958-12-31,"Male","Technical","Single",1
10779,1979-12-31,"Male","Secondary","Married",2
10780,1966-12-31,"Female","University","Single",0
10781,1964-12-31,"Female","University","Single",1
10782,1992-12-31,"Female","Secondary","Married",1
10783,1996-12-31,"Female","Technical","Single",2
10784,1995-12-31,"Male","University","Single",1
10785,1971-12-31,"Female","Secondary","Married",1
10786,1987-12-31,"Female","Postgraduate","Single",0
10787,1968-12-31,"Female","Secondary","Widowed",1
10788,1980-12-31,"Female","University","Married",0
10789,1975-12-31,"Female","University","Married",1
10790,1990-12-31,"Female","Technical","Married",1
10791,1978-12-31,"Male","Secondary","Married",2
10792,1975-12-31,"Male","Other","Married",1
10793,1999-12-31,"Female","Secondary","Married",2
10794,1980-12-31,"Female","University","Divorced",1
10795,1974-12-31,"Male","Other","Single",1
10796,1966-12-31,"Female","Secondary","Married",3
10797,2002-12-31,"Female","Technical","Married",4
10798,1966-12-31,"Female","University","Married",4
10799,1987-12-31,"Male","Technical","Married",1
10800,1979-12-31,"Female","Secondary","Widowed",1
10801,1972-12-31,"Female","Secondary","Married",0
10802,2000-12-31,"Male","Secondary","Widowed",1
10803,1980-12-31,"Female","Postgraduate","Divorced",1
10804,1974-12-31,"Male","University","Married",0
10805,1977-12-31,"Male","Other","Married",0
10806,1995-12-31,"Female","Secondary","Widowed",1
10807,1968-12-31,"Female","Secondary","Single",2
10808,1988-12-31,"Female","Secondary","Married",1
10809,1984-12-31,"Female","University","Single",1
10810,1955-12-31,"Male","Technical","Single",1
10811,1977-12-31,"Male","Secondary","Divorced",0
10812,1984-12-31,"Female","Secondary","Married",0
10813,1987-12-31,"Female","University","Divorced",1
10814,1980-12-31,"Female","Secondary","Single",4
10815,1990-12-31,"Female","Secondary","Single",1
10816,1990-12-31,"Male","Secondary","Married",2
10817,1979-12-31,"Female","Technical","Married",2
10818,1978-12-31,"Female","Secondary","Married",1
10819,1989-12-31,"Female","Technical","Married",2
10820,1996-12-31,"Female","Secondary","Married",0
10821,1983-12-31,"Male","University","Single",0
10822,1991-12-31,"Male","Technical","Married",3
10823,1990-12-31,"Male","Secondary","Single",0
10824,1983-12-31,"Female","Secondary","Married",0
10825,1977-12-31,"Female","Technical","Single",1
10826,1982-12-31,"Male","University","Married",1
10827,1978-12-31,"Female","University","Single",2
10828,1991-12-31,"Female","Postgraduate","Divorced",1
10829,1964-12-31,"Female","University","Single",1
10830,1983-12-31,"Male","Technical","Married",0
10831,1989-12-31,"Male","University","Widowed",1
10832,2003-12-31,"Male","Secondary","Divorced",2
10833,1985-12-31,"Male","Secondary","Married",1
10834,1971-12-31,"Female","University","Widowed",3
10835,1968-12-31,"Male","Secondary","Divorced",2
10836,1965-12-31,"Female","Postgraduate","Married",1
10837,1985-12-31,"Female","University","Divorced",1
10838,1988-12-31,"Female","Technical","Married",5
10839,1966-12-31,"Male","Technical","Widowed",0
10840,1961-12-31,"Other","University","Divorced",3
10841,1981-12-31,"Female","Technical","Divorced",5
10842,1995-12-31,"Male","Secondary","Single",0
10843,1989-12-31,"Male","Secondary","Married",2
10844,1989-12-31,"Male","University","Married",0
10845,1989-12-31,"Female","Secondary","Single",0
10846,1973-12-31,"Male","Secondary","Married",2
10847,1981-12-31,"Male","Secondary","Single",1
10848,1991-12-31,"Female","Other","Married",1
10849,1975-12-31,"Female","University","Married",2
10850,1985-12-31,"Male","Technical","Divorced",0
10851,1972-12-31,"Male","Technical","Married",1
10852,1982-12-31,"Female","Secondary","Single",0
10853,1984-12-31,"Female","University","Married",1
10854,1959-12-31,"Female","University","Married",1
10855,1959-12-31,"Female","Technical","Divorced",1
10856,1993-12-31,"Female","University","Single",2
10857,1973-12-31,"Male","Secondary","Single",2
10858,1959-12-31,"Female","University","Single",1
10859,1986-12-31,"Female","University","Married",0
10860,1971-12-31,"Female","University","Married",0
10861,1982-12-31,"Female","Technical","Married",1
10862,2007-12-31,"Male","Postgraduate","Married",4
10863,1978-12-31,"Male","Technical","Married",1
10864,1997-12-31,"Male","Technical","Married",1
10865,1995-12-31,"Female","Technical","Married",1
10866,1992-12-31,"Female","Technical","Single",2
10867,1986-12-31,"Female","Secondary","Single",1
10868,1980-12-31,"Female","Technical","Married",2
10869,1977-12-31,"Female","Secondary","Single",2
10870,1986-12-31,"Male","University","Married",1
10871,1983-12-31,"Male","Secondary","Married",1
10872,1979-12-31,"Female","Secondary","Single",1
10873,1999-12-31,"Female","Postgraduate","Divorced",0
10874,1978-12-31,"Female","University","Single",1
10875,1978-12-31,"Male","University","Divorced",2
10876,1983-12-31,"Male","Secondary","Single",1
10877,1963-12-31,"Other","University","Divorced",2
10878,1988-12-31,"Male","Technical","Single",1
10879,1974-12-31,"Female","Secondary","Married",0
10880,1968-12-31,"Female","Technical","Married",5
10881,2003-12-31,"Female","Technical","Divorced",2
10882,1985-12-31,"Female","Secondary","Widowed",2
10883,1986-12-31,"Female","Secondary","Married",1
10884,1980-12-31,"Female","University","Divorced",2
10885,1977-12-31,"Female","Secondary","Divorced",2
10886,1982-12-31,"Female","University","Married",0
10887,1984-12-31,"Female","Secondary","Married",0
10888,1981-12-31,"Male","Technical","Married",0
10889,1968-12-31,"Female","Secondary","Single",1
10890,1979-12-31,"Male","Secondary","Married",0
10891,1972-12-31,"Female","Technical","Single",2
10892,1965-12-31,"Female","Technical","Married",1
10893,1992-12-31,"Female","Secondary","Single",1
10894,1974-12-31,"Female","University","Single",3
10895,1987-12-31,"Female","Technical","Married",4
10896,1972-12-31,"Male","University","Divorced",0
10897,1987-12-31,"Male","Technical","Single",0
10898,1981-12-31,"Female","Secondary","Married",0
10899,1971-12-31,"Male","Secondary","Married",3
10900,1998-12-31,"Female","Secondary","Single",0
10901,1993-12-31,"Female","Other","Single",2
10902,1975-12-31,"Male","Technical","Married",2
10903,1965-12-31,"Female","University","Married",2
10904,1972-12-31,"Male","University","Divorced",0
10905,1989-12-31,"Male","Postgraduate","Divorced",0
10906,1975-12-31,"Male","Secondary","Divorced",0
10907,1978-12-31,"Male","Secondary","Married",0
10908,1983-12-31,"Female","Secondary","Single",0
10909,1977-12-31,"Female","Secondary","Married",0
10910,1961-12-31,"Female","University","Single",0
10911,1959-12-31,"Female","Secondary","Widowed",0
10912,1971-12-31,"Female","University","Married",1
10913,1991-12-31,"Female","University","Married",2
10914,1980-12-31,"Female","Technical","Single",0
10915,1981-12-31,"Female","University","Single",1
10916,1995-12-31,"Female","Secondary","Single",0
10917,1976-12-31,"Male","Postgraduate","Divorced",1
10918,1979-12-31,"Female","Technical","Single",2
10919,2001-12-31,"Male","Secondary","Married",1
10920,1988-12-31,"Male","Technical","Divorced",1
10921,1987-12-31,"Female","University","Married",0
10922,1987-12-31,"Female","Technical","Single",1
10923,1981-12-31,"Male","Technical","Married",0
10924,1992-12-31,"Male","Secondary","Divorced",2
10925,2007-12-31,"Male","Secondary","Married",2
10926,1983-12-31,"Female","Secondary","Married",2
10927,1992-12-31,"Female","University","Single",1
10928,1994-12-31,"Female","Secondary","Married",1
10929,1988-12-31,"Other","Technical","Married",5
10930,1978-12-31,"Female","Secondary","Married",0
10931,1989-12-31,"Female","Technical","Single",2
10932,1971-12-31,"Male","Postgraduate","Married",0
10933,1996-12-31,"Female","Technical","Married",2
10934,1979-12-31,"Male","Secondary","Married",0
10935,1973-12-31,"Female","Secondary","Married",0
10936,1978-12-31,"Female","Secondary","Single",0
10937,1989-12-31,"Male","University","Married",1
10938,1979-12-31,"Female","Technical","Married",0
10939,1994-12-31,"Male","Technical","Married",1
10940,1986-12-31,"Female","Secondary","Married",1
10941,1960-12-31,"Male","Secondary","Single",1
10942,1977-12-31,"Male","Technical","Single",1
10943,1992-12-31,"Female","Secondary","Divorced",2
10944,1984-12-31,"Male","University","Single",3
10945,1966-12-31,"Male","University","Divorced",2
10946,1976-12-31,"Female","University","Single",0
10947,1974-12-31,"Male","Postgraduate","Married",3
10948,1969-12-31,"Male","Secondary","Single",1
10949,1983-12-31,"Female","University","Divorced",4
10950,1973-12-31,"Male","University","Single",0
10951,1987-12-31,"Female","Secondary","Married",3
10952,1984-12-31,"Female","Secondary","Married",1
10953,1980-12-31,"Female","Technical","Single",3
10954,1988-12-31,"Female","Technical","Single",2
10955,1979-12-31,"Female","University","Married",1
10956,1973-12-31,"Male","Secondary","Married",0
10957,1986-12-31,"Female","Secondary","Married",4
10958,1979-12-31,"Female","Technical","Single",1
10959,1971-12-31,"Female","Technical","Married",1
10960,1981-12-31,"Female","Technical","Married",2
10961,1995-12-31,"Male","Technical","Single",3
10962,1977-12-31,"Male","Technical","Married",1
10963,1966-12-31,"Female","University","Divorced",1
10964,1977-12-31,"Male","Secondary","Single",0
10965,1978-12-31,"Male","Secondary","Single",0
10966,1983-12-31,"Female","Secondary","Widowed",1
10967,2007-12-31,"Female","Technical","Married",2
10968,1972-12-31,"Male","Technical","Single",2
10969,2003-12-31,"Female","University","Single",1
10970,1985-12-31,"Male","Other","Married",2
10971,1996-12-31,"Male","University","Married",1
10972,2007-12-31,"Female","University","Single",1
10973,1984-12-31,"Female","Secondary","Single",3
10974,1994-12-31,"Female","University","Married",1
10975,1988-12-31,"Female","University","Single",3
10976,1990-12-31,"Female","Postgraduate","Married",1
10977,1961-12-31,"Female","University","Single",0
10978,1977-12-31,"Female","Secondary","Married",1
10979,1954-12-31,"Female","Technical","Married",2
10980,1975-12-31,"Female","Secondary","Married",2
10981,1989-12-31,"Male","Technical","Married",3
10982,1996-12-31,"Male","University","Divorced",2
10983,1976-12-31,"Male","University","Married",2
10984,1980-12-31,"Female","University","Single",2
10985,1971-12-31,"Male","Technical","Divorced",1
10986,2007-12-31,"Other","Technical","Widowed",2
10987,1980-12-31,"Male","Secondary","Single",3
10988,1988-12-31,"Male","Postgraduate","Single",4
10989,1980-12-31,"Male","University","Single",1
10990,1964-12-31,"Male","Secondary","Single",0
10991,2002-12-31,"Female","Technical","Single",2
10992,1968-12-31,"Other","University","Single",1
10993,1964-12-31,"Female","University","Single",1
10994,1966-12-31,"Female","Technical","Married",4
10995,1975-12-31,"Male","University","Single",1
10996,2000-12-31,"Male","Secondary","Single",0
10997,1984-12-31,"Male","University","Single",1
10998,1986-12-31,"Female","Secondary","Married",1
10999,1967-12-31,"Male","Secondary","Single",0
11000,1984-12-31,"Male","Secondary","Married",0
11001,1973-12-31,"Female","Postgraduate","Married",3
11002,2007-12-31,"Male","Technical","Single",5
11003,1987-12-31,"Female","Technical","Single",1
11004,1995-12-31,"Female","University","Single",1
11005,1987-12-31,"Male","University","Single",1
11006,1991-12-31,"Female","Technical","Single",3
11007,1981-12-31,"Female","Postgraduate","Married",0
11008,1994-12-31,"Male","University","Divorced",1
11009,1960-12-31,"Male","Secondary","Married",2
11010,1988-12-31,"Male","University","Widowed",3
11011,1997-12-31,"Male","Postgraduate","Married",1
11012,1981-12-31,"Female","Secondary","Married",1
11013,1992-12-31,"Female","University","Married",1
11014,1979-12-31,"Male","Technical","Single",2
11015,1981-12-31,"Female","Technical","Single",0
11016,1959-12-31,"Female","University","Married",2
11017,1968-12-31,"Male","Technical","Married",1
11018,1997-12-31,"Female","Secondary","Single",1
11019,1983-12-31,"Male","Technical","Married",2
11020,1971-12-31,"Male","Technical","Single",1
11021,1990-12-31,"Male","University","Single",0
11022,1974-12-31,"Female","University","Single",1
11023,1990-12-31,"Male","Technical","Single",1
11024,1977-12-31,"Male","University","Married",1
11025,1989-12-31,"Male","Secondary","Married",0
11026,1989-12-31,"Male","Other","Married",1
11027,1958-12-31,"Male","University","Single",1
11028,2004-12-31,"Female","University","Married",3
11029,1998-12-31,"Female","Technical","Divorced",2
11030,1988-12-31,"Female","Postgraduate","Married",0
11031,1981-12-31,"Male","Secondary","Widowed",1
11032,1989-12-31,"Female","Secondary","Single",0
11033,1982-12-31,"Female","Technical","Married",1
11034,1982-12-31,"Male","Technical","Divorced",2
11035,1995-12-31,"Female","Technical","Single",1
11036,1979-12-31,"Female","Technical","Widowed",2
11037,1978-12-31,"Female","Secondary","Married",3
11038,2000-12-31,"Female","University","Widowed",2
11039,1987-12-31,"Male","Secondary","Single",0
11040,1980-12-31,"Male","Secondary","Single",0
11041,1958-12-31,"Male","University","Single",2
11042,2000-12-31,"Female","Technical","Single",1
11043,1972-12-31,"Male","University","Married",0
11044,1995-12-31,"Male","Technical","Single",2
11045,1987-12-31,"Female","University","Widowed",2
11046,1984-12-31,"Male","Other","Married",1
11047,1999-12-31,"Female","University","Married",1
11048,1978-12-31,"Male","University","Married",2
11049,1999-12-31,"Female","Secondary","Single",0
11050,1989-12-31,"Male","Postgraduate","Single",1
11051,1976-12-31,"Male","Technical","Single",0
11052,1991-12-31,"Female","University","Single",0
11053,1967-12-31,"Male","Technical","Single",1
11054,1958-12-31,"Female","Secondary","Single",5
11055,1994-12-31,"Female","Secondary","Widowed",2
11056,1976-12-31,"Female","Technical","Single",1
11057,1985-12-31,"Female","Technical","Married",1
11058,1981-12-31,"Male","Technical","Divorced",0
11059,1987-12-31,"Male","Postgraduate","Single",1
11060,1993-12-31,"Male","Other","Single",1
11061,2005-12-31,"Female","Technical","Married",0
11062,1981-12-31,"Female","Technical","Married",1
11063,1986-12-31,"Male","Secondary","Single",1
11064,1997-12-31,"Male","Technical","Single",0
11065,1982-12-31,"Male","University","Widowed",1
11066,1986-12-31,"Female","Secondary","Married",4
11067,1974-12-31,"Female","Secondary","Single",0
11068,1952-12-31,"Female","University","Single",0
11069,1984-12-31,"Female","University","Married",2
11070,1985-12-31,"Female","Postgraduate","Single",1
11071,1966-12-31,"Female","Technical","Single",1
11072,1985-12-31,"Female","Technical","Married",1
11073,1962-12-31,"Female","Technical","Married",5
11074,1985-12-31,"Male","Secondary","Widowed",4
11075,1983-12-31,"Female","Technical","Single",0
11076,1993-12-31,"Female","University","Single",0
11077,1998-12-31,"Female","Secondary","Married",3
11078,1982-12-31,"Male","Technical","Divorced",4
11079,1968-12-31,"Female","Technical","Single",2
11080,2002-12-31,"Female","University","Single",0
11081,1997-12-31,"Female","Technical","Married",3
11082,1983-12-31,"Female","University","Married",1
11083,1957-12-31,"Female","University","Married",2
11084,1983-12-31,"Male","Secondary","Married",1
11085,1985-12-31,"Female","University","Married",4
11086,1975-12-31,"Female","Secondary","Single",0
11087,1966-12-31,"Female","Secondary","Married",1
11088,1972-12-31,"Female","University","Single",1
11089,1987-12-31,"Female","University","Single",1
11090,1987-12-31,"Female","Technical","Single",1
11091,1982-12-31,"Female","Secondary","Single",1
11092,1987-12-31,"Male","University","Married",1
11093,1985-12-31,"Female","Secondary","Married",3
11094,1978-12-31,"Male","Secondary","Divorced",2
11095,1984-12-31,"Female","Technical","Married",2
11096,1983-12-31,"Female","Secondary","Married",0
11097,1978-12-31,"Male","Secondary","Married",3
11098,1986-12-31,"Male","Technical","Single",0
11099,1997-12-31,"Male","Technical","Married",1
11100,1985-12-31,"Female","Secondary","Married",2
11101,1972-12-31,"Male","Other","Single",0
11102,2006-12-31,"Male","Secondary","Single",2
11103,1998-12-31,"Male","Secondary","Married",0
11104,1991-12-31,"Male","University","Single",2
11105,1974-12-31,"Female","Secondary","Single",4
11106,1985-12-31,"Other","Technical","Divorced",2
11107,1988-12-31,"Male","Secondary","Married",0
11108,1987-12-31,"Female","University","Married",2
11109,1979-12-31,"Other","Secondary","Single",1
11110,1974-12-31,"Female","University","Married",0
11111,1973-12-31,"Male","University","Divorced",0
11112,2007-12-31,"Female","Technical","Married",2
11113,1974-12-31,"Male","University","Single",0
11114,1999-12-31,"Female","University","Single",0
11115,1970-12-31,"Female","University","Single",1
11116,1970-12-31,"Male","Technical","Single",2
11117,1980-12-31,"Male","University","Single",3
11118,1972-12-31,"Male","Technical","Single",2
11119,1976-12-31,"Female","Postgraduate","Divorced",2
11120,1994-12-31,"Male","Technical","Single",1
11121,1978-12-31,"Female","Technical","Single",0
11122,1984-12-31,"Female","Technical","Single",3
11123,1980-12-31,"Female","University","Single",0
11124,2006-12-31,"Other","University","Married",0
11125,1983-12-31,"Female","University","Single",1
11126,1984-12-31,"Other","Secondary","Single",1
11127,2001-12-31,"Female","Technical","Married",2
11128,1991-12-31,"Male","Secondary","Married",0
11129,1973-12-31,"Female","University","Married",0
11130,1975-12-31,"Female","Secondary","Divorced",1
11131,1982-12-31,"Male","Technical","Single",2
11132,1987-12-31,"Male","University","Married",2
11133,1962-12-31,"Male","Technical","Single",1
11134,1996-12-31,"Male","Secondary","Single",1
11135,1973-12-31,"Female","University","Single",1
11136,2001-12-31,"Female","Secondary","Widowed",2
11137,1971-12-31,"Male","Secondary","Married",0
11138,1980-12-31,"Male","Technical","Married",0
11139,1982-12-31,"Male","University","Single",2
11140,1973-12-31,"Male","Secondary","Single",2
11141,1963-12-31,"Female","Other","Single",1
11142,1996-12-31,"Male","University","Married",0
11143,1976-12-31,"Female","Postgraduate","Married",3
11144,1953-12-31,"Female","University","Single",0
11145,1979-12-31,"Male","Technical","Single",0
11146,1972-12-31,"Female","Technical","Single",0
11147,1978-12-31,"Female","University","Married",1
11148,1989-12-31,"Female","University","Single",2
11149,1973-12-31,"Female","Secondary","Married",0
11150,1962-12-31,"Female","Technical","Married",0
11151,1994-12-31,"Male","University","Married",0
11152,1964-12-31,"Male","Postgraduate","Single",2
11153,1988-12-31,"Female","University","Single",0
11154,1985-12-31,"Female","Secondary","Married",4
11155,1971-12-31,"Male","Postgraduate","Married",3
11156,1964-12-31,"Female","Technical","Single",0
11157,1991-12-31,"Female","Secondary","Single",0
11158,1972-12-31,"Male","Technical","Single",1
11159,1986-12-31,"Male","University","Divorced",3
11160,1990-12-31,"Female","University","Divorced",2
11161,1988-12-31,"Female","Secondary","Single",1
11162,1970-12-31,"Female","Secondary","Married",1
11163,1999-12-31,"Female","Technical","Single",2
11164,1986-12-31,"Male","Secondary","Single",4
11165,1979-12-31,"Male","University","Divorced",2
11166,1987-12-31,"Male","University","Married",1
11167,1982-12-31,"Male","Secondary","Single",0
11168,1979-12-31,"Male","Secondary","Married",3
11169,1977-12-31,"Female","University","Single",0
11170,1966-12-31,"Male","University","Single",2
11171,1999-12-31,"Male","University","Married",1
11172,1983-12-31,"Male","Technical","Married",0
11173,1975-12-31,"Female","Technical","Married",1
11174,1978-12-31,"Female","Postgraduate","Widowed",0
11175,1998-12-31,"Male","Secondary","Married",2
11176,1976-12-31,"Male","University","Single",1
11177,1971-12-31,"Male","University","Divorced",1
11178,1986-12-31,"Male","University","Single",2
11179,1998-12-31,"Male","Technical","Married",0
11180,1989-12-31,"Male","University","Single",1
11181,1990-12-31,"Female","Other","Married",2
11182,1993-12-31,"Male","University","Divorced",1
11183,1987-12-31,"Male","Technical","Single",2
11184,1988-12-31,"Female","Other","Single",2
11185,2005-12-31,"Male","University","Single",0
11186,1993-12-31,"Female","Technical","Divorced",2
11187,1967-12-31,"Female","University","Married",1
11188,1990-12-31,"Female","Technical","Single",4
11189,1973-12-31,"Male","Technical","Divorced",1
11190,1986-12-31,"Female","Technical","Single",1
11191,2005-12-31,"Female","Other","Single",0
11192,1973-12-31,"Female","University","Single",1
11193,2000-12-31,"Male","Technical","Divorced",3
11194,1980-12-31,"Male","Secondary","Divorced",1
11195,1971-12-31,"Male","University","Married",0
11196,1984-12-31,"Female","University","Single",0
11197,1990-12-31,"Female","University","Married",1
11198,1985-12-31,"Male","Technical","Single",2
11199,1981-12-31,"Female","University","Single",2
11200,1977-12-31,"Male","Technical","Married",2
11201,1976-12-31,"Male","Secondary","Single",0
11202,1962-12-31,"Female","Technical","Married",0
11203,1980-12-31,"Female","Secondary","Married",3
11204,1980-12-31,"Male","Postgraduate","Single",1
11205,1973-12-31,"Male","University","Single",0
11206,1990-12-31,"Male","University","Married",0
11207,1977-12-31,"Male","University","Married",2
11208,1991-12-31,"Female","Secondary","Married",0
11209,2001-12-31,"Female","Secondary","Single",0
11210,1984-12-31,"Male","Other","Single",1
11211,2000-12-31,"Female","Technical","Single",2
11212,2007-12-31,"Male","Secondary","Married",1
11213,1985-12-31,"Male","Postgraduate","Married",0
11214,1984-12-31,"Male","Secondary","Single",3
11215,1991-12-31,"Female","University","Single",0
11216,1978-12-31,"Female","Secondary","Married",3
11217,2000-12-31,"Female","University","Married",0
11218,1960-12-31,"Male","University","Married",2
11219,1980-12-31,"Female","Technical","Single",0
11220,1982-12-31,"Female","Secondary","Married",1
11221,2001-12-31,"Female","Technical","Married",1
11222,1984-12-31,"Female","University","Single",2
11223,1961-12-31,"Male","Secondary","Single",0
11224,1989-12-31,"Male","Technical","Divorced",1
11225,1962-12-31,"Male","University","Single",0
11226,1973-12-31,"Male","University","Widowed",2
11227,1974-12-31,"Female","University","Single",2
11228,1987-12-31,"Female","Secondary","Single",1
11229,1979-12-31,"Female","Secondary","Married",0
11230,1978-12-31,"Female","University","Married",2
11231,1993-12-31,"Male","Technical","Married",2
11232,1988-12-31,"Other","Secondary","Single",0
11233,1978-12-31,"Female","Secondary","Married",3
11234,1980-12-31,"Female","Technical","Widowed",2
11235,1974-12-31,"Female","Secondary","Married",2
11236,1969-12-31,"Female","University","Married",2
11237,1990-12-31,"Female","Technical","Married",3
11238,1981-12-31,"Male","Technical","Divorced",3
11239,1989-12-31,"Female","Technical","Single",0
11240,1956-12-31,"Male","Technical","Single",1
11241,1979-12-31,"Female","Secondary","Single",1
11242,1962-12-31,"Female","University","Married",3
11243,1981-12-31,"Female","Secondary","Married",1
11244,1993-12-31,"Male","Postgraduate","Married",2
11245,1979-12-31,"Female","University","Single",3
11246,1979-12-31,"Female","Secondary","Married",2
11247,1975-12-31,"Male","Secondary","Married",0
11248,1981-12-31,"Male","Technical","Married",5
11249,1978-12-31,"Male","Secondary","Married",2
11250,1978-12-31,"Male","Secondary","Married",0
11251,1983-12-31,"Male","Secondary","Widowed",0
11252,1996-12-31,"Female","Secondary","Married",1
11253,1985-12-31,"Male","University","Single",1
11254,1982-12-31,"Other","Technical","Married",2
11255,1967-12-31,"Female","Secondary","Married",2
11256,1997-12-31,"Male","Technical","Single",3
11257,1986-12-31,"Female","Secondary","Single",2
11258,1973-12-31,"Other","Secondary","Married",0
11259,1982-12-31,"Female","Secondary","Divorced",1
11260,1993-12-31,"Male","Technical","Married",0
11261,1987-12-31,"Male","University","Single",1
11262,1976-12-31,"Male","Technical","Married",1
11263,1974-12-31,"Male","Technical","Married",2
11264,1988-12-31,"Male","Technical","Married",0
11265,1994-12-31,"Male","Secondary","Married",1
11266,1984-12-31,"Male","Secondary","Married",1
11267,1996-12-31,"Male","Technical","Divorced",2
11268,1996-12-31,"Male","Other","Single",2
11269,2004-12-31,"Male","Secondary","Single",2
11270,1973-12-31,"Female","Postgraduate","Single",2
11271,1970-12-31,"Male","University","Divorced",1
11272,1972-12-31,"Female","University","Single",1
11273,1983-12-31,"Male","University","Married",2
11274,1996-12-31,"Female","University","Widowed",1
11275,1979-12-31,"Female","University","Single",1
11276,1981-12-31,"Male","Technical","Single",1
11277,1971-12-31,"Female","University","Single",0
11278,1978-12-31,"Male","Secondary","Single",1
11279,1974-12-31,"Other","University","Married",4
11280,1977-12-31,"Female","University","Single",2
11281,1991-12-31,"Male","University","Married",3
11282,1964-12-31,"Female","Secondary","Married",2
11283,1980-12-31,"Female","Technical","Single",1
11284,1977-12-31,"Female","Technical","Single",2
11285,1981-12-31,"Female","University","Divorced",0
11286,1974-12-31,"Male","University","Single",0
11287,1989-12-31,"Male","Secondary","Married",2
11288,1985-12-31,"Female","Technical","Married",0
11289,1986-12-31,"Female","Secondary","Married",1
11290,1992-12-31,"Male","Other","Single",2
11291,1993-12-31,"Female","University","Single",1
11292,1957-12-31,"Female","University","Single",0
11293,1984-12-31,"Female","Secondary","Divorced",1
11294,2002-12-31,"Female","University","Single",0
11295,2006-12-31,"Male","University","Married",1
11296,1982-12-31,"Female","Technical","Married",0
11297,1975-12-31,"Male","Secondary","Divorced",3
11298,1969-12-31,"Female","University","Single",1
11299,1971-12-31,"Male","Secondary","Single",0
11300,1977-12-31,"Male","Technical","Single",2
11301,1983-12-31,"Male","Secondary","Single",0
11302,1969-12-31,"Female","Secondary","Married",2
11303,1969-12-31,"Male","University","Married",1
11304,1988-12-31,"Male","University","Married",1
11305,1982-12-31,"Male","Technical","Married",1
11306,1993-12-31,"Male","Other","Single",2
11307,1975-12-31,"Female","University","Divorced",0
11308,1978-12-31,"Other","Secondary","Married",2
11309,1985-12-31,"Female","Secondary","Married",1
11310,1982-12-31,"Male","University","Married",1
11311,1981-12-31,"Male","University","Single",5
11312,1985-12-31,"Female","Secondary","Single",0
11313,1974-12-31,"Female","Secondary","Married",4
11314,1986-12-31,"Male","Technical","Single",2
11315,1970-12-31,"Male","Postgraduate","Single",0
11316,1978-12-31,"Other","Secondary","Widowed",3
11317,1985-12-31,"Male","Technical","Married",1
11318,1989-12-31,"Male","Technical","Single",1
11319,1983-12-31,"Female","Secondary","Single",1
11320,1972-12-31,"Female","Secondary","Single",0
11321,1984-12-31,"Male","Other","Married",1
11322,1988-12-31,"Other","University","Married",1
11323,1969-12-31,"Male","Technical","Divorced",2
11324,1987-12-31,"Female","Technical","Single",1
11325,1986-12-31,"Male","Secondary","Married",1
11326,2002-12-31,"Female","University","Married",0
11327,1994-12-31,"Male","University","Single",5
11328,1988-12-31,"Male","Technical","Married",0
11329,1980-12-31,"Male","University","Single",1
11330,1973-12-31,"Female","Technical","Married",1
11331,1974-12-31,"Male","University","Married",2
11332,1987-12-31,"Male","University","Divorced",1
11333,1989-12-31,"Female","Secondary","Single",1
11334,1975-12-31,"Male","Secondary","Married",2
11335,1991-12-31,"Female","Technical","Married",2
11336,2000-12-31,"Female","University","Married",2
11337,1986-12-31,"Male","Secondary","Single",0
11338,1977-12-31,"Male","Secondary","Single",1
11339,1977-12-31,"Female","Technical","Widowed",2
11340,1995-12-31,"Female","Secondary","Married",1
11341,1974-12-31,"Female","Technical","Single",0
11342,1971-12-31,"Female","Secondary","Single",0
11343,1983-12-31,"Male","Secondary","Divorced",1
11344,1995-12-31,"Female","Secondary","Single",2
11345,1982-12-31,"Male","University","Single",1
11346,1986-12-31,"Male","Technical","Divorced",0
11347,1992-12-31,"Male","Technical","Single",2
11348,1978-12-31,"Female","Secondary","Divorced",1
11349,1978-12-31,"Female","Technical","Single",3
11350,2000-12-31,"Female","Technical","Single",0
11351,1978-12-31,"Female","Secondary","Married",2
11352,2001-12-31,"Male","Technical","Married",1
11353,2002-12-31,"Female","Postgraduate","Divorced",3
11354,1988-12-31,"Male","Secondary","Single",0
11355,1987-12-31,"Female","University","Divorced",0
11356,1995-12-31,"Male","Technical","Single",2
11357,1971-12-31,"Male","Technical","Married",0
11358,1977-12-31,"Other","Other","Divorced",1
11359,1997-12-31,"Male","Secondary","Married",1
11360,1983-12-31,"Male","Secondary","Single",0
11361,1994-12-31,"Male","Secondary","Divorced",2
11362,1976-12-31,"Female","University","Single",1
11363,1975-12-31,"Male","Postgraduate","Single",1
11364,1973-12-31,"Female","University","Married",1
11365,1981-12-31,"Female","Secondary","Single",1
11366,1971-12-31,"Male","Postgraduate","Single",1
11367,1975-12-31,"Female","Secondary","Single",0
11368,1958-12-31,"Male","University","Married",2
11369,1978-12-31,"Male","Technical","Single",1
11370,1986-12-31,"Female","Secondary","Married",1
11371,1977-12-31,"Male","University","Single",2
11372,2004-12-31,"Female","Technical","Divorced",0
11373,1967-12-31,"Male","Technical","Single",5
11374,2005-12-31,"Female","University","Divorced",0
11375,1999-12-31,"Female","University","Single",1
11376,2001-12-31,"Female","Technical","Single",2
11377,1995-12-31,"Female","University","Married",2
11378,1993-12-31,"Male","Technical","Single",0
11379,1983-12-31,"Male","Secondary","Divorced",1
11380,1960-12-31,"Male","University","Divorced",1
11381,1992-12-31,"Female","Postgraduate","Married",1
11382,1977-12-31,"Male","Technical","Divorced",2
11383,1964-12-31,"Female","Technical","Married",1
11384,1991-12-31,"Female","Technical","Married",3
11385,1997-12-31,"Female","Other","Single",2
11386,1979-12-31,"Female","Technical","Married",0
11387,1996-12-31,"Female","Technical","Divorced",1
11388,1992-12-31,"Male","University","Single",1
11389,1997-12-31,"Male","Technical","Widowed",0
11390,2003-12-31,"Male","Secondary","Single",2
11391,1992-12-31,"Male","Technical","Single",3
11392,1968-12-31,"Female","Postgraduate","Married",3
11393,1954-12-31,"Male","Other","Married",0
11394,1983-12-31,"Female","Secondary","Married",0
11395,2003-12-31,"Female","Postgraduate","Married",3
11396,1966-12-31,"Male","Secondary","Married",2
11397,1998-12-31,"Male","Other","Single",3
11398,1976-12-31,"Male","Postgraduate","Divorced",3
11399,1979-12-31,"Female","Technical","Married",4
11400,1988-12-31,"Male","University","Married",3
11401,1980-12-31,"Male","Other","Widowed",0
11402,1975-12-31,"Female","Secondary","Single",2
11403,1979-12-31,"Male","Technical","Married",3
11404,1987-12-31,"Male","Secondary","Married",2
11405,1981-12-31,"Male","University","Widowed",1
11406,1974-12-31,"Female","Technical","Single",1
11407,1972-12-31,"Female","Technical","Single",1
11408,1967-12-31,"Other","University","Married",0
11409,1995-12-31,"Male","Technical","Single",0
11410,1963-12-31,"Female","Postgraduate","Single",0
11411,1986-12-31,"Male","Technical","Single",1
11412,1989-12-31,"Female","Technical","Widowed",2
11413,1984-12-31,"Female","Secondary","Married",0
11414,1975-12-31,"Male","University","Single",0
11415,1967-12-31,"Male","Technical","Single",3
11416,1972-12-31,"Female","Secondary","Single",0
11417,1999-12-31,"Male","University","Single",0
11418,1994-12-31,"Male","University","Married",1
11419,1986-12-31,"Female","Technical","Single",1
11420,1978-12-31,"Male","Secondary","Married",1
11421,1989-12-31,"Male","Secondary","Married",1
11422,1974-12-31,"Female","University","Married",2
11423,2000-12-31,"Female","Technical","Single",0
11424,1983-12-31,"Male","Technical","Single",0
11425,1998-12-31,"Male","Secondary","Married",1
11426,1971-12-31,"Male","Secondary","Single",0
11427,1981-12-31,"Male","University","Married",1
11428,1978-12-31,"Male","Technical","Single",2
11429,1993-12-31,"Female","Secondary","Married",2
11430,1981-12-31,"Male","Secondary","Single",1
11431,1996-12-31,"Male","University","Married",2
11432,1986-12-31,"Female","Postgraduate","Single",0
11433,1988-12-31,"Female","Postgraduate","Widowed",1
11434,1995-12-31,"Female","Technical","Single",2
11435,1997-12-31,"Male","University","Single",1
11436,1996-12-31,"Female","Technical","Single",0
11437,1996-12-31,"Male","Technical","Married",4
11438,1969-12-31,"Male","University","Single",0
11439,1990-12-31,"Other","Postgraduate","Widowed",0
11440,1978-12-31,"Male","Secondary","Divorced",0
11441,1977-12-31,"Female","University","Divorced",1
11442,1995-12-31,"Male","Secondary","Single",1
11443,1976-12-31,"Female","Secondary","Married",3
11444,1982-12-31,"Male","University","Married",0
11445,1981-12-31,"Male","Secondary","Married",2
11446,1990-12-31,"Female","University","Divorced",1
11447,1968-12-31,"Female","Technical","Divorced",2
11448,1972-12-31,"Male","Postgraduate","Single",2
11449,1987-12-31,"Male","University","Single",1
11450,1991-12-31,"Female","Technical","Divorced",2
11451,1974-12-31,"Male","Technical","Single",2
11452,1982-12-31,"Female","Secondary","Single",2
11453,1998-12-31,"Male","Technical","Single",0
11454,1969-12-31,"Male","Technical","Married",0
11455,1998-12-31,"Male","University","Divorced",0
11456,1988-12-31,"Female","University","Single",2
11457,1980-12-31,"Female","Secondary","Married",3
11458,1997-12-31,"Male","Technical","Single",2
11459,1973-12-31,"Female","Secondary","Married",0
11460,1998-12-31,"Female","University","Divorced",2
11461,1998-12-31,"Female","Secondary","Single",3
11462,1970-12-31,"Female","Other","Married",0
11463,1958-12-31,"Male","University","Married",1
11464,1979-12-31,"Female","Secondary","Married",1
11465,1984-12-31,"Male","Postgraduate","Married",2
11466,2000-12-31,"Male","Secondary","Single",4
11467,1977-12-31,"Female","Secondary","Single",3
11468,1991-12-31,"Female","Postgraduate","Divorced",2
11469,2004-12-31,"Female","University","Married",1
11470,1988-12-31,"Female","Other","Divorced",3
11471,1976-12-31,"Male","Secondary","Single",1
11472,1995-12-31,"Male","Technical","Divorced",2
11473,1980-12-31,"Male","Postgraduate","Single",1
11474,1983-12-31,"Female","University","Married",3
11475,1990-12-31,"Female","Secondary","Divorced",0
11476,1983-12-31,"Male","University","Married",1
11477,1980-12-31,"Male","Secondary","Divorced",4
11478,1985-12-31,"Male","University","Single",4
11479,1971-12-31,"Male","Technical","Single",3
11480,1984-12-31,"Female","University","Married",5
11481,1964-12-31,"Male","Technical","Married",0
11482,1966-12-31,"Male","University","Divorced",3
11483,1985-12-31,"Male","Technical","Married",3
11484,1965-12-31,"Female","Technical","Single",2
11485,1971-12-31,"Female","Secondary","Married",4
11486,2002-12-31,"Female","Secondary","Single",1
11487,1985-12-31,"Female","Secondary","Single",2
11488,1974-12-31,"Female","University","Married",2
11489,1971-12-31,"Male","Secondary","Divorced",1
11490,1975-12-31,"Male","Other","Single",1
11491,1959-12-31,"Female","Secondary","Married",2
11492,1968-12-31,"Male","Secondary","Married",0
11493,1984-12-31,"Female","University","Married",0
11494,1994-12-31,"Female","University","Single",4
11495,1979-12-31,"Male","Secondary","Single",1
11496,1986-12-31,"Male","Technical","Married",1
11497,1988-12-31,"Male","University","Married",2
11498,1986-12-31,"Male","Other","Divorced",2
11499,1975-12-31,"Male","University","Married",0
11500,1985-12-31,"Male","Secondary","Widowed",0
11501,1973-12-31,"Male","University","Married",2
11502,1972-12-31,"Female","University","Married",2
11503,2004-12-31,"Female","University","Married",0
11504,1980-12-31,"Male","University","Married",1
11505,1972-12-31,"Female","Postgraduate","Married",2
11506,1987-12-31,"Male","Secondary","Married",3
11507,1984-12-31,"Male","University","Married",0
11508,1976-12-31,"Female","Secondary","Single",1
11509,1996-12-31,"Female","Secondary","Single",1
11510,1977-12-31,"Male","Secondary","Married",1
11511,1978-12-31,"Female","Secondary","Married",5
11512,1994-12-31,"Female","Secondary","Married",0
11513,1975-12-31,"Male","University","Single",1
11514,1986-12-31,"Male","Technical","Divorced",2
11515,1981-12-31,"Female","Postgraduate","Single",1
11516,1982-12-31,"Male","Technical","Single",2
11517,2000-12-31,"Male","Secondary","Divorced",1
11518,1978-12-31,"Male","University","Divorced",0
11519,1999-12-31,"Male","University","Single",0
11520,1996-12-31,"Female","Technical","Married",2
11521,1987-12-31,"Male","Secondary","Single",2
11522,1990-12-31,"Female","Technical","Divorced",0
11523,2001-12-31,"Female","Secondary","Single",1
11524,1988-12-31,"Other","Secondary","Single",0
11525,1980-12-31,"Male","Secondary","Single",0
11526,1982-12-31,"Male","University","Single",1
11527,1977-12-31,"Female","University","Single",1
11528,1953-12-31,"Male","University","Single",1
11529,1985-12-31,"Female","Secondary","Married",1
11530,2004-12-31,"Female","Technical","Married",0
11531,1990-12-31,"Female","Secondary","Divorced",3
11532,2001-12-31,"Male","Technical","Single",2
11533,1983-12-31,"Male","Secondary","Married",0
11534,1982-12-31,"Male","Postgraduate","Married",1
11535,1996-12-31,"Female","Secondary","Single",3
11536,1998-12-31,"Male","Technical","Single",1
11537,1981-12-31,"Male","Postgraduate","Married",0
11538,1996-12-31,"Male","Postgraduate","Widowed",1
11539,1982-12-31,"Other","University","Single",3
11540,1992-12-31,"Male","University","Divorced",1
11541,1997-12-31,"Female","Technical","Single",1
11542,1978-12-31,"Female","Other","Married",1
11543,1993-12-31,"Male","Secondary","Married",1
11544,1976-12-31,"Female","Secondary","Single",0
11545,1977-12-31,"Female","Secondary","Married",2
11546,1974-12-31,"Male","Technical","Single",3
11547,1996-12-31,"Female","Secondary","Divorced",1
11548,1978-12-31,"Female","Technical","Married",1
11549,1956-12-31,"Female","University","Widowed",1
11550,1993-12-31,"Female","Secondary","Single",0
11551,1973-12-31,"Female","Secondary","Divorced",0
11552,1976-12-31,"Female","University","Married",0
11553,1978-12-31,"Female","Other","Widowed",1
11554,1966-12-31,"Female","University","Married",0
11555,1999-12-31,"Female","Postgraduate","Single",2
11556,1993-12-31,"Male","Secondary","Single",3
11557,1983-12-31,"Male","Technical","Divorced",1
11558,1974-12-31,"Male","Secondary","Married",0
11559,1984-12-31,"Female","University","Single",0
11560,1973-12-31,"Male","University","Married",1
11561,1982-12-31,"Male","Postgraduate","Married",0
11562,1989-12-31,"Female","Secondary","Married",1
11563,1970-12-31,"Male","University","Married",0
11564,1993-12-31,"Male","Technical","Widowed",1
11565,1997-12-31,"Female","University","Single",1
11566,1988-12-31,"Female","University","Married",2
11567,1963-12-31,"Male","Secondary","Widowed",3
11568,1993-12-31,"Female","Secondary","Single",1
11569,1967-12-31,"Male","Secondary","Single",3
11570,2001-12-31,"Male","University","Married",1
11571,1982-12-31,"Female","Postgraduate","Single",0
11572,1988-12-31,"Male","University","Single",2
11573,1968-12-31,"Female","University","Married",1
11574,1989-12-31,"Male","Secondary","Married",1
11575,1994-12-31,"Male","Secondary","Single",1
11576,1984-12-31,"Female","Technical","Widowed",1
11577,1999-12-31,"Male","Secondary","Divorced",0
11578,2000-12-31,"Male","Secondary","Married",3
11579,1979-12-31,"Female","Technical","Single",1
11580,1988-12-31,"Female","Postgraduate","Single",3
11581,1983-12-31,"Male","University","Divorced",3
11582,1990-12-31,"Male","Technical","Single",0
11583,1968-12-31,"Male","Technical","Married",2
11584,2004-12-31,"Female","Technical","Single",1
11585,1968-12-31,"Female","University","Single",2
11586,1975-12-31,"Female","Secondary","Married",2
11587,1985-12-31,"Male","Secondary","Single",1
11588,1978-12-31,"Female","University","Single",1
11589,1988-12-31,"Male","Postgraduate","Single",2
11590,1982-12-31,"Male","Secondary","Single",1
11591,1982-12-31,"Male","University","Married",2
11592,1975-12-31,"Male","Secondary","Married",4
11593,1992-12-31,"Male","Secondary","Married",2
11594,1978-12-31,"Female","University","Single",1
11595,1969-12-31,"Male","University","Divorced",1
11596,1988-12-31,"Female","Technical","Single",2
11597,1979-12-31,"Male","Other","Single",0
11598,1977-12-31,"Male","University","Single",0
11599,1985-12-31,"Male","Secondary","Married",2
11600,1981-12-31,"Female","University","Married",0
11601,2005-12-31,"Female","Secondary","Single",0
11602,1970-12-31,"Female","Technical","Married",0
11603,1979-12-31,"Female","Technical","Married",1
11604,1977-12-31,"Female","Secondary","Married",3
11605,1966-12-31,"Female","Other","Single",2
11606,1999-12-31,"Female","Secondary","Single",1
11607,1986-12-31,"Female","Secondary","Single",2
11608,1971-12-31,"Female","Secondary","Married",0
11609,1969-12-31,"Male","University","Married",1
11610,1976-12-31,"Male","Technical","Married",1
11611,1990-12-31,"Male","Secondary","Married",0
11612,1962-12-31,"Female","Secondary","Single",1
11613,1997-12-31,"Male","Technical","Widowed",2
11614,1978-12-31,"Female","University","Married",1
11615,1991-12-31,"Female","Secondary","Single",2
11616,1991-12-31,"Male","Secondary","Single",0
11617,1998-12-31,"Male","Secondary","Married",2
11618,1993-12-31,"Male","Technical","Divorced",0
11619,1985-12-31,"Female","Secondary","Married",1
11620,1959-12-31,"Male","Postgraduate","Single",3
11621,1987-12-31,"Female","Technical","Single",2
11622,1973-12-31,"Female","University","Single",2
11623,1985-12-31,"Male","Technical","Married",1
11624,1986-12-31,"Female","Postgraduate","Single",2
11625,1983-12-31,"Female","Technical","Married",2
11626,1987-12-31,"Male","Secondary","Single",1
11627,2006-12-31,"Female","Secondary","Married",0
11628,1997-12-31,"Male","University","Married",1
11629,1971-12-31,"Male","Secondary","Divorced",0
11630,1994-12-31,"Female","Secondary","Married",1
11631,1983-12-31,"Male","Secondary","Single",1
11632,1984-12-31,"Male","University","Single",0
11633,1977-12-31,"Male","Technical","Divorced",1
11634,1984-12-31,"Female","Secondary","Married",2
11635,1971-12-31,"Male","University","Married",1
11636,1992-12-31,"Male","University","Widowed",1
11637,1991-12-31,"Female","Secondary","Married",1
11638,1982-12-31,"Male","Secondary","Widowed",2
11639,1974-12-31,"Female","Technical","Single",0
11640,1968-12-31,"Other","Secondary","Married",1
11641,1984-12-31,"Female","University","Divorced",1
11642,1971-12-31,"Female","Technical","Single",1
11643,1977-12-31,"Female","University","Married",1
11644,1987-12-31,"Female","University","Married",0
11645,1983-12-31,"Female","University","Divorced",0
11646,1981-12-31,"Male","Secondary","Married",3
11647,1970-12-31,"Male","Technical","Married",2
11648,1986-12-31,"Male","Secondary","Divorced",2
11649,1986-12-31,"Female","Technical","Married",3
11650,1997-12-31,"Female","Technical","Married",3
11651,1980-12-31,"Female","Technical","Divorced",2
11652,1981-12-31,"Female","Secondary","Divorced",0
11653,1995-12-31,"Female","Secondary","Single",1
11654,1977-12-31,"Male","Technical","Married",0
11655,1973-12-31,"Female","University","Married",2
11656,1973-12-31,"Male","Technical","Married",1
11657,1972-12-31,"Female","Technical","Married",2
11658,1970-12-31,"Female","Technical","Divorced",1
11659,1977-12-31,"Female","Secondary","Divorced",1
11660,1984-12-31,"Male","University","Widowed",1
11661,1968-12-31,"Female","Secondary","Single",1
11662,1986-12-31,"Female","University","Married",1
11663,1991-12-31,"Male","Secondary","Married",1
11664,1974-12-31,"Female","Secondary","Divorced",0
11665,1977-12-31,"Female","University","Single",2
11666,1987-12-31,"Female","Secondary","Widowed",3
11667,1996-12-31,"Male","University","Married",3
11668,1990-12-31,"Male","University","Married",1
11669,1982-12-31,"Male","Secondary","Single",1
11670,1969-12-31,"Male","Technical","Married",1
11671,1988-12-31,"Male","Technical","Divorced",2
11672,1960-12-31,"Male","Technical","Married",1
11673,1983-12-31,"Male","Secondary","Married",2
11674,1973-12-31,"Female","Secondary","Married",0
11675,1963-12-31,"Female","Technical","Widowed",1
11676,1993-12-31,"Male","University","Married",1
11677,1980-12-31,"Female","Secondary","Married",1
11678,1990-12-31,"Male","University","Single",2
11679,1973-12-31,"Female","Technical","Divorced",2
11680,1979-12-31,"Female","University","Married",1
11681,1983-12-31,"Female","Secondary","Married",4
11682,1979-12-31,"Male","Secondary","Single",4
11683,1974-12-31,"Female","Secondary","Married",1
11684,1995-12-31,"Female","Secondary","Married",1
11685,1972-12-31,"Male","University","Married",1
11686,1991-12-31,"Male","Secondary","Married",1
11687,1960-12-31,"Male","Secondary","Single",4
11688,1991-12-31,"Female","Secondary","Married",2
11689,1998-12-31,"Female","University","Widowed",1
11690,1991-12-31,"Female","Secondary","Married",2
11691,1977-12-31,"Male","Technical","Married",1
11692,1954-12-31,"Female","Postgraduate","Married",2
11693,1983-12-31,"Male","University","Single",3
11694,1983-12-31,"Female","Technical","Married",3
11695,1975-12-31,"Female","University","Married",1
11696,1981-12-31,"Female","Secondary","Single",3
11697,1984-12-31,"Female","University","Married",0
11698,1982-12-31,"Female","University","Married",1
11699,1985-12-31,"Male","Technical","Married",1
11700,1972-12-31,"Male","Secondary","Divorced",4
11701,1980-12-31,"Male","Postgraduate","Single",3
11702,1996-12-31,"Female","Secondary","Married",0
11703,1995-12-31,"Male","Technical","Widowed",1
11704,1977-12-31,"Female","University","Married",0
11705,1991-12-31,"Female","Technical","Married",3
11706,2000-12-31,"Male","Secondary","Divorced",1
11707,1978-12-31,"Female","Secondary","Married",1
11708,1995-12-31,"Male","Postgraduate","Divorced",3
11709,1967-12-31,"Male","Secondary","Married",2
11710,1982-12-31,"Male","Technical","Married",1
11711,1993-12-31,"Female","Postgraduate","Single",3
11712,1995-12-31,"Female","Technical","Single",2
11713,1979-12-31,"Male","University","Single",1
11714,2004-12-31,"Female","Secondary","Single",4
11715,1983-12-31,"Female","Postgraduate","Single",1
11716,1976-12-31,"Female","Secondary","Married",1
11717,1965-12-31,"Female","University","Single",1
11718,1964-12-31,"Female","Technical","Divorced",0
11719,1982-12-31,"Female","Postgraduate","Single",1
11720,2006-12-31,"Male","University","Married",0
11721,1987-12-31,"Male","University","Widowed",0
11722,1953-12-31,"Male","University","Single",0
11723,1977-12-31,"Male","Secondary","Widowed",0
11724,1993-12-31,"Male","Secondary","Married",2
11725,1961-12-31,"Female","Other","Single",0
11726,1989-12-31,"Male","University","Married",0
11727,1983-12-31,"Male","University","Married",0
11728,1991-12-31,"Female","University","Married",0
11729,1992-12-31,"Male","University","Married",2
11730,2007-12-31,"Male","Technical","Married",1
11731,2006-12-31,"Male","University","Married",0
11732,1963-12-31,"Female","Postgraduate","Married",0
11733,1966-12-31,"Male","Postgraduate","Single",2
11734,1982-12-31,"Male","Technical","Divorced",1
11735,1985-12-31,"Male","Secondary","Single",2
11736,1961-12-31,"Male","Technical","Widowed",1
11737,1978-12-31,"Male","Secondary","Widowed",2
11738,1969-12-31,"Male","University","Single",2
11739,1987-12-31,"Male","Secondary","Married",0
11740,1989-12-31,"Female","University","Widowed",0
11741,1962-12-31,"Male","University","Married",0
11742,1994-12-31,"Female","University","Single",1
11743,1983-12-31,"Female","Secondary","Single",0
11744,1970-12-31,"Female","University","Single",2
11745,1976-12-31,"Female","University","Married",1
11746,1966-12-31,"Male","University","Married",1
11747,1982-12-31,"Female","Technical","Widowed",1
11748,1993-12-31,"Male","Secondary","Divorced",3
11749,1989-12-31,"Male","Secondary","Married",0
11750,2001-12-31,"Male","University","Married",0
11751,1975-12-31,"Male","Secondary","Single",0
11752,1970-12-31,"Male","University","Married",3
11753,1987-12-31,"Male","Secondary","Single",2
11754,1994-12-31,"Female","Secondary","Married",1
11755,1977-12-31,"Female","Technical","Married",1
11756,1983-12-31,"Female","Technical","Single",0
11757,1988-12-31,"Female","University","Single",1
11758,1976-12-31,"Male","Secondary","Single",0
11759,1995-12-31,"Male","University","Single",1
11760,1982-12-31,"Male","Technical","Married",1
11761,2001-12-31,"Female","Secondary","Single",2
11762,1986-12-31,"Female","Technical","Single",0
11763,1960-12-31,"Male","Secondary","Widowed",2
11764,1996-12-31,"Male","Secondary","Single",1
11765,2006-12-31,"Female","Secondary","Widowed",2
11766,1988-12-31,"Female","Technical","Single",1
11767,1996-12-31,"Female","Postgraduate","Single",1
11768,1987-12-31,"Male","University","Married",0
11769,1974-12-31,"Male","University","Married",0
11770,1969-12-31,"Male","Technical","Single",0
11771,2002-12-31,"Female","Postgraduate","Widowed",2
11772,1960-12-31,"Female","University","Married",1
11773,1995-12-31,"Male","University","Single",1
11774,1974-12-31,"Male","Technical","Single",2
11775,1978-12-31,"Male","Technical","Single",0
11776,1986-12-31,"Male","Secondary","Married",0
11777,1992-12-31,"Male","Secondary","Married",4
11778,1998-12-31,"Male","Other","Single",3
11779,1980-12-31,"Female","Secondary","Married",1
11780,1986-12-31,"Female","Technical","Married",1
11781,1997-12-31,"Female","Secondary","Single",1
11782,1964-12-31,"Female","Secondary","Single",2
11783,1983-12-31,"Female","Postgraduate","Widowed",3
11784,1988-12-31,"Male","Technical","Single",2
11785,1998-12-31,"Female","Secondary","Married",5
11786,1965-12-31,"Male","Secondary","Married",1
11787,1969-12-31,"Male","Secondary","Single",0
11788,1991-12-31,"Female","University","Single",2
11789,1992-12-31,"Female","Technical","Single",4
11790,2001-12-31,"Female","Secondary","Single",2
11791,1970-12-31,"Male","Secondary","Married",0
11792,1967-12-31,"Male","University","Married",0
11793,1961-12-31,"Female","Secondary","Married",2
11794,1962-12-31,"Male","Technical","Married",0
11795,1982-12-31,"Male","Secondary","Married",2
11796,1986-12-31,"Female","University","Single",1
11797,1977-12-31,"Male","Secondary","Single",2
11798,1991-12-31,"Male","University","Married",1
11799,1964-12-31,"Male","Technical","Single",0
11800,1984-12-31,"Female","Technical","Single",2
11801,1988-12-31,"Male","University","Divorced",2
11802,1981-12-31,"Other","Secondary","Single",1
11803,1967-12-31,"Female","Technical","Single",3
11804,1982-12-31,"Female","University","Single",0
11805,1970-12-31,"Male","Postgraduate","Single",1
11806,1987-12-31,"Other","University","Single",3
11807,1981-12-31,"Female","University","Married",1
11808,1972-12-31,"Male","Technical","Single",3
11809,1990-12-31,"Male","Postgraduate","Married",1
11810,1982-12-31,"Male","Secondary","Married",1
11811,1972-12-31,"Male","University","Single",1
11812,1963-12-31,"Female","Secondary","Married",3
11813,1983-12-31,"Male","Secondary","Married",1
11814,2003-12-31,"Male","University","Single",1
11815,1993-12-31,"Male","Postgraduate","Single",2
11816,1989-12-31,"Male","Technical","Divorced",0
11817,1976-12-31,"Female","Secondary","Single",0
11818,1983-12-31,"Male","University","Single",0
11819,1994-12-31,"Female","Technical","Single",2
11820,1959-12-31,"Female","Secondary","Married",1
11821,1962-12-31,"Male","University","Single",4
11822,1987-12-31,"Male","Technical","Divorced",2
11823,1996-12-31,"Female","Secondary","Married",0
11824,1986-12-31,"Male","University","Single",0
11825,1981-12-31,"Female","Secondary","Married",3
11826,1976-12-31,"Female","University","Married",2
11827,1975-12-31,"Female","Postgraduate","Single",2
11828,1962-12-31,"Female","University","Single",2
11829,1987-12-31,"Female","University","Single",2
11830,1981-12-31,"Male","Secondary","Divorced",3
11831,1983-12-31,"Male","Secondary","Married",0
11832,1976-12-31,"Male","Secondary","Married",2
11833,1988-12-31,"Female","Secondary","Single",4
11834,1990-12-31,"Female","University","Married",1
11835,1958-12-31,"Male","Secondary","Single",4
11836,1989-12-31,"Male","University","Married",1
11837,1971-12-31,"Female","University","Married",0
11838,1980-12-31,"Female","Other","Single",0
11839,1980-12-31,"Female","University","Single",0
11840,1977-12-31,"Female","Secondary","Divorced",1
11841,1985-12-31,"Female","Postgraduate","Married",2
11842,1989-12-31,"Female","Secondary","Married",1
11843,1982-12-31,"Female","Secondary","Single",1
11844,1980-12-31,"Female","University","Married",0
11845,1986-12-31,"Female","University","Married",3
11846,1977-12-31,"Female","University","Single",0
11847,2006-12-31,"Female","Technical","Married",0
11848,1977-12-31,"Male","Secondary","Single",1
11849,1976-12-31,"Female","Secondary","Married",1
11850,1985-12-31,"Female","Secondary","Divorced",2
11851,1985-12-31,"Female","University","Married",2
11852,2003-12-31,"Female","University","Single",0
11853,1993-12-31,"Female","Technical","Divorced",0
11854,1981-12-31,"Female","University","Married",2
11855,1988-12-31,"Male","Technical","Divorced",0
11856,1989-12-31,"Female","Secondary","Married",0
11857,1980-12-31,"Male","University","Single",0
11858,1963-12-31,"Male","Technical","Single",2
11859,1991-12-31,"Female","University","Married",2
11860,1973-12-31,"Male","Technical","Widowed",1
11861,1973-12-31,"Female","University","Divorced",1
11862,1987-12-31,"Female","Secondary","Single",0
11863,1977-12-31,"Male","Secondary","Married",0
11864,2000-12-31,"Male","University","Married",0
11865,1996-12-31,"Male","Technical","Single",3
11866,1997-12-31,"Male","Technical","Married",0
11867,1992-12-31,"Female","University","Single",1
11868,1979-12-31,"Female","University","Married",1
11869,1981-12-31,"Male","University","Married",0
11870,2007-12-31,"Female","University","Single",2
11871,2000-12-31,"Other","Secondary","Single",0
11872,1970-12-31,"Female","Technical","Widowed",2
11873,1982-12-31,"Male","University","Married",1
11874,1977-12-31,"Female","Secondary","Single",1
11875,1984-12-31,"Male","Technical","Married",0
11876,1989-12-31,"Male","Technical","Divorced",2
11877,1978-12-31,"Female","Secondary","Single",0
11878,1972-12-31,"Male","Technical","Married",2
11879,1998-12-31,"Male","Secondary","Married",0
11880,1990-12-31,"Male","Technical","Single",1
11881,1984-12-31,"Male","Postgraduate","Married",1
11882,1995-12-31,"Male","Postgraduate","Single",1
11883,1972-12-31,"Male","University","Married",1
11884,1978-12-31,"Male","Secondary","Married",0
11885,1979-12-31,"Male","Secondary","Divorced",0
11886,1993-12-31,"Female","Secondary","Married",1
11887,1971-12-31,"Female","University","Married",2
11888,1950-12-31,"Female","University","Divorced",0
11889,1990-12-31,"Male","Secondary","Married",1
11890,1999-12-31,"Female","University","Divorced",1
11891,1986-12-31,"Female","University","Married",0
11892,1987-12-31,"Male","Technical","Married",3
11893,1989-12-31,"Female","University","Married",0
11894,1959-12-31,"Male","Postgraduate","Single",0
11895,1975-12-31,"Female","Secondary","Widowed",0
11896,1974-12-31,"Male","University","Married",0
11897,2007-12-31,"Male","Technical","Single",1
11898,1969-12-31,"Female","Technical","Single",3
11899,1983-12-31,"Female","Secondary","Married",2
11900,1974-12-31,"Female","Secondary","Married",2
11901,1980-12-31,"Male","Secondary","Married",4
11902,1977-12-31,"Female","Secondary","Married",3
11903,2000-12-31,"Female","University","Single",2
11904,1980-12-31,"Female","Technical","Married",1
11905,1981-12-31,"Female","University","Single",0
11906,1962-12-31,"Female","Technical","Single",0
11907,1973-12-31,"Female","Secondary","Divorced",1
11908,1982-12-31,"Male","University","Married",2
11909,1979-12-31,"Female","Postgraduate","Married",0
11910,1994-12-31,"Male","Technical","Married",2
11911,1972-12-31,"Female","Technical","Single",0
11912,1963-12-31,"Female","University","Single",1
11913,1987-12-31,"Female","Other","Single",0
11914,1979-12-31,"Male","Postgraduate","Married",0
11915,1981-12-31,"Female","Postgraduate","Single",1
11916,1979-12-31,"Male","Secondary","Married",0
11917,1973-12-31,"Male","Technical","Single",1
11918,1983-12-31,"Female","Secondary","Widowed",0
11919,1988-12-31,"Male","University","Single",1
11920,1974-12-31,"Female","Secondary","Married",1
11921,1961-12-31,"Male","Postgraduate","Single",3
11922,1974-12-31,"Female","Secondary","Married",1
11923,1978-12-31,"Female","Secondary","Married",1
11924,1980-12-31,"Male","Technical","Married",2
11925,1972-12-31,"Female","Technical","Married",0
11926,1976-12-31,"Male","Postgraduate","Divorced",0
11927,1990-12-31,"Male","Secondary","Married",0
11928,1977-12-31,"Male","University","Married",1
11929,1986-12-31,"Female","Secondary","Married",0
11930,1995-12-31,"Male","Secondary","Divorced",2
11931,1982-12-31,"Female","Secondary","Married",2
11932,1996-12-31,"Female","Technical","Married",2
11933,1978-12-31,"Male","Postgraduate","Single",1
11934,1987-12-31,"Female","University","Divorced",4
11935,1979-12-31,"Female","Technical","Single",2
11936,1973-12-31,"Male","Secondary","Married",1
11937,1978-12-31,"Female","University","Divorced",1
11938,1985-12-31,"Female","Secondary","Married",3
11939,1963-12-31,"Male","Technical","Single",1
11940,1986-12-31,"Other","Secondary","Single",1
11941,1987-12-31,"Male","Technical","Married",2
11942,1990-12-31,"Male","Postgraduate","Single",0
11943,2003-12-31,"Male","Secondary","Widowed",1
11944,1989-12-31,"Male","Postgraduate","Married",1
11945,1991-12-31,"Female","Secondary","Married",4
11946,1984-12-31,"Male","Postgraduate","Married",2
11947,1990-12-31,"Male","Secondary","Married",3
11948,1995-12-31,"Female","University","Married",2
11949,1992-12-31,"Male","University","Married",1
11950,1999-12-31,"Male","Postgraduate","Single",2
11951,1954-12-31,"Female","Secondary","Married",0
11952,1978-12-31,"Female","Secondary","Married",1
11953,1965-12-31,"Male","University","Married",1
11954,1979-12-31,"Male","Secondary","Single",1
11955,1985-12-31,"Female","Technical","Single",0
11956,1978-12-31,"Male","Secondary","Married",2
11957,1983-12-31,"Female","University","Widowed",2
11958,1975-12-31,"Male","University","Single",1
11959,1974-12-31,"Other","Technical","Single",3
11960,1975-12-31,"Female","University","Married",0
11961,1975-12-31,"Female","Postgraduate","Single",2
11962,1966-12-31,"Male","Postgraduate","Married",1
11963,1971-12-31,"Female","Technical","Married",1
11964,1950-12-31,"Female","University","Married",3
11965,1990-12-31,"Male","Secondary","Divorced",0
11966,1967-12-31,"Male","Secondary","Married",0
11967,1993-12-31,"Male","University","Married",3
11968,1965-12-31,"Female","Secondary","Married",1
11969,1983-12-31,"Female","University","Single",2
11970,1972-12-31,"Male","Technical","Married",1
11971,1972-12-31,"Male","Secondary","Married",1
11972,1976-12-31,"Female","Secondary","Widowed",1
11973,1995-12-31,"Male","University","Married",1
11974,1985-12-31,"Female","Technical","Widowed",0
11975,1996-12-31,"Male","Other","Married",2
11976,1989-12-31,"Other","Secondary","Divorced",1
11977,1998-12-31,"Female","Secondary","Widowed",0
11978,1987-12-31,"Male","Technical","Divorced",1
11979,1971-12-31,"Female","Secondary","Single",2
11980,1969-12-31,"Male","Postgraduate","Married",3
11981,1978-12-31,"Female","Secondary","Single",0
11982,1971-12-31,"Male","University","Married",2
11983,1980-12-31,"Female","University","Married",1
11984,1980-12-31,"Male","University","Single",1
11985,1980-12-31,"Female","Postgraduate","Single",0
11986,1965-12-31,"Female","Secondary","Married",0
11987,1993-12-31,"Female","Technical","Single",2
11988,1973-12-31,"Male","University","Married",1
11989,1975-12-31,"Female","Technical","Single",0
11990,1994-12-31,"Male","Secondary","Married",3
11991,1977-12-31,"Male","Technical","Single",2
11992,1958-12-31,"Male","University","Married",3
11993,1990-12-31,"Male","Secondary","Married",2
11994,1970-12-31,"Male","Technical","Married",0
11995,1989-12-31,"Male","University","Single",0
11996,1966-12-31,"Male","University","Single",0
11997,1985-12-31,"Female","Secondary","Single",1
11998,1984-12-31,"Male","University","Divorced",2
11999,1997-12-31,"Female","University","Married",1
12000,1970-12-31,"Female","Technical","Single",1
12001,1973-12-31,"Male","University","Single",1
12002,1995-12-31,"Female","Secondary","Married",2
12003,1995-12-31,"Female","Technical","Single",0
12004,1984-12-31,"Male","University","Single",1
12005,1991-12-31,"Female","University","Single",1
12006,1993-12-31,"Female","University","Married",2
12007,1993-12-31,"Female","Secondary","Married",2
12008,1984-12-31,"Female","Postgraduate","Married",2
12009,1980-12-31,"Female","Technical","Married",1
12010,1978-12-31,"Male","University","Single",0
12011,1985-12-31,"Male","Secondary","Married",1
12012,1985-12-31,"Male","Other","Married",1
12013,1992-12-31,"Male","Technical","Married",1
12014,1962-12-31,"Male","University","Single",0
12015,1972-12-31,"Female","Postgraduate","Single",0
12016,1994-12-31,"Male","Postgraduate","Married",1
12017,1974-12-31,"Male","Technical","Divorced",1
12018,1973-12-31,"Male","Technical","Married",3
12019,1978-12-31,"Male","Secondary","Single",0
12020,1977-12-31,"Female","Secondary","Single",0
12021,1977-12-31,"Male","University","Single",2
12022,1970-12-31,"Female","Secondary","Divorced",2
12023,1981-12-31,"Male","Secondary","Married",1
12024,1973-12-31,"Male","Secondary","Married",1
12025,1978-12-31,"Female","Secondary","Single",2
12026,1994-12-31,"Male","University","Single",1
12027,1973-12-31,"Female","Secondary","Single",1
12028,1982-12-31,"Male","Secondary","Single",0
12029,1993-12-31,"Male","Secondary","Single",5
12030,1983-12-31,"Male","Postgraduate","Single",1
12031,1955-12-31,"Male","Secondary","Single",0
12032,1991-12-31,"Male","Postgraduate","Single",1
12033,1992-12-31,"Female","Postgraduate","Divorced",2
12034,1972-12-31,"Male","Technical","Married",2
12035,1970-12-31,"Female","Secondary","Divorced",1
12036,1977-12-31,"Male","University","Single",0
12037,1976-12-31,"Female","Technical","Married",4
12038,1986-12-31,"Female","Technical","Divorced",1
12039,1998-12-31,"Male","Technical","Married",2
12040,1963-12-31,"Female","Secondary","Married",0
12041,1970-12-31,"Female","University","Single",1
12042,1971-12-31,"Male","Postgraduate","Single",4
12043,2002-12-31,"Female","Secondary","Divorced",3
12044,1968-12-31,"Male","Postgraduate","Married",3
12045,1981-12-31,"Female","Technical","Married",0
12046,2007-12-31,"Male","Secondary","Married",0
12047,2006-12-31,"Female","Technical","Married",5
12048,1989-12-31,"Male","University","Single",0
12049,1986-12-31,"Male","Technical","Married",2
12050,1981-12-31,"Male","Postgraduate","Married",4
12051,1972-12-31,"Male","University","Married",2
12052,1996-12-31,"Female","Secondary","Married",1
12053,1981-12-31,"Female","Secondary","Single",2
12054,1966-12-31,"Female","Secondary","Married",1
12055,1972-12-31,"Female","Secondary","Married",0
12056,1989-12-31,"Female","Technical","Married",0
12057,1988-12-31,"Female","Secondary","Married",1
12058,1960-12-31,"Male","Technical","Widowed",2
12059,1998-12-31,"Female","Secondary","Married",1
12060,1980-12-31,"Female","Technical","Married",2
12061,2002-12-31,"Male","University","Single",3
12062,1982-12-31,"Male","University","Married",1
12063,1984-12-31,"Male","Technical","Divorced",2
12064,1981-12-31,"Male","Other","Single",1
12065,1979-12-31,"Male","Postgraduate","Married",1
12066,1979-12-31,"Female","Technical","Married",1
12067,1976-12-31,"Female","Secondary","Single",2
12068,1977-12-31,"Male","Technical","Married",3
12069,1972-12-31,"Female","University","Widowed",2
12070,2004-12-31,"Male","Secondary","Married",1
12071,1986-12-31,"Male","University","Single",1
12072,1978-12-31,"Female","University","Widowed",2
12073,1993-12-31,"Male","University","Married",3
12074,1965-12-31,"Female","University","Married",0
12075,1992-12-31,"Female","Secondary","Single",1
12076,1986-12-31,"Male","Secondary","Single",0
12077,1950-12-31,"Female","University","Single",4
12078,1984-12-31,"Male","Other","Divorced",2
12079,1979-12-31,"Female","University","Widowed",2
12080,1971-12-31,"Female","Postgraduate","Single",1
12081,1982-12-31,"Male","Secondary","Married",2
12082,1994-12-31,"Female","University","Married",2
12083,1965-12-31,"Male","Secondary","Widowed",1
12084,1976-12-31,"Other","Postgraduate","Single",0
12085,1981-12-31,"Male","University","Single",1
12086,1984-12-31,"Male","University","Married",0
12087,1972-12-31,"Male","Technical","Divorced",1
12088,1992-12-31,"Female","Other","Single",0
12089,1973-12-31,"Other","University","Married",2
12090,1987-12-31,"Female","Technical","Widowed",0
12091,1975-12-31,"Female","University","Single",2
12092,1966-12-31,"Female","Technical","Married",0
12093,1973-12-31,"Female","University","Married",1
12094,1996-12-31,"Male","University","Single",1
12095,1970-12-31,"Female","University","Single",2
12096,1981-12-31,"Male","Postgraduate","Single",0
12097,2007-12-31,"Male","University","Single",0
12098,1968-12-31,"Female","Technical","Divorced",3
12099,1969-12-31,"Female","Technical","Single",1
12100,1993-12-31,"Male","Technical","Married",2
12101,1968-12-31,"Female","Secondary","Married",1
12102,1980-12-31,"Female","Technical","Single",0
12103,1961-12-31,"Female","Postgraduate","Single",1
12104,1962-12-31,"Other","Technical","Single",1
12105,1984-12-31,"Female","Secondary","Married",2
12106,1986-12-31,"Female","University","Divorced",0
12107,1961-12-31,"Female","Technical","Single",0
12108,1970-12-31,"Male","Technical","Single",0
12109,1985-12-31,"Female","University","Married",1
12110,1950-12-31,"Female","Secondary","Married",0
12111,1998-12-31,"Female","Technical","Single",1
12112,1976-12-31,"Male","Secondary","Married",2
12113,1964-12-31,"Female","Technical","Widowed",0
12114,1982-12-31,"Female","University","Single",1
12115,1990-12-31,"Male","Other","Married",0
12116,1989-12-31,"Female","Secondary","Widowed",2
12117,1984-12-31,"Male","Technical","Married",2
12118,1994-12-31,"Female","University","Married",3
12119,1989-12-31,"Female","Secondary","Married",1
12120,1976-12-31,"Female","Secondary","Single",2
12121,1977-12-31,"Male","University","Married",2
12122,1979-12-31,"Male","Secondary","Married",0
12123,1969-12-31,"Male","Secondary","Divorced",1
12124,1969-12-31,"Female","Technical","Single",1
12125,1982-12-31,"Male","Technical","Divorced",1
12126,1985-12-31,"Male","Postgraduate","Married",1
12127,1977-12-31,"Male","Technical","Married",0
12128,1990-12-31,"Male","Technical","Married",1
12129,1982-12-31,"Female","University","Married",2
12130,1969-12-31,"Female","University","Married",0
12131,1957-12-31,"Female","University","Widowed",0
12132,1990-12-31,"Female","Secondary","Single",0
12133,2007-12-31,"Female","University","Married",0
12134,1994-12-31,"Male","Secondary","Married",2
12135,1984-12-31,"Male","Secondary","Divorced",0
12136,1983-12-31,"Male","University","Single",1
12137,1982-12-31,"Male","Postgraduate","Married",0
12138,1981-12-31,"Male","Postgraduate","Married",1
12139,1985-12-31,"Male","Secondary","Single",1
12140,1983-12-31,"Female","Technical","Single",0
12141,1982-12-31,"Female","Secondary","Single",2
12142,1965-12-31,"Male","University","Married",3
12143,1987-12-31,"Female","Technical","Single",4
12144,1981-12-31,"Male","Secondary","Single",1
12145,1988-12-31,"Female","University","Married",1
12146,1966-12-31,"Female","University","Single",1
12147,1974-12-31,"Female","Technical","Single",2
12148,1985-12-31,"Male","Other","Married",0
12149,1978-12-31,"Female","Secondary","Married",2
12150,1987-12-31,"Male","Technical","Single",1
12151,1965-12-31,"Female","Postgraduate","Married",0
12152,1971-12-31,"Male","University","Married",0
12153,1972-12-31,"Female","Secondary","Divorced",2
12154,1985-12-31,"Male","University","Married",1
12155,1990-12-31,"Male","University","Married",1
12156,1988-12-31,"Male","Technical","Married",1
12157,1990-12-31,"Female","University","Married",1
12158,1979-12-31,"Female","University","Single",0
12159,1980-12-31,"Male","Technical","Single",1
12160,1979-12-31,"Male","Technical","Single",2
12161,1992-12-31,"Male","University","Married",2
12162,1975-12-31,"Male","Secondary","Divorced",0
12163,1973-12-31,"Male","Postgraduate","Married",1
12164,1950-12-31,"Male","University","Widowed",1
12165,1964-12-31,"Female","Technical","Married",1
12166,1990-12-31,"Male","University","Married",2
12167,1997-12-31,"Female","Secondary","Single",1
12168,1973-12-31,"Male","Postgraduate","Married",0
12169,1974-12-31,"Female","University","Married",0
12170,1989-12-31,"Female","Postgraduate","Married",0
12171,1980-12-31,"Male","University","Married",1
12172,1971-12-31,"Male","Postgraduate","Married",1
12173,1977-12-31,"Male","Technical","Divorced",3
12174,1989-12-31,"Female","Postgraduate","Divorced",2
12175,1968-12-31,"Female","University","Married",1
12176,1961-12-31,"Other","Secondary","Married",0
12177,1969-12-31,"Female","Technical","Divorced",3
12178,2007-12-31,"Female","Secondary","Married",2
12179,1977-12-31,"Male","Secondary","Single",4
12180,1993-12-31,"Male","Postgraduate","Single",1
12181,1982-12-31,"Female","Secondary","Married",0
12182,1996-12-31,"Male","University","Married",0
12183,1969-12-31,"Female","University","Single",4
12184,2001-12-31,"Female","Secondary","Single",5
12185,1973-12-31,"Male","Technical","Married",2
12186,1961-12-31,"Male","Postgraduate","Married",3
12187,1983-12-31,"Female","Secondary","Single",0
12188,1972-12-31,"Female","Secondary","Single",3
12189,1983-12-31,"Female","University","Divorced",1
12190,1969-12-31,"Female","Secondary","Widowed",0
12191,1983-12-31,"Male","Secondary","Married",0
12192,1989-12-31,"Female","Secondary","Married",0
12193,1996-12-31,"Female","Secondary","Married",1
12194,1971-12-31,"Other","Technical","Single",1
12195,1985-12-31,"Male","Secondary","Divorced",3
12196,2007-12-31,"Female","Technical","Married",2
12197,1966-12-31,"Male","Secondary","Single",1
12198,1981-12-31,"Male","Secondary","Single",1
12199,1952-12-31,"Female","Secondary","Widowed",0
12200,1983-12-31,"Female","Technical","Widowed",1
12201,1979-12-31,"Female","Secondary","Married",0
12202,1979-12-31,"Male","University","Single",0
12203,2007-12-31,"Male","University","Single",0
12204,1963-12-31,"Female","Secondary","Married",1
12205,1972-12-31,"Male","Technical","Single",2
12206,1993-12-31,"Male","Technical","Divorced",3
12207,1990-12-31,"Male","Technical","Married",0
12208,1984-12-31,"Male","University","Married",5
12209,2000-12-31,"Male","Postgraduate","Married",5
12210,1977-12-31,"Male","University","Single",2
12211,1979-12-31,"Female","Technical","Married",1
12212,1999-12-31,"Other","Technical","Single",2
12213,1974-12-31,"Male","Technical","Married",2
12214,1961-12-31,"Male","Postgraduate","Married",1
12215,1972-12-31,"Female","Technical","Single",3
12216,1987-12-31,"Female","Technical","Single",4
12217,1986-12-31,"Male","University","Divorced",0
12218,1988-12-31,"Female","Postgraduate","Divorced",2
12219,1976-12-31,"Female","University","Married",1
12220,1962-12-31,"Female","Secondary","Married",2
12221,1983-12-31,"Male","Technical","Single",0
12222,1968-12-31,"Male","University","Single",2
12223,2000-12-31,"Male","Secondary","Married",1
12224,1984-12-31,"Female","Technical","Single",4
12225,1984-12-31,"Female","Secondary","Married",0
12226,1974-12-31,"Male","University","Single",2
12227,1980-12-31,"Female","Secondary","Married",2
12228,1960-12-31,"Female","Technical","Divorced",2
12229,1985-12-31,"Male","Postgraduate","Married",1
12230,1978-12-31,"Male","Secondary","Single",1
12231,1966-12-31,"Male","University","Single",4
12232,1972-12-31,"Female","University","Single",2
12233,1975-12-31,"Male","University","Married",2
12234,1974-12-31,"Female","Technical","Married",3
12235,1965-12-31,"Female","Technical","Single",0
12236,1995-12-31,"Female","Secondary","Single",3
12237,1999-12-31,"Female","Secondary","Married",1
12238,1977-12-31,"Male","University","Single",1
12239,1986-12-31,"Male","Technical","Married",2
12240,1976-12-31,"Male","Technical","Married",0
12241,1989-12-31,"Female","Technical","Married",0
12242,1967-12-31,"Male","University","Married",2
12243,1989-12-31,"Female","Technical","Single",2
12244,1978-12-31,"Female","Secondary","Divorced",1
12245,1975-12-31,"Male","University","Single",2
12246,1997-12-31,"Female","Secondary","Single",0
12247,1981-12-31,"Male","Technical","Single",0
12248,1990-12-31,"Female","Technical","Single",2
12249,1970-12-31,"Female","Technical","Divorced",1
12250,1973-12-31,"Male","University","Married",0
12251,1986-12-31,"Female","University","Single",0
12252,1966-12-31,"Male","Secondary","Single",1
12253,1985-12-31,"Male","University","Married",2
12254,1988-12-31,"Male","Secondary","Married",1
12255,1996-12-31,"Female","Other","Single",0
12256,1984-12-31,"Female","Technical","Single",1
12257,1968-12-31,"Female","University","Single",1
12258,1985-12-31,"Male","Secondary","Divorced",0
12259,1963-12-31,"Female","Secondary","Widowed",1
12260,1979-12-31,"Male","University","Single",1
12261,1992-12-31,"Female","Secondary","Married",0
12262,1973-12-31,"Male","University","Single",2
12263,1969-12-31,"Female","Technical","Married",1
12264,1986-12-31,"Female","Postgraduate","Married",0
12265,1974-12-31,"Female","Technical","Divorced",0
12266,1990-12-31,"Male","University","Married",3
12267,2001-12-31,"Female","University","Single",1
12268,1987-12-31,"Male","Secondary","Married",0
12269,1972-12-31,"Female","University","Single",1
12270,2007-12-31,"Female","University","Married",2
12271,1973-12-31,"Male","Secondary","Widowed",0
12272,1980-12-31,"Male","Secondary","Single",0
12273,1964-12-31,"Female","Secondary","Single",0
12274,1950-12-31,"Male","Other","Single",0
12275,1959-12-31,"Female","Technical","Married",3
12276,1964-12-31,"Male","Secondary","Married",1
12277,1977-12-31,"Female","University","Single",0
12278,1992-12-31,"Male","University","Single",1
12279,1990-12-31,"Female","Secondary","Married",0
12280,1963-12-31,"Male","Secondary","Single",0
12281,1993-12-31,"Male","Secondary","Single",1
12282,1987-12-31,"Male","Secondary","Single",3
12283,1987-12-31,"Female","University","Single",3
12284,2001-12-31,"Male","Secondary","Married",2
12285,1993-12-31,"Male","Other","Married",3
12286,1995-12-31,"Male","University","Married",3
12287,1986-12-31,"Female","Secondary","Single",0
12288,1981-12-31,"Female","Technical","Single",1
12289,1982-12-31,"Male","Secondary","Married",1
12290,1982-12-31,"Male","University","Married",1
12291,1973-12-31,"Male","University","Single",1
12292,1978-12-31,"Male","Secondary","Single",1
12293,1977-12-31,"Female","Technical","Single",0
12294,1977-12-31,"Male","Other","Single",1
12295,1973-12-31,"Male","Secondary","Divorced",1
12296,1988-12-31,"Female","University","Single",0
12297,1994-12-31,"Female","Secondary","Divorced",1
12298,1983-12-31,"Female","Secondary","Married",1
12299,1969-12-31,"Male","University","Married",1
12300,1978-12-31,"Female","Technical","Single",2
12301,1980-12-31,"Female","University","Married",0
12302,1974-12-31,"Female","University","Single",3
12303,1976-12-31,"Male","Secondary","Single",0
12304,1978-12-31,"Female","Technical","Divorced",0
12305,1977-12-31,"Male","Postgraduate","Single",1
12306,1982-12-31,"Female","Technical","Single",0
12307,1991-12-31,"Male","Secondary","Divorced",0
12308,1950-12-31,"Female","Secondary","Married",1
12309,1981-12-31,"Female","Other","Divorced",2
12310,1973-12-31,"Other","University","Single",1
12311,1981-12-31,"Female","Technical","Widowed",0
12312,1969-12-31,"Male","Postgraduate","Married",1
12313,1976-12-31,"Male","Technical","Married",0
12314,1999-12-31,"Male","University","Single",0
12315,1955-12-31,"Male","University","Single",1
12316,1975-12-31,"Male","University","Single",2
12317,1971-12-31,"Female","University","Single",2
12318,1968-12-31,"Male","Technical","Single",1
12319,1957-12-31,"Male","Technical","Single",1
12320,1958-12-31,"Female","Technical","Married",1
12321,1961-12-31,"Male","Secondary","Married",2
12322,1960-12-31,"Female","Postgraduate","Widowed",1
12323,1989-12-31,"Female","Technical","Married",2
12324,1982-12-31,"Female","Technical","Married",2
12325,1984-12-31,"Female","Postgraduate","Married",2
12326,1994-12-31,"Female","Technical","Single",1
12327,1979-12-31,"Male","Secondary","Divorced",3
12328,1979-12-31,"Male","Technical","Married",3
12329,1973-12-31,"Male","Postgraduate","Divorced",1
12330,1974-12-31,"Female","Technical","Divorced",1
12331,1991-12-31,"Female","Secondary","Married",2
12332,1987-12-31,"Other","Technical","Single",3
12333,1979-12-31,"Female","Other","Single",3
12334,1978-12-31,"Male","Technical","Single",1
12335,1998-12-31,"Male","University","Single",0
12336,1966-12-31,"Male","University","Married",1
12337,1988-12-31,"Male","University","Married",1
12338,1981-12-31,"Male","University","Divorced",0
12339,1993-12-31,"Female","University","Married",2
12340,2002-12-31,"Female","Postgraduate","Widowed",0
12341,1957-12-31,"Male","Secondary","Married",2
12342,1969-12-31,"Male","Technical","Single",0
12343,1982-12-31,"Male","University","Married",2
12344,1992-12-31,"Female","Technical","Single",1
12345,1998-12-31,"Female","Postgraduate","Married",0
12346,1980-12-31,"Female","Technical","Married",2
12347,1986-12-31,"Female","Technical","Single",1
12348,1999-12-31,"Female","Technical","Married",1
12349,1999-12-31,"Female","University","Single",1
12350,1980-12-31,"Female","Secondary","Married",3
12351,1985-12-31,"Female","Technical","Widowed",2
12352,1962-12-31,"Male","Technical","Married",0
12353,1955-12-31,"Female","Technical","Married",0
12354,1985-12-31,"Female","University","Single",3
12355,1974-12-31,"Male","Secondary","Married",1
12356,1996-12-31,"Female","Other","Married",1
12357,1985-12-31,"Male","Secondary","Single",2
12358,1990-12-31,"Female","Technical","Single",1
12359,1980-12-31,"Male","University","Married",0
12360,1970-12-31,"Female","University","Widowed",0
12361,1958-12-31,"Female","Secondary","Married",2
12362,1991-12-31,"Female","Secondary","Divorced",3
12363,2000-12-31,"Female","Technical","Married",2
12364,1998-12-31,"Male","University","Divorced",1
12365,1999-12-31,"Male","Secondary","Married",2
12366,1969-12-31,"Female","Secondary","Married",0
12367,1989-12-31,"Male","Secondary","Married",0
12368,1991-12-31,"Female","Secondary","Single",0
12369,1989-12-31,"Male","University","Married",0
12370,1974-12-31,"Female","Postgraduate","Divorced",1
12371,1989-12-31,"Female","University","Married",1
12372,1998-12-31,"Male","University","Married",0
12373,1991-12-31,"Female","Technical","Married",1
12374,1995-12-31,"Male","Secondary","Single",1
12375,1966-12-31,"Male","Secondary","Single",0
12376,1977-12-31,"Male","Secondary","Single",2
12377,1987-12-31,"Female","Other","Married",1
12378,1968-12-31,"Male","University","Single",1
12379,1984-12-31,"Male","Technical","Single",1
12380,1963-12-31,"Male","Secondary","Single",0
12381,1967-12-31,"Female","Postgraduate","Single",0
12382,1979-12-31,"Female","Postgraduate","Married",0
12383,1975-12-31,"Female","Technical","Single",0
12384,1959-12-31,"Male","University","Single",0
12385,2007-12-31,"Female","Technical","Single",0
12386,1972-12-31,"Male","University","Married",1
12387,1970-12-31,"Male","Postgraduate","Married",1
12388,1984-12-31,"Male","University","Widowed",2
12389,1982-12-31,"Female","Technical","Married",0
12390,1997-12-31,"Female","Technical","Divorced",1
12391,1984-12-31,"Male","Technical","Married",0
12392,1969-12-31,"Female","Secondary","Widowed",0
12393,1997-12-31,"Female","Postgraduate","Married",2
12394,1987-12-31,"Female","Postgraduate","Single",1
12395,1976-12-31,"Male","University","Married",2
12396,2006-12-31,"Female","Secondary","Married",0
12397,1994-12-31,"Female","Secondary","Divorced",1
12398,1990-12-31,"Female","Postgraduate","Single",1
12399,2003-12-31,"Male","Secondary","Married",0
12400,1985-12-31,"Male","University","Single",3
12401,1995-12-31,"Female","Technical","Divorced",0
12402,1983-12-31,"Male","Secondary","Married",1
12403,1986-12-31,"Female","Secondary","Single",1
12404,1981-12-31,"Male","Secondary","Married",2
12405,1963-12-31,"Female","Technical","Single",0
12406,1970-12-31,"Male","University","Married",1
12407,1989-12-31,"Male","Secondary","Single",1
12408,1970-12-31,"Other","Technical","Single",3
12409,1968-12-31,"Female","University","Married",1
12410,1969-12-31,"Female","Secondary","Single",1
12411,1999-12-31,"Female","Technical","Married",1
12412,1994-12-31,"Male","University","Married",2
12413,2000-12-31,"Male","Technical","Married",1
12414,1993-12-31,"Female","Secondary","Divorced",1
12415,1962-12-31,"Male","Secondary","Married",2
12416,1972-12-31,"Male","Other","Single",1
12417,1994-12-31,"Male","Secondary","Single",3
12418,1974-12-31,"Female","Technical","Married",1
12419,1974-12-31,"Male","Secondary","Single",1
12420,1999-12-31,"Female","Technical","Married",1
12421,1991-12-31,"Female","Secondary","Single",1
12422,1967-12-31,"Male","Technical","Married",0
12423,1967-12-31,"Female","University","Divorced",3
12424,1971-12-31,"Female","Postgraduate","Married",4
12425,1978-12-31,"Male","Secondary","Married",2
12426,1979-12-31,"Male","University","Married",2
12427,1994-12-31,"Female","Secondary","Married",1
12428,1981-12-31,"Female","University","Married",0
12429,1985-12-31,"Female","Other","Divorced",3
12430,1968-12-31,"Male","University","Single",1
12431,1973-12-31,"Female","Other","Married",1
12432,1971-12-31,"Female","Technical","Married",2
12433,1981-12-31,"Female","Secondary","Single",0
12434,1997-12-31,"Male","Secondary","Single",1
12435,1985-12-31,"Female","University","Widowed",1
12436,1985-12-31,"Female","Technical","Single",1
12437,1975-12-31,"Female","Secondary","Single",1
12438,2002-12-31,"Male","Secondary","Divorced",2
12439,1970-12-31,"Male","University","Single",1
12440,1989-12-31,"Female","Postgraduate","Single",0
12441,1969-12-31,"Male","University","Widowed",4
12442,2007-12-31,"Male","Secondary","Single",4
12443,1988-12-31,"Other","University","Married",1
12444,1971-12-31,"Male","Postgraduate","Single",2
12445,1993-12-31,"Other","University","Married",0
12446,1968-12-31,"Male","University","Single",0
12447,1980-12-31,"Male","Secondary","Divorced",2
12448,1971-12-31,"Male","Technical","Married",3
12449,1988-12-31,"Male","Technical","Married",0
12450,1984-12-31,"Male","Technical","Divorced",2
12451,1976-12-31,"Female","Secondary","Married",2
12452,1986-12-31,"Male","Secondary","Married",0
12453,1963-12-31,"Male","Technical","Divorced",2
12454,1965-12-31,"Female","Secondary","Married",1
12455,1991-12-31,"Male","University","Married",1
12456,1969-12-31,"Male","Technical","Single",1
12457,1969-12-31,"Female","Postgraduate","Married",0
12458,1989-12-31,"Female","Technical","Single",1
12459,1994-12-31,"Female","University","Married",1
12460,1995-12-31,"Male","Technical","Divorced",3
12461,1963-12-31,"Female","University","Single",3
12462,1974-12-31,"Female","Secondary","Married",1
12463,1950-12-31,"Male","Technical","Single",2
12464,1974-12-31,"Male","Technical","Single",2
12465,2000-12-31,"Female","University","Married",0
12466,1962-12-31,"Female","Secondary","Married",1
12467,1962-12-31,"Male","Postgraduate","Married",5
12468,1993-12-31,"Male","Secondary","Married",0
12469,1969-12-31,"Female","Technical","Single",1
12470,1999-12-31,"Female","Secondary","Single",0
12471,1989-12-31,"Female","Secondary","Married",0
12472,1986-12-31,"Female","Secondary","Single",3
12473,1990-12-31,"Female","Secondary","Married",2
12474,1975-12-31,"Male","Secondary","Married",3
12475,1983-12-31,"Other","Technical","Married",2
12476,1970-12-31,"Male","Postgraduate","Divorced",1
12477,1966-12-31,"Female","Postgraduate","Single",1
12478,2001-12-31,"Female","Other","Married",1
12479,1984-12-31,"Male","University","Single",0
12480,1958-12-31,"Female","University","Single",1
12481,1989-12-31,"Male","Technical","Married",2
12482,1991-12-31,"Male","University","Divorced",1
12483,1988-12-31,"Male","Secondary","Married",1
12484,1955-12-31,"Female","Secondary","Married",0
12485,1998-12-31,"Male","University","Married",1
12486,1976-12-31,"Female","University","Married",2
12487,1998-12-31,"Female","Secondary","Married",1
12488,1973-12-31,"Female","Secondary","Married",2
12489,2004-12-31,"Female","Technical","Single",0
12490,1979-12-31,"Male","Secondary","Married",2
12491,1982-12-31,"Male","Technical","Widowed",3
12492,1960-12-31,"Male","Secondary","Single",4
12493,1970-12-31,"Other","Postgraduate","Single",1
12494,1982-12-31,"Male","Technical","Married",2
12495,1962-12-31,"Male","Other","Married",2
12496,1978-12-31,"Female","Technical","Married",0
12497,1971-12-31,"Male","University","Single",2
12498,1977-12-31,"Male","Secondary","Single",1
12499,1981-12-31,"Male","Secondary","Married",0
12500,1992-12-31,"Female","Other","Single",2
12501,1982-12-31,"Male","Secondary","Divorced",1
12502,1991-12-31,"Male","Postgraduate","Single",1
12503,1988-12-31,"Female","Secondary","Married",1
12504,1974-12-31,"Female","Other","Divorced",1
12505,1961-12-31,"Female","Technical","Married",2
12506,1984-12-31,"Female","University","Married",1
12507,1991-12-31,"Female","Technical","Married",0
12508,1981-12-31,"Female","Secondary","Married",2
12509,1987-12-31,"Male","Secondary","Single",1
12510,1994-12-31,"Female","Secondary","Widowed",1
12511,1999-12-31,"Male","Technical","Married",2
12512,1967-12-31,"Male","University","Married",0
12513,1978-12-31,"Male","Secondary","Married",2
12514,1987-12-31,"Male","University","Divorced",1
12515,1985-12-31,"Male","University","Single",3
12516,1977-12-31,"Female","University","Married",3
12517,1971-12-31,"Female","Postgraduate","Divorced",1
12518,1987-12-31,"Male","Technical","Married",1
12519,1977-12-31,"Female","Technical","Married",1
12520,1974-12-31,"Male","Postgraduate","Single",0
12521,1975-12-31,"Female","University","Single",3
12522,1973-12-31,"Female","Postgraduate","Single",1
12523,1982-12-31,"Female","University","Divorced",1
12524,1981-12-31,"Female","Technical","Married",1
12525,1970-12-31,"Female","Secondary","Married",2
12526,2000-12-31,"Male","Secondary","Married",0
12527,1993-12-31,"Male","Technical","Married",3
12528,1979-12-31,"Male","Technical","Married",1
12529,1991-12-31,"Male","Secondary","Single",1
12530,1971-12-31,"Female","Secondary","Married",0
12531,1971-12-31,"Female","Technical","Single",0
12532,1970-12-31,"Female","Technical","Divorced",0
12533,1990-12-31,"Male","Technical","Single",0
12534,1986-12-31,"Female","Secondary","Married",1
12535,1972-12-31,"Male","University","Single",1
12536,2002-12-31,"Male","University","Married",0
12537,1973-12-31,"Male","Technical","Divorced",2
12538,1993-12-31,"Female","Postgraduate","Single",2
12539,1986-12-31,"Female","Secondary","Single",3
12540,1999-12-31,"Male","Technical","Widowed",0
12541,1985-12-31,"Female","University","Single",0
12542,1992-12-31,"Male","Technical","Divorced",2
12543,2005-12-31,"Male","Technical","Divorced",1
12544,1967-12-31,"Male","Technical","Single",1
12545,1978-12-31,"Female","Secondary","Widowed",2
12546,2002-12-31,"Female","Postgraduate","Widowed",0
12547,1992-12-31,"Male","Secondary","Married",2
12548,1989-12-31,"Female","Technical","Married",1
12549,1997-12-31,"Female","Secondary","Married",4
12550,1988-12-31,"Male","Secondary","Married",1
12551,2007-12-31,"Female","University","Married",0
12552,1967-12-31,"Male","Other","Divorced",1
12553,1979-12-31,"Female","Secondary","Single",1
12554,1976-12-31,"Female","Technical","Married",1
12555,1986-12-31,"Female","Secondary","Married",0
12556,1979-12-31,"Male","University","Divorced",0
12557,2005-12-31,"Female","Secondary","Divorced",1
12558,1978-12-31,"Male","Secondary","Married",0
12559,1984-12-31,"Male","University","Married",1
12560,1964-12-31,"Male","Secondary","Single",2
12561,1991-12-31,"Male","Technical","Single",1
12562,1982-12-31,"Male","Technical","Married",0
12563,1974-12-31,"Male","Postgraduate","Married",2
12564,1987-12-31,"Female","Technical","Married",0
12565,1989-12-31,"Male","University","Single",5
12566,1992-12-31,"Male","Secondary","Married",1
12567,1988-12-31,"Female","Other","Married",0
12568,1990-12-31,"Male","University","Married",4
12569,1993-12-31,"Male","Secondary","Married",1
12570,1968-12-31,"Male","Technical","Married",0
12571,1989-12-31,"Male","Technical","Divorced",0
12572,1977-12-31,"Female","Other","Single",3
12573,1996-12-31,"Female","University","Single",5
12574,1994-12-31,"Female","Secondary","Single",1
12575,1986-12-31,"Male","University","Married",0
12576,1975-12-31,"Other","University","Single",0
12577,1996-12-31,"Male","Secondary","Married",1
12578,1969-12-31,"Female","Secondary","Single",3
12579,1986-12-31,"Male","University","Single",2
12580,2007-12-31,"Male","Secondary","Single",2
12581,1950-12-31,"Female","Secondary","Single",1
12582,1984-12-31,"Male","Secondary","Single",0
12583,1994-12-31,"Female","Secondary","Married",1
12584,1991-12-31,"Male","University","Single",1
12585,1964-12-31,"Male","Secondary","Divorced",0
12586,1993-12-31,"Female","University","Married",1
12587,1974-12-31,"Male","University","Married",0
12588,1983-12-31,"Male","Secondary","Single",1
12589,1950-12-31,"Male","Postgraduate","Married",0
12590,1979-12-31,"Male","Technical","Married",0
12591,1980-12-31,"Male","Secondary","Single",3
12592,1996-12-31,"Female","University","Single",2
12593,1985-12-31,"Male","Secondary","Married",0
12594,1982-12-31,"Female","Secondary","Divorced",0
12595,1994-12-31,"Male","Secondary","Married",4
12596,1970-12-31,"Female","University","Married",1
12597,1991-12-31,"Female","Postgraduate","Married",1
12598,2002-12-31,"Other","Secondary","Married",1
12599,1994-12-31,"Male","Secondary","Single",1
12600,1968-12-31,"Female","Secondary","Married",3
12601,1965-12-31,"Female","Technical","Married",1
12602,1981-12-31,"Male","Secondary","Married",2
12603,1998-12-31,"Female","Technical","Married",2
12604,1992-12-31,"Male","Technical","Divorced",0
12605,1980-12-31,"Male","Secondary","Divorced",3
12606,1989-12-31,"Female","Secondary","Widowed",4
12607,1979-12-31,"Female","Secondary","Single",1
12608,1961-12-31,"Female","Secondary","Married",1
12609,1974-12-31,"Male","University","Single",1
12610,2007-12-31,"Male","University","Single",1
12611,1984-12-31,"Male","University","Divorced",0
12612,1972-12-31,"Female","Technical","Single",0
12613,1966-12-31,"Female","University","Married",1
12614,1970-12-31,"Female","Postgraduate","Divorced",4
12615,2003-12-31,"Female","Technical","Married",1
12616,1969-12-31,"Female","University","Married",1
12617,1975-12-31,"Male","Technical","Married",1
12618,1960-12-31,"Male","University","Single",0
12619,1973-12-31,"Male","Technical","Single",1
12620,2007-12-31,"Male","Secondary","Single",0
12621,1978-12-31,"Female","Technical","Widowed",2
12622,1987-12-31,"Male","Secondary","Single",5
12623,1989-12-31,"Male","University","Single",1
12624,1978-12-31,"Female","Secondary","Married",2
12625,1968-12-31,"Male","Technical","Divorced",0
12626,1990-12-31,"Female","Technical","Married",0
12627,1969-12-31,"Male","University","Single",0
12628,1986-12-31,"Female","University","Widowed",1
12629,1975-12-31,"Female","Technical","Single",3
12630,1988-12-31,"Female","Other","Divorced",2
12631,1989-12-31,"Female","Technical","Divorced",3
12632,1981-12-31,"Female","Secondary","Married",3
12633,2006-12-31,"Female","Postgraduate","Single",0
12634,1983-12-31,"Male","Secondary","Married",4
12635,1991-12-31,"Male","Secondary","Divorced",1
12636,1983-12-31,"Male","Secondary","Single",1
12637,1982-12-31,"Female","Secondary","Single",0
12638,1998-12-31,"Male","Technical","Single",0
12639,1989-12-31,"Male","University","Divorced",0
12640,1965-12-31,"Male","Secondary","Divorced",1
12641,1990-12-31,"Male","Secondary","Single",1
12642,1983-12-31,"Male","Secondary","Single",4
12643,1976-12-31,"Female","Technical","Married",1
12644,1993-12-31,"Female","Secondary","Married",2
12645,1982-12-31,"Female","University","Divorced",0
12646,1974-12-31,"Female","University","Single",2
12647,1982-12-31,"Female","Technical","Single",3
12648,1996-12-31,"Female","Postgraduate","Single",3
12649,1998-12-31,"Female","Secondary","Married",0
12650,1977-12-31,"Female","University","Single",4
12651,1990-12-31,"Female","University","Single",0
12652,1984-12-31,"Male","Secondary","Single",1
12653,1994-12-31,"Female","Technical","Married",1
12654,1967-12-31,"Male","Technical","Widowed",3
12655,1971-12-31,"Female","University","Married",0
12656,1984-12-31,"Male","Other","Single",1
12657,1999-12-31,"Male","Secondary","Single",2
12658,1961-12-31,"Male","University","Married",1
12659,2002-12-31,"Female","Secondary","Single",0
12660,1985-12-31,"Female","Secondary","Single",2
12661,1973-12-31,"Male","Secondary","Single",2
12662,1987-12-31,"Female","Secondary","Single",2
12663,1971-12-31,"Male","Secondary","Married",1
12664,1981-12-31,"Female","Technical","Married",0
12665,1992-12-31,"Male","Secondary","Married",0
12666,2002-12-31,"Male","Technical","Married",3
12667,1973-12-31,"Female","Secondary","Married",4
12668,1982-12-31,"Male","Secondary","Single",0
12669,1978-12-31,"Female","Other","Single",1
12670,1974-12-31,"Male","University","Married",0
12671,1992-12-31,"Male","Postgraduate","Married",1
12672,1985-12-31,"Female","University","Single",0
12673,1972-12-31,"Male","University","Married",1
12674,1961-12-31,"Female","University","Divorced",2
12675,1984-12-31,"Male","University","Divorced",1
12676,1984-12-31,"Male","Technical","Single",0
12677,1970-12-31,"Male","Secondary","Single",1
12678,1978-12-31,"Male","Secondary","Single",2
12679,1997-12-31,"Female","Secondary","Married",0
12680,1973-12-31,"Female","Technical","Married",1
12681,1975-12-31,"Male","University","Married",1
12682,1982-12-31,"Female","Other","Married",2
12683,1979-12-31,"Female","Postgraduate","Single",1
12684,1984-12-31,"Male","Secondary","Single",2
12685,1978-12-31,"Male","University","Married",1
12686,1961-12-31,"Female","Secondary","Single",0
12687,1999-12-31,"Male","Postgraduate","Single",2
12688,1983-12-31,"Male","Secondary","Single",2
12689,1989-12-31,"Female","University","Married",2
12690,1988-12-31,"Male","University","Widowed",0
12691,1999-12-31,"Male","Technical","Married",3
12692,1996-12-31,"Female","Technical","Married",1
12693,1961-12-31,"Female","Technical","Married",2
12694,1992-12-31,"Male","Technical","Single",0
12695,1977-12-31,"Male","Other","Married",1
12696,1992-12-31,"Male","Secondary","Single",2
12697,1998-12-31,"Female","University","Single",0
12698,1955-12-31,"Female","Secondary","Married",1
12699,1982-12-31,"Female","Secondary","Divorced",2
12700,1996-12-31,"Male","Secondary","Single",1
12701,1981-12-31,"Female","Secondary","Single",2
12702,2007-12-31,"Female","Technical","Widowed",1
12703,1991-12-31,"Female","University","Married",3
12704,1979-12-31,"Female","University","Single",2
12705,1972-12-31,"Male","Postgraduate","Widowed",1
12706,1986-12-31,"Male","Postgraduate","Married",1
12707,1993-12-31,"Female","Secondary","Single",0
12708,1991-12-31,"Female","Secondary","Single",1
12709,1971-12-31,"Male","Technical","Married",2
12710,1992-12-31,"Male","Secondary","Single",1
12711,1983-12-31,"Male","Secondary","Divorced",3
12712,1962-12-31,"Male","Technical","Married",3
12713,1983-12-31,"Female","University","Married",2
12714,1988-12-31,"Female","Technical","Single",1
12715,1984-12-31,"Male","University","Divorced",0
12716,1984-12-31,"Female","Secondary","Single",2
12717,1985-12-31,"Male","Technical","Single",2
12718,1985-12-31,"Female","Secondary","Married",0
12719,1991-12-31,"Male","University","Divorced",2
12720,1972-12-31,"Female","University","Single",4
12721,1999-12-31,"Female","University","Divorced",1
12722,2007-12-31,"Male","Secondary","Married",1
12723,1975-12-31,"Female","Secondary","Married",2
12724,1984-12-31,"Female","University","Married",2
12725,1982-12-31,"Female","Secondary","Married",1
12726,1975-12-31,"Male","Secondary","Married",0
12727,1990-12-31,"Male","Technical","Widowed",3
12728,1992-12-31,"Female","Technical","Single",2
12729,1954-12-31,"Male","Secondary","Single",0
12730,1991-12-31,"Male","Postgraduate","Single",0
12731,1981-12-31,"Male","University","Single",0
12732,2006-12-31,"Female","Secondary","Divorced",2
12733,1982-12-31,"Female","University","Divorced",1
12734,1961-12-31,"Female","Secondary","Married",2
12735,1993-12-31,"Female","University","Married",0
12736,1975-12-31,"Male","Secondary","Single",1
12737,1981-12-31,"Male","Technical","Married",2
12738,1976-12-31,"Female","Technical","Married",1
12739,1954-12-31,"Female","Technical","Widowed",5
12740,1978-12-31,"Female","Technical","Widowed",2
12741,1972-12-31,"Male","University","Single",1
12742,1991-12-31,"Male","Technical","Divorced",1
12743,1980-12-31,"Male","Technical","Divorced",0
12744,1981-12-31,"Male","University","Single",2
12745,2003-12-31,"Male","Secondary","Married",1
12746,1985-12-31,"Female","Technical","Single",1
12747,2007-12-31,"Female","Secondary","Divorced",3
12748,1985-12-31,"Female","University","Single",0
12749,1980-12-31,"Female","Secondary","Single",2
12750,1996-12-31,"Female","Technical","Divorced",1
12751,1959-12-31,"Male","Secondary","Single",1
12752,1980-12-31,"Female","University","Married",1
12753,1970-12-31,"Male","Other","Married",0
12754,1976-12-31,"Female","Secondary","Married",1
12755,1970-12-31,"Female","Secondary","Widowed",0
12756,1977-12-31,"Male","Technical","Married",2
12757,1988-12-31,"Male","University","Married",4
12758,1987-12-31,"Other","Secondary","Married",0
12759,2003-12-31,"Male","Secondary","Single",4
12760,1980-12-31,"Male","University","Married",0
12761,1997-12-31,"Female","University","Married",1
12762,1970-12-31,"Male","Technical","Married",2
12763,2007-12-31,"Male","University","Married",0
12764,1982-12-31,"Male","Secondary","Widowed",2
12765,1984-12-31,"Female","Secondary","Single",3
12766,1995-12-31,"Female","University","Married",5
12767,1974-12-31,"Male","Technical","Married",1
12768,1976-12-31,"Male","University","Married",3
12769,1970-12-31,"Male","Technical","Single",2
12770,1985-12-31,"Female","Technical","Single",5
12771,1981-12-31,"Female","Technical","Married",1
12772,1982-12-31,"Female","University","Single",1
12773,1974-12-31,"Female","Technical","Widowed",2
12774,1997-12-31,"Female","Technical","Married",1
12775,1985-12-31,"Female","Technical","Married",2
12776,1982-12-31,"Female","Postgraduate","Married",0
12777,1994-12-31,"Male","Other","Married",2
12778,1980-12-31,"Female","Technical","Married",1
12779,1987-12-31,"Female","University","Single",1
12780,1973-12-31,"Male","Secondary","Divorced",1
12781,1990-12-31,"Female","University","Married",2
12782,1999-12-31,"Female","University","Single",2
12783,1979-12-31,"Male","Secondary","Widowed",3
12784,1971-12-31,"Female","Secondary","Married",2
12785,2001-12-31,"Female","University","Married",0
12786,1975-12-31,"Male","Postgraduate","Widowed",0
12787,1964-12-31,"Other","Technical","Single",1
12788,1974-12-31,"Female","Secondary","Married",1
12789,1975-12-31,"Female","University","Single",0
12790,1993-12-31,"Male","University","Married",1
12791,1997-12-31,"Male","Secondary","Single",0
12792,1992-12-31,"Female","Secondary","Married",2
12793,1989-12-31,"Female","Postgraduate","Single",0
12794,1963-12-31,"Male","Technical","Divorced",1
12795,1974-12-31,"Male","Secondary","Divorced",2
12796,1972-12-31,"Female","University","Single",2
12797,1988-12-31,"Male","University","Married",2
12798,1970-12-31,"Female","Postgraduate","Married",3
12799,1994-12-31,"Male","Postgraduate","Married",1
12800,1990-12-31,"Female","University","Married",4
12801,1983-12-31,"Male","Secondary","Single",2
12802,1984-12-31,"Female","Technical","Married",2
12803,1962-12-31,"Female","University","Single",1
12804,1996-12-31,"Male","Postgraduate","Married",1
12805,1968-12-31,"Female","University","Married",3
12806,1974-12-31,"Male","Secondary","Married",3
12807,1993-12-31,"Male","Postgraduate","Married",0
12808,1966-12-31,"Female","Technical","Widowed",0
12809,1997-12-31,"Female","University","Married",0
12810,1988-12-31,"Male","Postgraduate","Married",2
12811,1990-12-31,"Female","Technical","Divorced",4
12812,1980-12-31,"Female","Secondary","Single",2
12813,1982-12-31,"Male","University","Single",1
12814,1976-12-31,"Female","University","Married",1
12815,1969-12-31,"Female","Technical","Married",2
12816,1992-12-31,"Female","Secondary","Divorced",0
12817,1981-12-31,"Female","Technical","Divorced",1
12818,1990-12-31,"Female","Technical","Single",1
12819,1989-12-31,"Male","Postgraduate","Single",0
12820,1973-12-31,"Female","Secondary","Married",4
12821,1978-12-31,"Male","Technical","Married",1
12822,1997-12-31,"Other","Secondary","Married",2
12823,1984-12-31,"Female","University","Married",1
12824,1997-12-31,"Female","Secondary","Married",1
12825,2000-12-31,"Other","Technical","Married",2
12826,1981-12-31,"Male","University","Married",1
12827,1963-12-31,"Female","Secondary","Single",2
12828,1994-12-31,"Female","Technical","Married",0
12829,1967-12-31,"Male","Secondary","Married",2
12830,1985-12-31,"Female","Secondary","Single",2
12831,1984-12-31,"Male","Secondary","Single",2
12832,1984-12-31,"Male","University","Divorced",2
12833,1982-12-31,"Female","Technical","Single",2
12834,1986-12-31,"Male","University","Widowed",1
12835,2003-12-31,"Male","Secondary","Divorced",0
12836,1988-12-31,"Female","University","Married",0
12837,1982-12-31,"Female","Technical","Single",1
12838,1963-12-31,"Male","Postgraduate","Divorced",0
12839,1989-12-31,"Male","Secondary","Married",0
12840,1997-12-31,"Male","Postgraduate","Married",2
12841,1979-12-31,"Male","University","Single",1
12842,1991-12-31,"Male","Secondary","Married",0
12843,1981-12-31,"Male","University","Single",1
12844,1998-12-31,"Female","Secondary","Married",1
12845,1980-12-31,"Female","University","Married",0
12846,1994-12-31,"Female","University","Single",0
12847,1984-12-31,"Female","Postgraduate","Married",1
12848,1994-12-31,"Female","Secondary","Single",3
12849,1969-12-31,"Male","University","Single",0
12850,1987-12-31,"Female","University","Married",1
12851,1985-12-31,"Female","Secondary","Married",1
12852,1974-12-31,"Female","Technical","Single",2
12853,1980-12-31,"Female","University","Married",0
12854,1990-12-31,"Male","Secondary","Married",0
12855,1969-12-31,"Male","Secondary","Married",0
12856,1975-12-31,"Male","Technical","Married",1
12857,1989-12-31,"Female","Secondary","Married",1
12858,1994-12-31,"Female","University","Single",0
12859,1959-12-31,"Female","Technical","Divorced",1
12860,1987-12-31,"Other","Postgraduate","Divorced",1
12861,1990-12-31,"Female","Secondary","Single",2
12862,1963-12-31,"Male","Secondary","Married",2
12863,1981-12-31,"Male","Postgraduate","Married",2
12864,1999-12-31,"Male","Technical","Single",0
12865,1989-12-31,"Male","Secondary","Married",2
12866,1979-12-31,"Male","Secondary","Single",0
12867,1983-12-31,"Female","Postgraduate","Married",2
12868,1972-12-31,"Female","Technical","Married",0
12869,1965-12-31,"Female","Secondary","Married",0
12870,1972-12-31,"Female","Secondary","Married",1
12871,1979-12-31,"Female","University","Married",4
12872,2007-12-31,"Male","Secondary","Divorced",2
12873,1992-12-31,"Male","Secondary","Married",4
12874,1978-12-31,"Female","Secondary","Single",1
12875,1978-12-31,"Female","Technical","Married",1
12876,1998-12-31,"Female","Secondary","Married",4
12877,1983-12-31,"Male","Secondary","Divorced",3
12878,1977-12-31,"Male","Secondary","Married",2
12879,1979-12-31,"Male","University","Married",0
12880,1985-12-31,"Female","Secondary","Married",0
12881,1977-12-31,"Female","University","Single",1
12882,1968-12-31,"Female","Postgraduate","Single",1
12883,1973-12-31,"Female","Technical","Married",2
12884,1987-12-31,"Female","Secondary","Single",1
12885,1974-12-31,"Female","Postgraduate","Married",0
12886,1981-12-31,"Other","Technical","Single",1
12887,1987-12-31,"Female","University","Married",1
12888,1976-12-31,"Female","University","Single",1
12889,1961-12-31,"Male","University","Married",2
12890,1981-12-31,"Male","Secondary","Married",3
12891,1979-12-31,"Male","Other","Single",2
12892,1980-12-31,"Male","Postgraduate","Married",0
12893,1984-12-31,"Male","University","Married",1
12894,1979-12-31,"Female","University","Married",1
12895,1979-12-31,"Male","Postgraduate","Married",2
12896,1987-12-31,"Female","University","Single",0
12897,1999-12-31,"Female","Secondary","Married",2
12898,1972-12-31,"Female","Postgraduate","Single",3
12899,1970-12-31,"Male","University","Widowed",1
12900,1980-12-31,"Male","University","Married",2
12901,1998-12-31,"Female","Postgraduate","Married",2
12902,1995-12-31,"Other","Technical","Married",3
12903,2002-12-31,"Female","Postgraduate","Married",4
12904,1978-12-31,"Male","University","Single",2
12905,1985-12-31,"Male","University","Single",2
12906,1987-12-31,"Male","University","Married",2
12907,2002-12-31,"Female","Secondary","Single",1
12908,1977-12-31,"Male","University","Married",1
12909,1997-12-31,"Male","Postgraduate","Married",4
12910,1985-12-31,"Female","Postgraduate","Divorced",2
12911,1985-12-31,"Male","Secondary","Married",0
12912,1981-12-31,"Female","Secondary","Single",1
12913,1991-12-31,"Female","University","Divorced",0
12914,1970-12-31,"Female","Postgraduate","Married",1
12915,1972-12-31,"Male","University","Single",2
12916,1982-12-31,"Female","Secondary","Single",3
12917,1983-12-31,"Female","Technical","Divorced",3
12918,1973-12-31,"Female","Technical","Widowed",1
12919,1977-12-31,"Female","Technical","Single",0
12920,1988-12-31,"Female","University","Divorced",3
12921,1973-12-31,"Male","Technical","Married",1
12922,1994-12-31,"Female","Secondary","Married",1
12923,1989-12-31,"Male","Technical","Single",1
12924,1952-12-31,"Female","Secondary","Single",0
12925,1993-12-31,"Other","Secondary","Married",0
12926,1998-12-31,"Male","Secondary","Married",2
12927,1979-12-31,"Female","Secondary","Married",2
12928,1994-12-31,"Male","Secondary","Divorced",0
12929,1982-12-31,"Female","Secondary","Single",2
12930,1983-12-31,"Female","Technical","Single",1
12931,1992-12-31,"Male","Technical","Divorced",1
12932,1992-12-31,"Female","University","Single",1
12933,1999-12-31,"Female","University","Married",1
12934,1985-12-31,"Male","University","Married",3
12935,1968-12-31,"Male","Secondary","Single",1
12936,1986-12-31,"Male","University","Married",2
12937,1965-12-31,"Female","Secondary","Married",0
12938,1994-12-31,"Male","Secondary","Single",2
12939,2007-12-31,"Male","University","Married",0
12940,1979-12-31,"Female","Postgraduate","Single",1
12941,1982-12-31,"Male","Secondary","Married",0
12942,2003-12-31,"Female","Secondary","Married",0
12943,1962-12-31,"Female","Secondary","Married",0
12944,1979-12-31,"Male","University","Married",0
12945,1996-12-31,"Female","University","Single",2
12946,1978-12-31,"Female","Secondary","Single",0
12947,2002-12-31,"Female","Secondary","Married",3
12948,1980-12-31,"Male","Technical","Single",1
12949,1965-12-31,"Female","University","Single",2
12950,1973-12-31,"Female","Secondary","Married",0
12951,1990-12-31,"Female","Postgraduate","Married",0
12952,1997-12-31,"Female","Postgraduate","Single",0
12953,1959-12-31,"Female","Secondary","Divorced",1
12954,1997-12-31,"Female","Secondary","Single",2
12955,1985-12-31,"Female","University","Single",0
12956,1977-12-31,"Male","Secondary","Single",3
12957,1982-12-31,"Male","Technical","Single",1
12958,2007-12-31,"Male","University","Married",0
12959,1998-12-31,"Male","Other","Married",1
12960,1973-12-31,"Male","Technical","Married",1
12961,1969-12-31,"Male","Secondary","Married",2
12962,1995-12-31,"Female","Secondary","Single",0
12963,1990-12-31,"Female","Postgraduate","Married",5
12964,1982-12-31,"Male","University","Single",0
12965,1968-12-31,"Female","University","Married",2
12966,1978-12-31,"Male","Secondary","Single",1
12967,1986-12-31,"Female","Secondary","Divorced",0
12968,1981-12-31,"Female","Secondary","Married",2
12969,1994-12-31,"Female","Postgraduate","Single",1
12970,1985-12-31,"Male","Secondary","Single",3
12971,1965-12-31,"Male","University","Single",1
12972,2001-12-31,"Male","University","Married",0
12973,1991-12-31,"Male","Technical","Single",0
12974,1989-12-31,"Female","University","Widowed",5
12975,1973-12-31,"Male","Technical","Married",1
12976,1988-12-31,"Male","University","Married",1
12977,1977-12-31,"Male","Secondary","Single",1
12978,1983-12-31,"Male","University","Married",3
12979,1969-12-31,"Male","Technical","Married",1
12980,1959-12-31,"Female","Technical","Married",2
12981,1988-12-31,"Female","Secondary","Married",0
12982,1964-12-31,"Female","Secondary","Single",4
12983,1992-12-31,"Female","Secondary","Single",1
12984,1964-12-31,"Male","University","Single",3
12985,1995-12-31,"Male","University","Married",3
12986,1967-12-31,"Female","University","Divorced",1
12987,1987-12-31,"Male","Secondary","Married",1
12988,1992-12-31,"Female","University","Single",3
12989,1966-12-31,"Male","Secondary","Married",0
12990,1986-12-31,"Female","University","Married",0
12991,1969-12-31,"Other","University","Single",2
12992,1985-12-31,"Male","Secondary","Married",0
12993,1969-12-31,"Female","Technical","Married",1
12994,1989-12-31,"Female","Secondary","Married",2
12995,1974-12-31,"Male","University","Single",2
12996,1991-12-31,"Female","Technical","Married",2
12997,1966-12-31,"Male","Secondary","Single",1
12998,1983-12-31,"Female","Technical","Married",1
12999,1985-12-31,"Female","University","Married",2
13000,1991-12-31,"Male","Postgraduate","Single",1
13001,1977-12-31,"Female","Technical","Single",1
13002,1979-12-31,"Female","Secondary","Married",0
13003,1979-12-31,"Male","Secondary","Widowed",1
13004,1982-12-31,"Female","University","Single",2
13005,2004-12-31,"Male","Postgraduate","Single",0
13006,2007-12-31,"Female","Postgraduate","Single",0
13007,1992-12-31,"Male","Secondary","Married",2
13008,1959-12-31,"Male","University","Single",0
13009,1976-12-31,"Female","Technical","Single",1
13010,1965-12-31,"Male","Technical","Married",3
13011,1958-12-31,"Male","Secondary","Married",0
13012,1985-12-31,"Male","University","Single",1
13013,1950-12-31,"Female","Technical","Married",1
13014,1989-12-31,"Female","Secondary","Married",1
13015,1990-12-31,"Male","Secondary","Single",3
13016,1983-12-31,"Male","University","Married",1
13017,1981-12-31,"Other","Secondary","Married",0
13018,1995-12-31,"Female","University","Single",2
13019,1985-12-31,"Male","Secondary","Married",2
13020,1977-12-31,"Female","Technical","Single",0
13021,1977-12-31,"Male","Other","Single",0
13022,1980-12-31,"Female","Postgraduate","Single",2
13023,1972-12-31,"Female","Secondary","Married",0
13024,1979-12-31,"Male","Postgraduate","Married",0
13025,1973-12-31,"Male","Postgraduate","Widowed",2
13026,1971-12-31,"Male","University","Single",2
13027,2000-12-31,"Female","Secondary","Married",2
13028,1976-12-31,"Female","University","Single",2
13029,1976-12-31,"Male","Secondary","Married",0
13030,2000-12-31,"Female","Secondary","Married",3
13031,1987-12-31,"Male","Secondary","Single",3
13032,1972-12-31,"Male","Secondary","Married",0
13033,1983-12-31,"Male","University","Single",1
13034,1981-12-31,"Male","Secondary","Married",4
13035,1999-12-31,"Female","Secondary","Single",2
13036,1974-12-31,"Male","Secondary","Single",3
13037,1959-12-31,"Male","Secondary","Divorced",0
13038,1969-12-31,"Female","Secondary","Single",1
13039,1967-12-31,"Female","University","Married",4
13040,2002-12-31,"Male","Technical","Single",1
13041,1968-12-31,"Male","University","Married",1
13042,1977-12-31,"Male","Technical","Married",1
13043,1994-12-31,"Male","University","Single",0
13044,1990-12-31,"Male","Secondary","Divorced",2
13045,1965-12-31,"Female","Secondary","Married",1
13046,1976-12-31,"Male","University","Married",1
13047,1978-12-31,"Female","Technical","Single",2
13048,1972-12-31,"Female","Secondary","Married",4
13049,1978-12-31,"Male","Secondary","Married",1
13050,1980-12-31,"Female","Technical","Married",2
13051,1984-12-31,"Male","University","Widowed",0
13052,1976-12-31,"Female","Technical","Single",1
13053,1987-12-31,"Male","Technical","Single",1
13054,1983-12-31,"Male","Postgraduate","Divorced",1
13055,1979-12-31,"Female","Secondary","Married",0
13056,1958-12-31,"Male","Technical","Single",0
13057,2000-12-31,"Male","Secondary","Divorced",3
13058,1981-12-31,"Male","University","Married",2
13059,1999-12-31,"Female","Secondary","Single",0
13060,1979-12-31,"Male","Technical","Single",2
13061,1999-12-31,"Female","Secondary","Single",0
13062,1990-12-31,"Female","Secondary","Single",1
13063,1967-12-31,"Female","Technical","Married",2
13064,1990-12-31,"Female","University","Married",3
13065,1984-12-31,"Female","Technical","Single",1
13066,1984-12-31,"Male","University","Single",3
13067,1988-12-31,"Female","University","Single",2
13068,1996-12-31,"Male","Technical","Single",1
13069,1986-12-31,"Male","Secondary","Married",1
13070,1962-12-31,"Male","University","Single",2
13071,1997-12-31,"Female","Technical","Married",0
13072,1976-12-31,"Female","Other","Married",2
13073,1982-12-31,"Male","Secondary","Widowed",1
13074,1991-12-31,"Female","Secondary","Single",1
13075,1990-12-31,"Female","Technical","Married",3
13076,1981-12-31,"Male","Technical","Married",0
13077,1983-12-31,"Female","Technical","Divorced",1
13078,1995-12-31,"Male","Secondary","Divorced",2
13079,1982-12-31,"Female","Technical","Divorced",1
13080,2001-12-31,"Male","Technical","Single",0
13081,1980-12-31,"Male","University","Single",2
13082,1974-12-31,"Female","University","Single",0
13083,1980-12-31,"Female","Technical","Married",0
13084,1985-12-31,"Male","Technical","Single",0
13085,1987-12-31,"Male","University","Single",0
13086,1974-12-31,"Male","University","Married",1
13087,1974-12-31,"Female","Postgraduate","Single",0
13088,1985-12-31,"Male","Postgraduate","Married",0
13089,1994-12-31,"Male","Secondary","Single",0
13090,1966-12-31,"Male","Technical","Married",0
13091,1961-12-31,"Female","Technical","Single",1
13092,1974-12-31,"Male","Technical","Single",1
13093,1969-12-31,"Female","Technical","Widowed",2
13094,1972-12-31,"Male","Postgraduate","Single",0
13095,1964-12-31,"Female","University","Married",3
13096,1992-12-31,"Male","Technical","Single",2
13097,1989-12-31,"Male","University","Divorced",0
13098,1969-12-31,"Female","University","Single",2
13099,2000-12-31,"Male","Secondary","Married",0
13100,1993-12-31,"Male","University","Married",2
13101,1984-12-31,"Female","Technical","Divorced",4
13102,1994-12-31,"Female","Technical","Single",2
13103,1985-12-31,"Male","Technical","Married",4
13104,2006-12-31,"Female","Technical","Divorced",2
13105,1996-12-31,"Female","Technical","Single",0
13106,1974-12-31,"Male","University","Single",0
13107,1991-12-31,"Male","University","Married",0
13108,1973-12-31,"Female","Technical","Widowed",2
13109,1959-12-31,"Female","Secondary","Single",2
13110,1980-12-31,"Male","Technical","Married",3
13111,1976-12-31,"Male","Technical","Single",1
13112,1979-12-31,"Female","Secondary","Divorced",1
13113,1986-12-31,"Female","University","Married",2
13114,2004-12-31,"Female","University","Married",2
13115,1984-12-31,"Male","Secondary","Married",1
13116,1977-12-31,"Male","University","Married",2
13117,1984-12-31,"Male","Technical","Single",0
13118,1979-12-31,"Female","Technical","Married",2
13119,1984-12-31,"Male","Secondary","Single",2
13120,1990-12-31,"Female","Postgraduate","Married",4
13121,1981-12-31,"Male","Other","Single",1
13122,2007-12-31,"Female","University","Single",4
13123,1965-12-31,"Male","Postgraduate","Single",1
13124,1954-12-31,"Male","University","Single",0
13125,1978-12-31,"Male","Secondary","Married",0
13126,1982-12-31,"Male","Secondary","Divorced",2
13127,1992-12-31,"Female","Secondary","Single",3
13128,1977-12-31,"Male","Secondary","Single",1
13129,1976-12-31,"Female","Secondary","Married",2
13130,1974-12-31,"Female","Secondary","Divorced",2
13131,1975-12-31,"Female","Technical","Married",2
13132,1982-12-31,"Male","Technical","Married",1
13133,1984-12-31,"Female","Technical","Married",3
13134,2000-12-31,"Other","Secondary","Married",2
13135,1975-12-31,"Male","University","Single",3
13136,2001-12-31,"Male","Postgraduate","Single",1
13137,1980-12-31,"Male","Secondary","Single",1
13138,1980-12-31,"Male","Secondary","Married",0
13139,1968-12-31,"Female","Secondary","Married",0
13140,1986-12-31,"Male","Secondary","Single",0
13141,1983-12-31,"Female","University","Married",2
13142,1992-12-31,"Male","Postgraduate","Widowed",2
13143,2007-12-31,"Male","University","Married",0
13144,1963-12-31,"Male","Technical","Married",0
13145,1988-12-31,"Male","University","Widowed",1
13146,1994-12-31,"Male","Technical","Single",1
13147,1974-12-31,"Other","University","Married",2
13148,1988-12-31,"Male","University","Married",3
13149,1998-12-31,"Female","Technical","Single",2
13150,2007-12-31,"Male","University","Single",0
13151,1971-12-31,"Male","University","Married",2
13152,1992-12-31,"Female","University","Married",2
13153,1986-12-31,"Male","University","Single",0
13154,1995-12-31,"Male","Secondary","Married",0
13155,1989-12-31,"Female","Secondary","Married",0
13156,1977-12-31,"Male","University","Single",1
13157,1973-12-31,"Male","University","Divorced",2
13158,1969-12-31,"Female","Technical","Married",1
13159,1978-12-31,"Male","University","Divorced",2
13160,1979-12-31,"Female","Secondary","Married",1
13161,1986-12-31,"Male","Secondary","Divorced",0
13162,1977-12-31,"Male","Other","Married",0
13163,1960-12-31,"Female","Other","Married",0
13164,1980-12-31,"Male","Secondary","Single",0
13165,1984-12-31,"Male","Technical","Single",1
13166,1966-12-31,"Female","University","Married",0
13167,1966-12-31,"Female","Secondary","Married",1
13168,1969-12-31,"Female","Secondary","Widowed",4
13169,1990-12-31,"Male","Postgraduate","Divorced",3
13170,1973-12-31,"Male","Technical","Divorced",1
13171,1985-12-31,"Female","Technical","Single",3
13172,1991-12-31,"Female","University","Divorced",0
13173,1967-12-31,"Male","Secondary","Single",1
13174,1983-12-31,"Female","Secondary","Widowed",1
13175,1967-12-31,"Male","University","Divorced",0
13176,1969-12-31,"Male","University","Single",0
13177,1983-12-31,"Male","Secondary","Widowed",0
13178,1952-12-31,"Male","Secondary","Single",4
13179,1980-12-31,"Male","University","Single",2
13180,1992-12-31,"Female","Technical","Divorced",1
13181,1955-12-31,"Female","Secondary","Married",1
13182,1975-12-31,"Female","Secondary","Single",2
13183,1972-12-31,"Female","Secondary","Single",2
13184,1972-12-31,"Male","Secondary","Married",2
13185,1977-12-31,"Female","Secondary","Married",1
13186,1967-12-31,"Female","University","Married",1
13187,1993-12-31,"Male","University","Single",1
13188,1958-12-31,"Male","University","Single",1
13189,1980-12-31,"Male","Secondary","Married",5
13190,1990-12-31,"Female","Technical","Single",2
13191,1981-12-31,"Female","University","Married",0
13192,1980-12-31,"Female","University","Married",2
13193,1998-12-31,"Male","University","Married",1
13194,1980-12-31,"Male","University","Married",0
13195,1975-12-31,"Male","University","Married",3
13196,2006-12-31,"Male","Secondary","Single",1
13197,1982-12-31,"Male","Technical","Single",0
13198,1973-12-31,"Female","University","Widowed",0
13199,1981-12-31,"Male","Technical","Married",1
13200,1989-12-31,"Male","Postgraduate","Divorced",1
13201,1967-12-31,"Male","Secondary","Single",2
13202,1988-12-31,"Female","Secondary","Single",4
13203,1985-12-31,"Male","Technical","Married",1
13204,1978-12-31,"Female","Secondary","Married",0
13205,1981-12-31,"Female","Secondary","Married",2
13206,1973-12-31,"Female","Technical","Married",0
13207,2007-12-31,"Male","Secondary","Married",0
13208,1983-12-31,"Female","Technical","Married",1
13209,1992-12-31,"Female","University","Single",4
13210,1982-12-31,"Male","Technical","Single",3
13211,1976-12-31,"Female","Postgraduate","Married",1
13212,1991-12-31,"Male","Secondary","Single",0
13213,1960-12-31,"Male","Technical","Widowed",0
13214,1976-12-31,"Male","Technical","Married",1
13215,1992-12-31,"Male","Secondary","Single",0
13216,1978-12-31,"Male","Technical","Single",0
13217,1967-12-31,"Female","Secondary","Divorced",1
13218,1999-12-31,"Male","Technical","Single",1
13219,1978-12-31,"Female","University","Single",2
13220,1985-12-31,"Male","University","Divorced",2
13221,1975-12-31,"Male","University","Married",1
13222,1974-12-31,"Female","Technical","Married",3
13223,1979-12-31,"Male","Technical","Divorced",4
13224,1997-12-31,"Male","Secondary","Married",2
13225,1988-12-31,"Male","Secondary","Married",4
13226,1964-12-31,"Female","University","Single",5
13227,1968-12-31,"Male","Technical","Single",1
13228,1991-12-31,"Male","Secondary","Single",2
13229,2006-12-31,"Male","University","Single",1
13230,1976-12-31,"Female","University","Married",2
13231,1982-12-31,"Female","Other","Married",0
13232,1998-12-31,"Female","Technical","Married",2
13233,1983-12-31,"Male","Secondary","Single",3
13234,2002-12-31,"Male","Technical","Divorced",2
13235,1976-12-31,"Female","Secondary","Single",0
13236,1991-12-31,"Male","University","Single",1
13237,1988-12-31,"Female","Secondary","Divorced",1
13238,1991-12-31,"Female","Secondary","Married",2
13239,1984-12-31,"Female","University","Single",1
13240,1965-12-31,"Male","Technical","Widowed",2
13241,1989-12-31,"Female","Technical","Single",1
13242,1969-12-31,"Male","Secondary","Single",2
13243,1976-12-31,"Male","Secondary","Single",2
13244,1997-12-31,"Male","Secondary","Single",1
13245,1988-12-31,"Male","Technical","Single",2
13246,1956-12-31,"Female","Postgraduate","Married",4
13247,1977-12-31,"Male","Technical","Single",0
13248,1985-12-31,"Female","University","Married",5
13249,1977-12-31,"Female","University","Single",0
13250,1986-12-31,"Male","University","Single",0
13251,1982-12-31,"Male","Technical","Married",1
13252,1986-12-31,"Female","Secondary","Married",3
13253,1972-12-31,"Other","Secondary","Single",1
13254,1968-12-31,"Female","Secondary","Single",2
13255,1976-12-31,"Female","Technical","Married",2
13256,2000-12-31,"Female","University","Single",2
13257,2001-12-31,"Female","University","Single",0
13258,2004-12-31,"Female","Secondary","Married",1
13259,1989-12-31,"Female","Secondary","Married",1
13260,1989-12-31,"Male","Technical","Single",0
13261,1985-12-31,"Female","Secondary","Married",1
13262,1973-12-31,"Female","Postgraduate","Married",0
13263,1973-12-31,"Male","University","Married",2
13264,1983-12-31,"Male","University","Divorced",2
13265,1967-12-31,"Female","Secondary","Single",3
13266,1989-12-31,"Female","Secondary","Single",0
13267,1978-12-31,"Male","University","Married",0
13268,1992-12-31,"Male","Technical","Married",1
13269,1985-12-31,"Male","University","Single",2
13270,1999-12-31,"Male","Secondary","Married",0
13271,1978-12-31,"Female","Postgraduate","Married",0
13272,1970-12-31,"Female","University","Divorced",0
13273,1954-12-31,"Male","Secondary","Married",2
13274,1976-12-31,"Male","Secondary","Single",2
13275,1986-12-31,"Female","Technical","Married",2
13276,1985-12-31,"Female","Secondary","Single",0
13277,1972-12-31,"Male","University","Single",4
13278,1993-12-31,"Female","Secondary","Single",1
13279,1953-12-31,"Female","University","Married",1
13280,1972-12-31,"Male","Secondary","Widowed",0
13281,2000-12-31,"Female","Technical","Married",2
13282,2000-12-31,"Female","University","Married",1
13283,1977-12-31,"Female","Secondary","Single",1
13284,1975-12-31,"Female","Secondary","Single",2
13285,1965-12-31,"Female","Secondary","Single",1
13286,1984-12-31,"Other","Secondary","Widowed",3
13287,1974-12-31,"Male","Secondary","Single",2
13288,1985-12-31,"Female","University","Single",1
13289,1975-12-31,"Male","Technical","Married",1
13290,1969-12-31,"Male","Technical","Divorced",0
13291,2002-12-31,"Male","Secondary","Single",0
13292,1992-12-31,"Male","Technical","Single",0
13293,1962-12-31,"Female","Technical","Married",0
13294,1986-12-31,"Female","University","Married",1
13295,1966-12-31,"Female","University","Married",0
13296,1993-12-31,"Male","Postgraduate","Married",2
13297,1989-12-31,"Female","University","Married",3
13298,1988-12-31,"Female","Secondary","Married",0
13299,1970-12-31,"Female","University","Single",2
13300,2005-12-31,"Female","University","Married",1
13301,1984-12-31,"Male","Postgraduate","Single",4
13302,2000-12-31,"Male","Other","Single",0
13303,1951-12-31,"Male","University","Single",2
13304,1978-12-31,"Female","University","Single",2
13305,1985-12-31,"Female","Secondary","Divorced",2
13306,1976-12-31,"Female","Other","Single",1
13307,1993-12-31,"Male","Secondary","Married",3
13308,1950-12-31,"Male","Secondary","Married",1
13309,1970-12-31,"Female","University","Married",2
13310,1959-12-31,"Male","Secondary","Single",1
13311,1974-12-31,"Female","Technical","Single",4
13312,2007-12-31,"Male","Secondary","Single",1
13313,1998-12-31,"Male","Technical","Married",1
13314,1972-12-31,"Female","Technical","Single",1
13315,1988-12-31,"Male","Technical","Single",3
13316,1987-12-31,"Female","University","Single",0
13317,1991-12-31,"Female","Technical","Married",0
13318,1996-12-31,"Male","Secondary","Married",2
13319,1971-12-31,"Male","Postgraduate","Divorced",0
13320,2001-12-31,"Male","Technical","Divorced",2
13321,1964-12-31,"Female","Secondary","Married",1
13322,1979-12-31,"Female","Secondary","Married",2
13323,1987-12-31,"Male","Secondary","Single",2
13324,1993-12-31,"Female","Secondary","Married",3
13325,1990-12-31,"Male","University","Single",2
13326,1979-12-31,"Female","Secondary","Married",2
13327,1974-12-31,"Male","Technical","Married",1
13328,1976-12-31,"Male","Technical","Married",1
13329,1986-12-31,"Other","Technical","Single",2
13330,1998-12-31,"Female","Technical","Married",1
13331,1976-12-31,"Male","Technical","Married",2
13332,1990-12-31,"Male","Other","Divorced",2
13333,2001-12-31,"Female","Secondary","Single",3
13334,1993-12-31,"Female","Secondary","Married",2
13335,1978-12-31,"Male","Technical","Married",2
13336,1975-12-31,"Male","University","Married",0
13337,1977-12-31,"Male","Technical","Divorced",1
13338,1975-12-31,"Male","University","Divorced",2
13339,1978-12-31,"Female","University","Single",0
13340,1976-12-31,"Female","Technical","Widowed",2
13341,1978-12-31,"Male","Secondary","Widowed",0
13342,1952-12-31,"Male","Postgraduate","Single",0
13343,1965-12-31,"Male","University","Married",0
13344,2001-12-31,"Female","University","Married",1
13345,2000-12-31,"Female","Postgraduate","Single",0
13346,1968-12-31,"Female","Secondary","Married",2
13347,1984-12-31,"Female","University","Widowed",0
13348,1997-12-31,"Male","Postgraduate","Single",1
13349,1984-12-31,"Male","University","Single",2
13350,1985-12-31,"Female","University","Married",4
13351,1979-12-31,"Female","Secondary","Divorced",2
13352,1986-12-31,"Male","Secondary","Single",2
13353,1985-12-31,"Male","Secondary","Married",2
13354,1994-12-31,"Male","Other","Married",0
13355,1998-12-31,"Female","Technical","Single",1
13356,1992-12-31,"Female","Technical","Divorced",0
13357,1966-12-31,"Female","Technical","Married",1
13358,1978-12-31,"Male","Secondary","Single",2
13359,1990-12-31,"Female","Secondary","Divorced",1
13360,1972-12-31,"Female","Secondary","Married",1
13361,1981-12-31,"Male","Technical","Married",0
13362,1986-12-31,"Male","Secondary","Single",1
13363,1993-12-31,"Male","Secondary","Married",2
13364,1997-12-31,"Male","Postgraduate","Married",0
13365,1972-12-31,"Female","Technical","Married",1
13366,2007-12-31,"Male","Secondary","Married",0
13367,1994-12-31,"Male","Secondary","Divorced",1
13368,1990-12-31,"Male","Technical","Single",1
13369,1987-12-31,"Male","Postgraduate","Single",2
13370,1969-12-31,"Male","Secondary","Married",1
13371,1989-12-31,"Male","University","Single",2
13372,1985-12-31,"Male","University","Married",1
13373,1994-12-31,"Male","Other","Married",2
13374,1994-12-31,"Male","Technical","Single",1
13375,1976-12-31,"Male","Secondary","Single",1
13376,1986-12-31,"Male","Secondary","Married",0
13377,1985-12-31,"Female","University","Married",1
13378,1970-12-31,"Female","Secondary","Widowed",4
13379,1995-12-31,"Male","Secondary","Single",1
13380,1955-12-31,"Female","Secondary","Single",3
13381,1967-12-31,"Male","Secondary","Single",0
13382,1982-12-31,"Female","Postgraduate","Married",0
13383,1979-12-31,"Female","University","Divorced",1
13384,1973-12-31,"Female","Secondary","Widowed",1
13385,1970-12-31,"Male","Technical","Married",2
13386,1987-12-31,"Female","University","Divorced",4
13387,1983-12-31,"Female","University","Single",1
13388,1997-12-31,"Male","Postgraduate","Divorced",2
13389,1960-12-31,"Male","Technical","Single",2
13390,1966-12-31,"Female","University","Married",0
13391,1992-12-31,"Female","University","Married",1
13392,2007-12-31,"Male","Secondary","Married",1
13393,2000-12-31,"Female","Secondary","Married",0
13394,1967-12-31,"Male","Technical","Single",1
13395,1981-12-31,"Female","Technical","Widowed",4
13396,1986-12-31,"Male","Technical","Divorced",1
13397,2001-12-31,"Male","Secondary","Married",1
13398,1963-12-31,"Female","University","Married",1
13399,1982-12-31,"Female","University","Divorced",2
13400,1991-12-31,"Male","Postgraduate","Married",2
13401,1995-12-31,"Female","Postgraduate","Divorced",0
13402,1974-12-31,"Female","Technical","Married",0
13403,1977-12-31,"Male","University","Single",0
13404,1978-12-31,"Male","Technical","Single",0
13405,1962-12-31,"Male","Secondary","Single",0
13406,1972-12-31,"Female","Secondary","Married",1
13407,1995-12-31,"Male","Secondary","Married",1
13408,1978-12-31,"Male","Secondary","Divorced",4
13409,1977-12-31,"Male","Technical","Married",1
13410,1983-12-31,"Male","Technical","Divorced",0
13411,1993-12-31,"Female","University","Single",0
13412,1979-12-31,"Female","University","Divorced",1
13413,1974-12-31,"Female","Technical","Single",2
13414,1986-12-31,"Male","Secondary","Divorced",2
13415,2002-12-31,"Male","Secondary","Widowed",0
13416,1984-12-31,"Male","Technical","Single",0
13417,1977-12-31,"Female","Technical","Divorced",1
13418,1990-12-31,"Male","Technical","Married",1
13419,1982-12-31,"Male","University","Married",1
13420,1970-12-31,"Female","Other","Divorced",0
13421,1977-12-31,"Male","Secondary","Single",1
13422,2001-12-31,"Male","Secondary","Single",2
13423,1985-12-31,"Male","Technical","Married",0
13424,1976-12-31,"Male","University","Married",3
13425,1981-12-31,"Female","Other","Widowed",2
13426,1993-12-31,"Female","Secondary","Single",1
13427,1980-12-31,"Female","University","Single",1
13428,1986-12-31,"Male","University","Widowed",3
13429,1973-12-31,"Male","Secondary","Married",0
13430,1975-12-31,"Female","University","Married",2
13431,1983-12-31,"Female","Postgraduate","Widowed",0
13432,1983-12-31,"Male","Technical","Married",1
13433,1978-12-31,"Male","Technical","Married",0
13434,1985-12-31,"Male","Postgraduate","Single",2
13435,1959-12-31,"Female","Secondary","Single",1
13436,1982-12-31,"Female","Technical","Married",1
13437,1971-12-31,"Female","Technical","Married",1
13438,1975-12-31,"Female","University","Married",2
13439,1982-12-31,"Female","Technical","Single",1
13440,1978-12-31,"Female","University","Married",1
13441,1991-12-31,"Male","Postgraduate","Widowed",0
13442,1985-12-31,"Female","University","Single",2
13443,1974-12-31,"Male","Technical","Single",1
13444,1989-12-31,"Male","Secondary","Single",3
13445,1989-12-31,"Male","Technical","Single",3
13446,1983-12-31,"Female","Secondary","Married",3
13447,1994-12-31,"Male","Technical","Married",1
13448,1985-12-31,"Male","University","Divorced",3
13449,1996-12-31,"Female","University","Single",1
13450,1983-12-31,"Male","Technical","Single",2
13451,1978-12-31,"Female","Secondary","Single",1
13452,1965-12-31,"Female","University","Divorced",3
13453,2002-12-31,"Male","University","Married",0
13454,1975-12-31,"Female","Postgraduate","Widowed",2
13455,2001-12-31,"Female","Postgraduate","Single",2
13456,1969-12-31,"Male","Secondary","Divorced",2
13457,1959-12-31,"Male","Secondary","Divorced",2
13458,1973-12-31,"Female","Technical","Divorced",1
13459,1982-12-31,"Male","Technical","Single",2
13460,1984-12-31,"Female","University","Married",1
13461,1996-12-31,"Male","Technical","Single",1
13462,1996-12-31,"Male","Technical","Married",0
13463,1959-12-31,"Female","Technical","Single",2
13464,1987-12-31,"Female","University","Single",1
13465,1989-12-31,"Female","Technical","Married",0
13466,1978-12-31,"Male","University","Single",0
13467,1991-12-31,"Female","University","Married",0
13468,1987-12-31,"Male","University","Divorced",2
13469,1999-12-31,"Male","Secondary","Married",2
13470,1962-12-31,"Female","University","Single",1
13471,1990-12-31,"Male","Technical","Single",0
13472,1991-12-31,"Female","University","Single",2
13473,1986-12-31,"Female","University","Single",0
13474,1968-12-31,"Male","Postgraduate","Married",0
13475,1997-12-31,"Female","Postgraduate","Single",1
13476,1986-12-31,"Female","Technical","Single",0
13477,1983-12-31,"Male","Secondary","Single",2
13478,1975-12-31,"Other","Technical","Single",1
13479,1977-12-31,"Male","University","Single",0
13480,1973-12-31,"Female","Secondary","Married",1
13481,1977-12-31,"Female","Other","Married",3
13482,1989-12-31,"Male","Secondary","Single",5
13483,1997-12-31,"Female","University","Married",3
13484,1992-12-31,"Female","Secondary","Single",0
13485,1986-12-31,"Male","University","Single",0
13486,1979-12-31,"Other","Technical","Married",1
13487,1997-12-31,"Female","Secondary","Married",1
13488,1968-12-31,"Female","Secondary","Single",2
13489,1986-12-31,"Female","Postgraduate","Divorced",1
13490,1968-12-31,"Female","Technical","Single",1
13491,1972-12-31,"Male","Technical","Divorced",2
13492,1979-12-31,"Female","Technical","Single",2
13493,1977-12-31,"Male","Technical","Married",0
13494,1954-12-31,"Female","Technical","Single",0
13495,1993-12-31,"Male","Secondary","Married",0
13496,1992-12-31,"Female","Other","Married",1
13497,2002-12-31,"Female","Technical","Married",0
13498,1972-12-31,"Female","Secondary","Married",0
13499,1973-12-31,"Female","Secondary","Single",1
13500,1990-12-31,"Male","Technical","Divorced",1
13501,1998-12-31,"Male","Technical","Single",3
13502,1970-12-31,"Female","Secondary","Married",2
13503,1963-12-31,"Female","University","Single",1
13504,1973-12-31,"Male","Secondary","Single",1
13505,1997-12-31,"Male","University","Single",1
13506,1972-12-31,"Female","Technical","Single",1
13507,2004-12-31,"Male","Technical","Single",0
13508,1970-12-31,"Female","Secondary","Married",1
13509,1977-12-31,"Female","University","Single",1
13510,1979-12-31,"Female","University","Single",3
13511,1993-12-31,"Female","University","Married",1
13512,2006-12-31,"Male","Secondary","Married",1
13513,1998-12-31,"Female","Secondary","Married",1
13514,1987-12-31,"Female","Technical","Single",1
13515,1977-12-31,"Male","University","Married",1
13516,2000-12-31,"Male","University","Married",3
13517,1968-12-31,"Male","Technical","Married",4
13518,1971-12-31,"Female","University","Single",5
13519,1950-12-31,"Male","Secondary","Single",1
13520,1996-12-31,"Male","University","Divorced",0
13521,1979-12-31,"Male","University","Widowed",2
13522,2004-12-31,"Male","Technical","Widowed",2
13523,1981-12-31,"Female","Secondary","Married",1
13524,1958-12-31,"Male","University","Single",0
13525,1983-12-31,"Female","Technical","Married",1
13526,1977-12-31,"Female","University","Single",1
13527,1979-12-31,"Female","Secondary","Married",2
13528,1997-12-31,"Male","Technical","Divorced",3
13529,2007-12-31,"Female","Secondary","Divorced",1
13530,1977-12-31,"Male","University","Divorced",4
13531,1981-12-31,"Female","Technical","Single",1
13532,1977-12-31,"Male","Secondary","Single",3
13533,1959-12-31,"Female","University","Married",0
13534,1987-12-31,"Male","Secondary","Single",1
13535,2001-12-31,"Female","Secondary","Single",0
13536,1981-12-31,"Female","Postgraduate","Single",4
13537,1974-12-31,"Female","Technical","Single",1
13538,1969-12-31,"Female","Postgraduate","Single",1
13539,1988-12-31,"Male","Postgraduate","Single",3
13540,1986-12-31,"Male","Technical","Divorced",0
13541,1978-12-31,"Male","University","Single",2
13542,1984-12-31,"Female","University","Single",0
13543,1972-12-31,"Male","Postgraduate","Married",0
13544,2005-12-31,"Female","Technical","Married",2
13545,1963-12-31,"Male","Technical","Single",3
13546,1977-12-31,"Female","Secondary","Married",4
13547,1985-12-31,"Female","Technical","Married",1
13548,1981-12-31,"Male","University","Married",3
13549,1985-12-31,"Female","Postgraduate","Single",2
13550,2005-12-31,"Male","Secondary","Married",1
13551,1976-12-31,"Female","University","Single",2
13552,1959-12-31,"Male","Technical","Married",0
13553,1985-12-31,"Female","Secondary","Single",0
13554,1975-12-31,"Male","Secondary","Married",1
13555,1980-12-31,"Female","Technical","Single",0
13556,1972-12-31,"Male","University","Single",2
13557,1969-12-31,"Male","Technical","Married",1
13558,1961-12-31,"Female","Secondary","Single",1
13559,2001-12-31,"Male","Postgraduate","Single",0
13560,1994-12-31,"Female","Secondary","Single",2
13561,2007-12-31,"Female","University","Married",5
13562,2005-12-31,"Female","Secondary","Single",2
13563,1990-12-31,"Female","University","Divorced",0
13564,1968-12-31,"Female","University","Divorced",0
13565,1994-12-31,"Female","Secondary","Single",0
13566,1998-12-31,"Female","Technical","Married",0
13567,1977-12-31,"Male","University","Single",2
13568,1976-12-31,"Male","University","Divorced",1
13569,1994-12-31,"Male","Technical","Single",1
13570,1972-12-31,"Female","Secondary","Married",0
13571,1986-12-31,"Other","Secondary","Married",0
13572,1961-12-31,"Female","Secondary","Single",0
13573,1993-12-31,"Female","Secondary","Married",3
13574,1980-12-31,"Female","Other","Married",2
13575,1997-12-31,"Female","Other","Married",1
13576,1991-12-31,"Male","Secondary","Married",2
13577,1996-12-31,"Female","University","Married",1
13578,1995-12-31,"Male","Secondary","Married",1
13579,1970-12-31,"Male","University","Single",0
13580,1980-12-31,"Female","Technical","Divorced",0
13581,1977-12-31,"Female","University","Single",0
13582,1995-12-31,"Female","University","Married",3
13583,1965-12-31,"Male","Technical","Married",3
13584,1977-12-31,"Female","Secondary","Single",1
13585,1989-12-31,"Female","Postgraduate","Married",2
13586,1970-12-31,"Male","University","Widowed",2
13587,1999-12-31,"Male","Technical","Widowed",2
13588,1967-12-31,"Male","Secondary","Single",0
13589,1985-12-31,"Male","Technical","Widowed",2
13590,1972-12-31,"Female","Secondary","Married",2
13591,1987-12-31,"Male","University","Single",0
13592,1998-12-31,"Male","Technical","Single",0
13593,1968-12-31,"Female","Technical","Single",0
13594,2005-12-31,"Female","Secondary","Single",0
13595,1976-12-31,"Female","Postgraduate","Married",0
13596,1968-12-31,"Female","Technical","Married",2
13597,2007-12-31,"Male","Secondary","Married",2
13598,1962-12-31,"Female","Secondary","Single",5
13599,1969-12-31,"Male","University","Single",2
13600,1986-12-31,"Female","Technical","Single",2
13601,1979-12-31,"Male","University","Single",1
13602,1972-12-31,"Other","Secondary","Single",1
13603,1990-12-31,"Female","Secondary","Single",2
13604,1989-12-31,"Female","University","Married",1
13605,1962-12-31,"Male","Postgraduate","Married",0
13606,1973-12-31,"Male","Postgraduate","Married",4
13607,1981-12-31,"Male","University","Married",0
13608,1963-12-31,"Male","University","Married",1
13609,1970-12-31,"Male","University","Married",0
13610,1977-12-31,"Female","Secondary","Married",1
13611,1991-12-31,"Male","University","Married",2
13612,1974-12-31,"Male","University","Single",0
13613,1978-12-31,"Male","Secondary","Married",0
13614,2002-12-31,"Female","Secondary","Single",1
13615,1993-12-31,"Male","Technical","Single",0
13616,1980-12-31,"Female","Other","Single",4
13617,2004-12-31,"Female","Secondary","Married",0
13618,1978-12-31,"Female","University","Married",2
13619,1984-12-31,"Male","Postgraduate","Married",2
13620,1998-12-31,"Male","Secondary","Married",1
13621,1988-12-31,"Male","University","Single",3
13622,1999-12-31,"Female","Secondary","Single",2
13623,2000-12-31,"Male","Secondary","Married",1
13624,1986-12-31,"Male","Technical","Widowed",3
13625,1985-12-31,"Male","Secondary","Married",1
13626,1953-12-31,"Male","Technical","Married",0
13627,1976-12-31,"Male","University","Married",3
13628,1993-12-31,"Female","Technical","Widowed",0
13629,1986-12-31,"Male","University","Single",3
13630,1997-12-31,"Male","Technical","Divorced",0
13631,1986-12-31,"Female","University","Single",1
13632,1970-12-31,"Female","Postgraduate","Married",1
13633,2004-12-31,"Male","Technical","Divorced",1
13634,1979-12-31,"Male","Secondary","Single",2
13635,1989-12-31,"Female","Technical","Divorced",4
13636,1984-12-31,"Female","Secondary","Single",3
13637,1983-12-31,"Female","Postgraduate","Single",1
13638,1975-12-31,"Male","Technical","Single",1
13639,1977-12-31,"Female","Secondary","Married",1
13640,1997-12-31,"Female","Secondary","Married",1
13641,1993-12-31,"Male","University","Single",1
13642,1989-12-31,"Male","Secondary","Married",3
13643,1958-12-31,"Male","Secondary","Single",2
13644,1964-12-31,"Female","Technical","Married",1
13645,1999-12-31,"Male","Secondary","Married",2
13646,1988-12-31,"Female","Technical","Married",0
13647,1989-12-31,"Male","Technical","Married",2
13648,1966-12-31,"Male","Secondary","Single",1
13649,1974-12-31,"Male","University","Single",1
13650,1977-12-31,"Female","Secondary","Married",2
13651,1983-12-31,"Male","Other","Single",2
13652,1962-12-31,"Male","University","Married",4
13653,1992-12-31,"Male","Postgraduate","Single",1
13654,1977-12-31,"Female","University","Single",3
13655,1984-12-31,"Female","University","Single",2
13656,1991-12-31,"Male","University","Married",1
13657,1985-12-31,"Female","Secondary","Single",3
13658,1983-12-31,"Male","Secondary","Married",0
13659,1962-12-31,"Female","Technical","Married",2
13660,1987-12-31,"Female","Secondary","Single",5
13661,1996-12-31,"Female","Secondary","Married",0
13662,2000-12-31,"Female","University","Married",0
13663,1986-12-31,"Male","Technical","Divorced",2
13664,2000-12-31,"Other","Secondary","Married",2
13665,1997-12-31,"Female","University","Single",4
13666,1973-12-31,"Female","University","Married",0
13667,1960-12-31,"Male","Other","Single",0
13668,1985-12-31,"Female","Postgraduate","Single",2
13669,1978-12-31,"Female","University","Married",1
13670,1976-12-31,"Female","Secondary","Single",3
13671,1973-12-31,"Male","University","Single",3
13672,1977-12-31,"Female","University","Married",1
13673,1980-12-31,"Male","Secondary","Divorced",0
13674,1977-12-31,"Female","Secondary","Married",0
13675,1984-12-31,"Female","Secondary","Married",1
13676,1970-12-31,"Male","Secondary","Married",3
13677,1970-12-31,"Female","Secondary","Single",1
13678,1986-12-31,"Female","Secondary","Married",3
13679,1961-12-31,"Female","Postgraduate","Single",2
13680,1978-12-31,"Male","Other","Married",1
13681,1993-12-31,"Male","Secondary","Married",3
13682,1974-12-31,"Male","University","Married",1
13683,1966-12-31,"Female","Secondary","Married",2
13684,1995-12-31,"Female","Secondary","Divorced",3
13685,1977-12-31,"Female","Secondary","Married",2
13686,1971-12-31,"Male","Secondary","Single",1
13687,1964-12-31,"Male","Technical","Married",1
13688,1982-12-31,"Female","Secondary","Single",2
13689,1969-12-31,"Female","University","Single",2
13690,1985-12-31,"Female","Secondary","Married",0
13691,1966-12-31,"Male","Technical","Widowed",3
13692,1999-12-31,"Female","Secondary","Single",0
13693,1995-12-31,"Female","University","Married",3
13694,1968-12-31,"Female","Secondary","Single",1
13695,1976-12-31,"Female","Secondary","Married",1
13696,1980-12-31,"Male","Technical","Married",0
13697,2007-12-31,"Female","Secondary","Married",1
13698,1973-12-31,"Male","University","Married",1
13699,1979-12-31,"Female","Technical","Married",1
13700,1986-12-31,"Female","Secondary","Married",2
13701,1990-12-31,"Male","Technical","Single",2
13702,1980-12-31,"Male","Postgraduate","Married",2
13703,1977-12-31,"Female","Secondary","Single",2
13704,1959-12-31,"Male","Technical","Single",0
13705,1980-12-31,"Female","Secondary","Married",1
13706,1984-12-31,"Male","University","Single",3
13707,1982-12-31,"Female","Secondary","Married",1
13708,1971-12-31,"Male","Technical","Single",3
13709,1985-12-31,"Female","Technical","Single",2
13710,2000-12-31,"Female","Secondary","Married",0
13711,1975-12-31,"Female","University","Single",1
13712,1985-12-31,"Female","University","Married",4
13713,1975-12-31,"Female","University","Married",1
13714,1983-12-31,"Female","Secondary","Married",1
13715,1974-12-31,"Female","University","Married",1
13716,1999-12-31,"Male","Secondary","Married",0
13717,1968-12-31,"Female","University","Married",0
13718,1990-12-31,"Male","Secondary","Married",2
13719,1984-12-31,"Female","Secondary","Married",0
13720,1975-12-31,"Female","Secondary","Single",0
13721,1983-12-31,"Male","Technical","Divorced",0
13722,1990-12-31,"Female","Technical","Married",4
13723,1986-12-31,"Female","University","Married",2
13724,2003-12-31,"Female","Secondary","Married",1
13725,1969-12-31,"Male","University","Married",0
13726,1980-12-31,"Male","University","Widowed",2
13727,1992-12-31,"Male","Secondary","Married",2
13728,1992-12-31,"Male","University","Married",1
13729,1980-12-31,"Male","Technical","Married",4
13730,2007-12-31,"Male","University","Married",0
13731,1991-12-31,"Female","Technical","Married",1
13732,1985-12-31,"Male","Secondary","Single",0
13733,1961-12-31,"Female","Secondary","Single",1
13734,1991-12-31,"Female","Other","Single",0
13735,1969-12-31,"Male","University","Single",2
13736,1973-12-31,"Female","Technical","Married",1
13737,1979-12-31,"Female","Technical","Married",1
13738,1974-12-31,"Male","Technical","Married",2
13739,1963-12-31,"Male","Secondary","Divorced",0
13740,1995-12-31,"Male","University","Married",1
13741,2003-12-31,"Male","University","Married",0
13742,1963-12-31,"Female","University","Married",1
13743,1975-12-31,"Male","Secondary","Married",1
13744,1986-12-31,"Female","University","Single",0
13745,1983-12-31,"Male","Secondary","Married",0
13746,1971-12-31,"Male","Secondary","Widowed",1
13747,1988-12-31,"Female","Technical","Single",0
13748,1993-12-31,"Male","Technical","Married",0
13749,1986-12-31,"Female","University","Single",1
13750,1954-12-31,"Male","Other","Married",2
13751,1990-12-31,"Male","Secondary","Widowed",3
13752,1985-12-31,"Male","Secondary","Single",2
13753,1971-12-31,"Male","Secondary","Divorced",2
13754,2007-12-31,"Female","Technical","Married",2
13755,1992-12-31,"Female","Technical","Married",2
13756,1976-12-31,"Male","Postgraduate","Married",1
13757,1992-12-31,"Female","Technical","Divorced",2
13758,1984-12-31,"Male","Secondary","Single",0
13759,2003-12-31,"Female","Technical","Single",3
13760,1969-12-31,"Male","Secondary","Married",1
13761,1995-12-31,"Male","Technical","Single",1
13762,1962-12-31,"Male","Secondary","Widowed",2
13763,1982-12-31,"Female","Technical","Married",2
13764,1982-12-31,"Male","Secondary","Divorced",3
13765,1983-12-31,"Male","University","Divorced",4
13766,1983-12-31,"Female","University","Married",1
13767,1995-12-31,"Female","Technical","Single",4
13768,1986-12-31,"Female","University","Married",0
13769,1985-12-31,"Female","Secondary","Single",1
13770,1991-12-31,"Male","Secondary","Divorced",2
13771,1993-12-31,"Male","Technical","Married",1
13772,1987-12-31,"Female","Technical","Married",5
13773,1974-12-31,"Male","Secondary","Single",2
13774,1988-12-31,"Male","Secondary","Single",1
13775,1964-12-31,"Male","Other","Divorced",5
13776,1976-12-31,"Female","Secondary","Married",3
13777,1975-12-31,"Female","Secondary","Married",0
13778,1977-12-31,"Male","Technical","Married",2
13779,1969-12-31,"Female","University","Single",2
13780,1985-12-31,"Male","University","Single",1
13781,1990-12-31,"Male","Technical","Married",3
13782,1983-12-31,"Female","Technical","Divorced",2
13783,1971-12-31,"Female","Other","Divorced",2
13784,1981-12-31,"Female","Secondary","Married",0
13785,1984-12-31,"Female","Technical","Married",2
13786,2007-12-31,"Female","Secondary","Single",1
13787,1984-12-31,"Female","Postgraduate","Married",1
13788,1982-12-31,"Female","Secondary","Married",2
13789,1995-12-31,"Female","Secondary","Widowed",2
13790,1990-12-31,"Male","University","Married",2
13791,1972-12-31,"Male","Secondary","Married",1
13792,1989-12-31,"Female","Technical","Single",1
13793,1972-12-31,"Female","University","Divorced",1
13794,1985-12-31,"Male","University","Married",1
13795,1995-12-31,"Female","University","Single",0
13796,1980-12-31,"Male","Technical","Married",3
13797,1972-12-31,"Female","Secondary","Single",0
13798,1962-12-31,"Male","Secondary","Married",2
13799,1980-12-31,"Male","University","Married",1
13800,1979-12-31,"Female","University","Married",1
13801,1975-12-31,"Male","University","Married",1
13802,1983-12-31,"Female","Secondary","Single",4
13803,1978-12-31,"Male","Secondary","Single",0
13804,1978-12-31,"Female","University","Single",3
13805,2004-12-31,"Male","Secondary","Single",2
13806,1976-12-31,"Male","Secondary","Single",1
13807,1966-12-31,"Male","Technical","Single",3
13808,1982-12-31,"Male","University","Married",1
13809,1977-12-31,"Male","Secondary","Single",1
13810,1998-12-31,"Male","University","Single",1
13811,1984-12-31,"Female","University","Divorced",1
13812,1981-12-31,"Male","Secondary","Married",0
13813,1990-12-31,"Female","University","Married",1
13814,1972-12-31,"Other","University","Single",1
13815,1994-12-31,"Female","Secondary","Single",0
13816,1979-12-31,"Female","University","Married",2
13817,1967-12-31,"Female","Secondary","Married",1
13818,1962-12-31,"Male","Postgraduate","Married",3
13819,1983-12-31,"Female","Secondary","Single",2
13820,1991-12-31,"Male","University","Single",1
13821,1979-12-31,"Male","University","Divorced",2
13822,1964-12-31,"Male","Postgraduate","Divorced",2
13823,1967-12-31,"Male","University","Married",2
13824,1992-12-31,"Male","Secondary","Divorced",0
13825,1991-12-31,"Male","Technical","Married",2
13826,1999-12-31,"Female","University","Widowed",2
13827,1990-12-31,"Female","University","Single",2
13828,1979-12-31,"Female","University","Married",1
13829,1979-12-31,"Female","University","Single",0
13830,1976-12-31,"Female","University","Single",0
13831,2007-12-31,"Male","Postgraduate","Single",1
13832,1988-12-31,"Female","Other","Divorced",3
13833,1970-12-31,"Female","University","Married",2
13834,1979-12-31,"Male","University","Married",1
13835,1973-12-31,"Male","Technical","Single",1
13836,1990-12-31,"Female","Postgraduate","Married",2
13837,1989-12-31,"Male","University","Single",2
13838,1988-12-31,"Female","Secondary","Married",0
13839,1971-12-31,"Female","Technical","Divorced",2
13840,1971-12-31,"Female","Technical","Married",2
13841,1961-12-31,"Male","Secondary","Single",0
13842,1977-12-31,"Male","Technical","Single",1
13843,1975-12-31,"Male","Secondary","Married",5
13844,1999-12-31,"Female","Postgraduate","Single",1
13845,1983-12-31,"Female","Secondary","Single",1
13846,1966-12-31,"Male","Secondary","Married",2
13847,2007-12-31,"Male","Technical","Married",1
13848,1965-12-31,"Female","Technical","Single",2
13849,1987-12-31,"Female","University","Single",0
13850,1986-12-31,"Male","University","Married",1
13851,1975-12-31,"Female","Secondary","Married",1
13852,1981-12-31,"Female","University","Single",0
13853,1995-12-31,"Male","University","Single",1
13854,1995-12-31,"Female","Secondary","Single",2
13855,1996-12-31,"Female","Technical","Married",4
13856,1967-12-31,"Female","Secondary","Single",2
13857,1977-12-31,"Female","Secondary","Single",3
13858,1983-12-31,"Female","University","Divorced",0
13859,1988-12-31,"Female","Technical","Divorced",2
13860,1968-12-31,"Female","University","Married",2
13861,1998-12-31,"Female","Secondary","Divorced",0
13862,1998-12-31,"Female","Secondary","Single",2
13863,1986-12-31,"Male","Other","Single",2
13864,1981-12-31,"Male","Technical","Married",1
13865,1980-12-31,"Male","University","Married",1
13866,1984-12-31,"Male","University","Single",0
13867,2001-12-31,"Male","Postgraduate","Single",0
13868,1993-12-31,"Male","Secondary","Married",2
13869,1984-12-31,"Male","Technical","Married",2
13870,1969-12-31,"Male","Secondary","Divorced",1
13871,1977-12-31,"Female","Technical","Single",3
13872,1979-12-31,"Male","Technical","Single",3
13873,1987-12-31,"Female","Postgraduate","Divorced",1
13874,1981-12-31,"Female","Secondary","Single",0
13875,1990-12-31,"Female","Postgraduate","Married",0
13876,1990-12-31,"Male","Technical","Married",0
13877,1993-12-31,"Other","Secondary","Single",1
13878,1988-12-31,"Female","Other","Married",1
13879,1977-12-31,"Female","Postgraduate","Married",1
13880,1986-12-31,"Male","Secondary","Married",1
13881,1988-12-31,"Male","Secondary","Single",3
13882,1995-12-31,"Male","University","Married",5
13883,1952-12-31,"Female","Other","Divorced",0
13884,1984-12-31,"Female","Technical","Married",2
13885,1990-12-31,"Male","Secondary","Married",0
13886,1955-12-31,"Female","Technical","Divorced",1
13887,1972-12-31,"Female","University","Married",0
13888,1973-12-31,"Male","Secondary","Married",3
13889,1986-12-31,"Male","Secondary","Single",1
13890,1979-12-31,"Female","Postgraduate","Married",2
13891,1979-12-31,"Male","Technical","Divorced",1
13892,1957-12-31,"Male","University","Married",2
13893,1985-12-31,"Male","Technical","Single",2
13894,1965-12-31,"Male","Technical","Single",1
13895,1982-12-31,"Male","Secondary","Single",1
13896,1960-12-31,"Male","Secondary","Single",3
13897,1994-12-31,"Male","Secondary","Divorced",2
13898,1987-12-31,"Female","University","Single",0
13899,1990-12-31,"Female","University","Married",0
13900,1978-12-31,"Female","Secondary","Married",2
13901,1984-12-31,"Female","Postgraduate","Single",3
13902,1981-12-31,"Male","University","Single",2
13903,1979-12-31,"Male","University","Married",0
13904,1985-12-31,"Male","University","Single",0
13905,1982-12-31,"Male","University","Single",0
13906,1985-12-31,"Female","Technical","Divorced",0
13907,1972-12-31,"Female","University","Married",2
13908,1997-12-31,"Male","University","Divorced",1
13909,1970-12-31,"Male","Technical","Divorced",2
13910,1966-12-31,"Male","Secondary","Married",2
13911,1973-12-31,"Female","University","Single",2
13912,1971-12-31,"Male","University","Divorced",0
13913,1987-12-31,"Male","Technical","Single",2
13914,1986-12-31,"Male","Secondary","Single",1
13915,1986-12-31,"Female","Secondary","Single",4
13916,2001-12-31,"Male","University","Married",4
13917,1985-12-31,"Female","Technical","Widowed",1
13918,1983-12-31,"Male","Technical","Married",1
13919,1990-12-31,"Female","Postgraduate","Married",1
13920,1971-12-31,"Male","Technical","Single",2
13921,1992-12-31,"Male","University","Married",0
13922,1988-12-31,"Female","Technical","Single",4
13923,1957-12-31,"Female","University","Married",0
13924,1964-12-31,"Male","University","Married",1
13925,1975-12-31,"Male","Technical","Single",2
13926,1961-12-31,"Female","Technical","Married",1
13927,1994-12-31,"Male","Secondary","Single",0
13928,1974-12-31,"Male","University","Married",0
13929,1987-12-31,"Male","Secondary","Married",0
13930,1968-12-31,"Female","University","Married",0
13931,1975-12-31,"Female","Technical","Single",1
13932,1966-12-31,"Male","University","Married",2
13933,2007-12-31,"Male","Secondary","Single",2
13934,1974-12-31,"Female","Technical","Married",0
13935,1983-12-31,"Female","Postgraduate","Single",1
13936,2006-12-31,"Female","Secondary","Married",3
13937,1968-12-31,"Female","Technical","Divorced",0
13938,1979-12-31,"Female","Technical","Single",0
13939,1981-12-31,"Female","Postgraduate","Married",0
13940,1982-12-31,"Male","Other","Single",2
13941,1950-12-31,"Male","Secondary","Married",2
13942,1977-12-31,"Male","Secondary","Married",1
13943,1996-12-31,"Male","Secondary","Married",2
13944,1983-12-31,"Female","Technical","Married",1
13945,1989-12-31,"Female","Secondary","Single",2
13946,1980-12-31,"Female","Secondary","Single",1
13947,1986-12-31,"Female","Technical","Married",3
13948,1986-12-31,"Male","Postgraduate","Widowed",1
13949,1984-12-31,"Male","University","Divorced",0
13950,1960-12-31,"Male","Postgraduate","Divorced",5
13951,1998-12-31,"Male","Secondary","Married",0
13952,1984-12-31,"Male","University","Single",1
13953,1986-12-31,"Female","Secondary","Divorced",2
13954,1978-12-31,"Male","Technical","Married",1
13955,1996-12-31,"Male","Postgraduate","Single",1
13956,1973-12-31,"Female","Postgraduate","Single",2
13957,1987-12-31,"Male","University","Single",0
13958,1978-12-31,"Female","Postgraduate","Divorced",0
13959,1984-12-31,"Female","Technical","Married",0
13960,1965-12-31,"Male","Technical","Married",1
13961,1970-12-31,"Female","Technical","Married",4
13962,1968-12-31,"Female","Secondary","Married",1
13963,1971-12-31,"Female","Postgraduate","Widowed",4
13964,1983-12-31,"Female","University","Married",0
13965,1986-12-31,"Male","Secondary","Single",1
13966,2000-12-31,"Male","Technical","Married",1
13967,1970-12-31,"Male","Other","Married",2
13968,1962-12-31,"Male","Secondary","Divorced",3
13969,1964-12-31,"Male","Secondary","Married",0
13970,1970-12-31,"Male","Secondary","Married",0
13971,1950-12-31,"Male","University","Widowed",2
13972,1980-12-31,"Male","Secondary","Married",1
13973,1991-12-31,"Female","Secondary","Married",4
13974,1993-12-31,"Female","Technical","Married",3
13975,2007-12-31,"Male","Technical","Married",4
13976,1976-12-31,"Female","Secondary","Single",2
13977,1988-12-31,"Male","University","Married",2
13978,1970-12-31,"Female","Technical","Married",0
13979,1969-12-31,"Male","Secondary","Married",3
13980,1998-12-31,"Female","University","Divorced",1
13981,1975-12-31,"Female","University","Married",4
13982,1984-12-31,"Female","University","Married",1
13983,1975-12-31,"Male","Secondary","Married",0
13984,2000-12-31,"Male","Technical","Single",2
13985,1961-12-31,"Female","Secondary","Divorced",0
13986,1988-12-31,"Female","Secondary","Single",2
13987,1975-12-31,"Male","Secondary","Married",0
13988,1988-12-31,"Male","Secondary","Divorced",0
13989,1972-12-31,"Female","Secondary","Married",0
13990,1985-12-31,"Female","Technical","Divorced",0
13991,1988-12-31,"Male","Secondary","Single",1
13992,2007-12-31,"Male","University","Single",1
13993,1979-12-31,"Male","University","Divorced",0
13994,1985-12-31,"Male","Postgraduate","Single",0
13995,1990-12-31,"Female","University","Married",1
13996,1983-12-31,"Female","Other","Widowed",0
13997,1988-12-31,"Female","Secondary","Single",2
13998,1993-12-31,"Male","Secondary","Widowed",1
13999,1956-12-31,"Male","Secondary","Married",2
14000,1976-12-31,"Female","University","Married",1
14001,1977-12-31,"Female","University","Divorced",1
14002,1984-12-31,"Male","University","Single",2
14003,2000-12-31,"Female","University","Single",2
14004,1980-12-31,"Female","Technical","Single",2
14005,1986-12-31,"Female","Secondary","Married",3
14006,1976-12-31,"Female","Technical","Married",2
14007,1994-12-31,"Male","Secondary","Single",3
14008,1995-12-31,"Female","Postgraduate","Single",2
14009,1981-12-31,"Female","Secondary","Single",1
14010,1985-12-31,"Female","Secondary","Single",0
14011,1983-12-31,"Female","Secondary","Single",3
14012,1981-12-31,"Male","Postgraduate","Married",1
14013,1974-12-31,"Male","University","Single",2
14014,1979-12-31,"Male","University","Divorced",4
14015,1992-12-31,"Male","Technical","Married",2
14016,1971-12-31,"Male","Secondary","Married",0
14017,1997-12-31,"Male","Technical","Divorced",3
14018,1975-12-31,"Male","Technical","Married",1
14019,1982-12-31,"Female","Technical","Divorced",1
14020,1970-12-31,"Male","Secondary","Married",0
14021,1968-12-31,"Male","University","Single",1
14022,1973-12-31,"Male","Secondary","Single",0
14023,1989-12-31,"Male","University","Married",2
14024,1973-12-31,"Female","Secondary","Single",0
14025,1977-12-31,"Male","Other","Divorced",2
14026,2003-12-31,"Male","Postgraduate","Single",3
14027,1961-12-31,"Female","Secondary","Single",0
14028,1971-12-31,"Female","University","Single",1
14029,1995-12-31,"Male","University","Divorced",2
14030,1977-12-31,"Male","Secondary","Married",1
14031,1987-12-31,"Female","University","Single",2
14032,1980-12-31,"Male","University","Single",1
14033,1975-12-31,"Male","Secondary","Married",0
14034,1972-12-31,"Female","University","Married",2
14035,1988-12-31,"Male","Technical","Divorced",2
14036,1980-12-31,"Female","Other","Single",0
14037,1998-12-31,"Female","Secondary","Married",0
14038,1982-12-31,"Male","Other","Widowed",1
14039,1988-12-31,"Male","Secondary","Single",1
14040,1978-12-31,"Male","Technical","Divorced",1
14041,1981-12-31,"Female","Other","Single",2
14042,1980-12-31,"Female","University","Divorced",1
14043,1982-12-31,"Male","Technical","Married",1
14044,1990-12-31,"Female","Secondary","Single",0
14045,1999-12-31,"Female","Secondary","Widowed",0
14046,1992-12-31,"Female","Secondary","Single",0
14047,1996-12-31,"Female","Postgraduate","Married",3
14048,1966-12-31,"Female","Postgraduate","Widowed",2
14049,1984-12-31,"Female","Secondary","Married",0
14050,1992-12-31,"Male","University","Single",0
14051,1978-12-31,"Female","Secondary","Single",1
14052,1969-12-31,"Female","Secondary","Married",1
14053,1989-12-31,"Male","Other","Married",1
14054,1990-12-31,"Female","University","Single",2
14055,1997-12-31,"Male","Technical","Married",1
14056,1989-12-31,"Male","Postgraduate","Widowed",3
14057,1950-12-31,"Female","Secondary","Married",2
14058,1971-12-31,"Female","Secondary","Single",2
14059,1966-12-31,"Male","University","Single",0
14060,1984-12-31,"Female","Secondary","Single",1
14061,1962-12-31,"Male","University","Married",3
14062,1966-12-31,"Female","Technical","Married",1
14063,2001-12-31,"Male","Technical","Widowed",0
14064,1982-12-31,"Female","Secondary","Married",0
14065,1975-12-31,"Male","Secondary","Widowed",1
14066,2007-12-31,"Male","University","Single",3
14067,1982-12-31,"Male","University","Divorced",0
14068,1970-12-31,"Male","University","Divorced",1
14069,1987-12-31,"Female","University","Single",2
14070,1983-12-31,"Male","University","Widowed",1
14071,1987-12-31,"Other","Secondary","Married",0
14072,1988-12-31,"Female","Technical","Single",1
14073,2005-12-31,"Female","Technical","Married",1
14074,1961-12-31,"Male","University","Single",2
14075,1987-12-31,"Male","University","Single",3
14076,1973-12-31,"Female","University","Married",0
14077,1978-12-31,"Female","Technical","Single",3
14078,1997-12-31,"Female","Secondary","Single",0
14079,1999-12-31,"Female","University","Single",1
14080,1974-12-31,"Female","Secondary","Married",2
14081,1999-12-31,"Female","Technical","Single",2
14082,1980-12-31,"Female","Technical","Single",0
14083,1958-12-31,"Female","Secondary","Married",1
14084,1983-12-31,"Female","Secondary","Single",2
14085,1977-12-31,"Female","Secondary","Married",0
14086,1988-12-31,"Male","Technical","Divorced",2
14087,1981-12-31,"Male","Secondary","Single",2
14088,1971-12-31,"Male","Technical","Divorced",2
14089,1990-12-31,"Male","Technical","Widowed",1
14090,1964-12-31,"Female","Technical","Single",1
14091,1991-12-31,"Female","Secondary","Single",1
14092,1983-12-31,"Male","University","Single",3
14093,1973-12-31,"Female","Secondary","Married",0
14094,2003-12-31,"Female","Secondary","Married",0
14095,1973-12-31,"Male","Postgraduate","Divorced",0
14096,2000-12-31,"Female","Technical","Single",0
14097,1981-12-31,"Female","Technical","Married",0
14098,1968-12-31,"Male","University","Married",0
14099,1985-12-31,"Female","Secondary","Divorced",2
14100,1986-12-31,"Female","Secondary","Single",1
14101,1992-12-31,"Male","Other","Single",3
14102,1978-12-31,"Female","Secondary","Married",3
14103,1961-12-31,"Male","University","Single",0
14104,1991-12-31,"Female","University","Single",0
14105,1979-12-31,"Male","Secondary","Married",2
14106,1956-12-31,"Male","Postgraduate","Single",2
14107,1974-12-31,"Male","University","Married",0
14108,1973-12-31,"Male","Secondary","Widowed",1
14109,1984-12-31,"Male","University","Married",4
14110,1979-12-31,"Female","Postgraduate","Single",3
14111,1998-12-31,"Male","Secondary","Married",0
14112,1987-12-31,"Male","University","Married",0
14113,1966-12-31,"Male","University","Married",4
14114,1980-12-31,"Female","Secondary","Married",1
14115,1973-12-31,"Male","University","Divorced",3
14116,1964-12-31,"Female","Technical","Single",2
14117,1969-12-31,"Male","Technical","Married",1
14118,1979-12-31,"Female","Secondary","Married",1
14119,1968-12-31,"Female","Secondary","Divorced",3
14120,1989-12-31,"Female","Technical","Married",2
14121,1984-12-31,"Male","University","Single",2
14122,1983-12-31,"Female","University","Single",1
14123,1976-12-31,"Female","Postgraduate","Divorced",0
14124,1970-12-31,"Male","Technical","Single",2
14125,1992-12-31,"Female","Postgraduate","Married",1
14126,1966-12-31,"Female","Technical","Married",0
14127,1981-12-31,"Male","University","Married",1
14128,1973-12-31,"Male","Secondary","Single",2
14129,1978-12-31,"Female","University","Single",2
14130,1974-12-31,"Male","Technical","Married",0
14131,2004-12-31,"Female","Technical","Married",1
14132,1981-12-31,"Male","University","Single",2
14133,1997-12-31,"Male","University","Married",1
14134,1988-12-31,"Male","Technical","Married",0
14135,1968-12-31,"Male","Technical","Single",0
14136,1977-12-31,"Female","Postgraduate","Married",2
14137,1981-12-31,"Female","Technical","Married",1
14138,1970-12-31,"Female","Secondary","Single",1
14139,1975-12-31,"Female","Technical","Married",1
14140,1980-12-31,"Male","Technical","Single",1
14141,1977-12-31,"Female","Technical","Single",2
14142,1975-12-31,"Male","University","Single",1
14143,1960-12-31,"Male","Secondary","Divorced",1
14144,1992-12-31,"Female","Secondary","Single",0
14145,2004-12-31,"Male","Secondary","Married",1
14146,1970-12-31,"Male","Secondary","Married",3
14147,1967-12-31,"Male","Secondary","Single",1
14148,1963-12-31,"Female","University","Married",0
14149,1981-12-31,"Male","University","Single",0
14150,1958-12-31,"Other","Secondary","Single",1
14151,1958-12-31,"Other","University","Single",4
14152,1955-12-31,"Female","Secondary","Married",1
14153,1986-12-31,"Female","University","Married",1
14154,1968-12-31,"Male","Technical","Married",0
14155,1973-12-31,"Male","Technical","Married",4
14156,1977-12-31,"Female","University","Single",1
14157,1993-12-31,"Female","University","Single",0
14158,1985-12-31,"Male","University","Married",0
14159,1999-12-31,"Male","Technical","Divorced",0
14160,1980-12-31,"Female","Technical","Single",2
14161,1986-12-31,"Male","Postgraduate","Single",1
14162,2000-12-31,"Male","Postgraduate","Single",3
14163,2006-12-31,"Male","Technical","Married",1
14164,1981-12-31,"Male","University","Married",4
14165,1957-12-31,"Female","Technical","Widowed",2
14166,1980-12-31,"Female","University","Married",2
14167,2005-12-31,"Male","University","Married",0
14168,1976-12-31,"Female","Secondary","Married",2
14169,1971-12-31,"Female","Postgraduate","Single",0
14170,1969-12-31,"Male","University","Married",4
14171,1999-12-31,"Female","Technical","Single",1
14172,1978-12-31,"Female","Postgraduate","Single",0
14173,2004-12-31,"Female","Technical","Widowed",3
14174,1984-12-31,"Male","University","Single",0
14175,1993-12-31,"Male","University","Married",1
14176,1988-12-31,"Female","Technical","Married",0
14177,1986-12-31,"Female","Secondary","Single",1
14178,1993-12-31,"Male","Secondary","Single",0
14179,1982-12-31,"Female","Secondary","Married",1
14180,1980-12-31,"Female","University","Single",0
14181,1973-12-31,"Female","Postgraduate","Married",0
14182,1974-12-31,"Female","University","Single",1
14183,1967-12-31,"Female","Technical","Single",0
14184,1981-12-31,"Female","University","Single",4
14185,1964-12-31,"Male","Secondary","Married",1
14186,1977-12-31,"Female","Postgraduate","Married",0
14187,1971-12-31,"Female","Secondary","Single",4
14188,1990-12-31,"Female","Secondary","Single",0
14189,1981-12-31,"Male","Secondary","Married",0
14190,1984-12-31,"Male","University","Married",3
14191,1972-12-31,"Female","University","Single",1
14192,2007-12-31,"Male","University","Single",3
14193,1978-12-31,"Female","Secondary","Single",0
14194,1957-12-31,"Female","University","Single",1
14195,1977-12-31,"Female","Secondary","Married",0
14196,1998-12-31,"Male","University","Single",2
14197,1992-12-31,"Female","University","Single",2
14198,1988-12-31,"Male","Secondary","Married",0
14199,1978-12-31,"Female","Secondary","Widowed",3
14200,1985-12-31,"Female","Secondary","Widowed",2
14201,1984-12-31,"Male","Postgraduate","Single",0
14202,2003-12-31,"Female","Other","Widowed",2
14203,1990-12-31,"Male","Secondary","Married",2
14204,1950-12-31,"Other","Postgraduate","Married",3
14205,1995-12-31,"Male","Technical","Married",2
14206,1986-12-31,"Female","Secondary","Married",1
14207,1975-12-31,"Female","University","Divorced",1
14208,2001-12-31,"Male","Technical","Single",1
14209,1962-12-31,"Male","Technical","Married",0
14210,1990-12-31,"Male","University","Single",1
14211,1996-12-31,"Female","Technical","Divorced",0
14212,1972-12-31,"Other","Postgraduate","Married",1
14213,2006-12-31,"Male","Secondary","Divorced",3
14214,1977-12-31,"Male","University","Divorced",2
14215,1983-12-31,"Other","Technical","Divorced",0
14216,1975-12-31,"Female","Technical","Married",3
14217,1993-12-31,"Male","Secondary","Single",0
14218,1987-12-31,"Male","Secondary","Single",0
14219,1979-12-31,"Female","Technical","Divorced",0
14220,1976-12-31,"Male","University","Married",0
14221,1989-12-31,"Female","University","Single",0
14222,1985-12-31,"Female","Technical","Single",1
14223,1980-12-31,"Female","Secondary","Single",1
14224,1950-12-31,"Male","Secondary","Married",1
14225,1979-12-31,"Female","Postgraduate","Single",1
14226,1979-12-31,"Male","Postgraduate","Divorced",1
14227,1978-12-31,"Male","Secondary","Married",0
14228,1970-12-31,"Male","University","Single",1
14229,1975-12-31,"Female","University","Married",0
14230,1978-12-31,"Male","Secondary","Married",3
14231,1988-12-31,"Female","University","Married",1
14232,1985-12-31,"Female","Postgraduate","Married",1
14233,1972-12-31,"Male","Secondary","Married",0
14234,1987-12-31,"Female","Secondary","Single",3
14235,1982-12-31,"Female","University","Divorced",0
14236,1964-12-31,"Female","Postgraduate","Single",0
14237,1975-12-31,"Male","Postgraduate","Single",1
14238,1986-12-31,"Male","Technical","Married",0
14239,1965-12-31,"Male","University","Single",0
14240,1981-12-31,"Female","Technical","Single",1
14241,2003-12-31,"Male","University","Married",4
14242,1982-12-31,"Female","University","Single",3
14243,1991-12-31,"Male","University","Single",2
14244,1977-12-31,"Female","Secondary","Single",2
14245,1966-12-31,"Male","Technical","Divorced",2
14246,1976-12-31,"Female","Technical","Married",2
14247,1996-12-31,"Female","University","Widowed",1
14248,1982-12-31,"Male","Secondary","Married",0
14249,1981-12-31,"Male","Technical","Married",3
14250,1992-12-31,"Male","Secondary","Married",1
14251,1980-12-31,"Female","Technical","Divorced",0
14252,1983-12-31,"Female","University","Single",4
14253,1976-12-31,"Male","University","Married",2
14254,1978-12-31,"Male","Secondary","Married",2
14255,1995-12-31,"Male","Technical","Married",2
14256,1983-12-31,"Female","University","Married",0
14257,1981-12-31,"Female","Secondary","Married",1
14258,1968-12-31,"Female","Postgraduate","Divorced",4
14259,1989-12-31,"Female","Technical","Single",0
14260,1994-12-31,"Other","Secondary","Married",3
14261,1969-12-31,"Male","Technical","Married",0
14262,1979-12-31,"Male","Secondary","Single",1
14263,1990-12-31,"Male","Secondary","Married",0
14264,2007-12-31,"Male","Other","Divorced",2
14265,1986-12-31,"Other","Secondary","Single",1
14266,2007-12-31,"Female","University","Single",0
14267,1979-12-31,"Female","University","Single",1
14268,1978-12-31,"Male","Secondary","Single",0
14269,1972-12-31,"Female","Technical","Single",3
14270,1993-12-31,"Female","Secondary","Married",1
14271,1984-12-31,"Male","University","Married",1
14272,1996-12-31,"Female","Technical","Single",2
14273,1978-12-31,"Female","Secondary","Single",2
14274,1978-12-31,"Male","Technical","Single",3
14275,1988-12-31,"Male","University","Single",0
14276,1975-12-31,"Female","Other","Married",0
14277,1982-12-31,"Male","University","Widowed",1
14278,1965-12-31,"Female","Secondary","Divorced",2
14279,1987-12-31,"Male","Secondary","Single",3
14280,1982-12-31,"Male","Secondary","Single",3
14281,1996-12-31,"Male","University","Divorced",1
14282,1989-12-31,"Male","University","Married",1
14283,1966-12-31,"Male","Secondary","Married",0
14284,1978-12-31,"Male","Secondary","Single",1
14285,2007-12-31,"Male","University","Single",1
14286,2005-12-31,"Male","University","Married",3
14287,1995-12-31,"Male","Technical","Married",1
14288,1966-12-31,"Other","Secondary","Widowed",2
14289,1983-12-31,"Male","Secondary","Married",1
14290,2000-12-31,"Female","Secondary","Single",0
14291,1980-12-31,"Female","Technical","Married",3
14292,1985-12-31,"Female","University","Married",1
14293,1971-12-31,"Female","Secondary","Divorced",1
14294,1990-12-31,"Male","Technical","Single",2
14295,2003-12-31,"Female","University","Widowed",0
14296,1967-12-31,"Male","Secondary","Single",0
14297,1991-12-31,"Male","Secondary","Widowed",1
14298,1989-12-31,"Male","University","Married",2
14299,1978-12-31,"Male","Postgraduate","Single",1
14300,1971-12-31,"Female","Secondary","Single",1
14301,1985-12-31,"Male","Technical","Single",1
14302,1980-12-31,"Female","University","Single",3
14303,1982-12-31,"Female","University","Married",1
14304,1993-12-31,"Male","Secondary","Married",0
14305,1980-12-31,"Male","University","Married",1
14306,1983-12-31,"Female","Technical","Married",2
14307,1981-12-31,"Male","University","Married",0
14308,1978-12-31,"Male","Secondary","Married",1
14309,1975-12-31,"Female","University","Single",1
14310,1983-12-31,"Male","Secondary","Single",0
14311,1975-12-31,"Female","Technical","Divorced",2
14312,1961-12-31,"Female","Secondary","Single",4
14313,1985-12-31,"Female","University","Married",0
14314,1977-12-31,"Male","University","Divorced",2
14315,1978-12-31,"Female","University","Married",0
14316,1969-12-31,"Female","Postgraduate","Single",1
14317,1978-12-31,"Male","University","Single",1
14318,1988-12-31,"Male","Secondary","Married",2
14319,1983-12-31,"Male","University","Single",2
14320,1996-12-31,"Male","Secondary","Single",5
14321,2007-12-31,"Female","Secondary","Married",1
14322,1988-12-31,"Male","Technical","Single",2
14323,2007-12-31,"Female","Secondary","Single",2
14324,1984-12-31,"Female","Secondary","Single",0
14325,1974-12-31,"Female","Secondary","Married",1
14326,1972-12-31,"Female","University","Married",0
14327,1987-12-31,"Female","Secondary","Single",1
14328,1989-12-31,"Female","Secondary","Married",3
14329,1994-12-31,"Male","Secondary","Married",0
14330,1990-12-31,"Male","University","Married",4
14331,1960-12-31,"Male","University","Married",0
14332,1961-12-31,"Male","Secondary","Married",2
14333,1971-12-31,"Female","Secondary","Single",1
14334,1974-12-31,"Male","University","Single",1
14335,1984-12-31,"Female","Secondary","Single",0
14336,1969-12-31,"Male","Postgraduate","Single",1
14337,1981-12-31,"Male","Technical","Married",2
14338,1990-12-31,"Female","Technical","Married",4
14339,1993-12-31,"Male","Secondary","Married",1
14340,1988-12-31,"Male","Secondary","Single",0
14341,1983-12-31,"Female","Secondary","Divorced",3
14342,1981-12-31,"Female","Technical","Married",2
14343,1984-12-31,"Female","Secondary","Single",0
14344,1993-12-31,"Female","Technical","Widowed",0
14345,1983-12-31,"Male","University","Married",2
14346,1984-12-31,"Male","University","Married",1
14347,1987-12-31,"Female","Secondary","Single",2
14348,1966-12-31,"Male","University","Married",1
14349,1989-12-31,"Male","Secondary","Single",1
14350,1984-12-31,"Female","University","Single",0
14351,1986-12-31,"Female","University","Married",2
14352,1982-12-31,"Female","University","Single",0
14353,1975-12-31,"Female","Secondary","Single",2
14354,1986-12-31,"Female","Technical","Single",0
14355,1988-12-31,"Male","Secondary","Divorced",1
14356,1982-12-31,"Female","Secondary","Widowed",2
14357,1992-12-31,"Male","Secondary","Married",1
14358,1987-12-31,"Female","Technical","Single",1
14359,1986-12-31,"Male","University","Married",0
14360,2007-12-31,"Female","Secondary","Single",1
14361,1978-12-31,"Female","Secondary","Married",0
14362,1967-12-31,"Male","University","Divorced",5
14363,1975-12-31,"Male","University","Single",0
14364,1991-12-31,"Female","Postgraduate","Married",2
14365,1989-12-31,"Female","Technical","Single",2
14366,1991-12-31,"Female","University","Married",1
14367,1982-12-31,"Other","University","Divorced",1
14368,1963-12-31,"Female","University","Divorced",1
14369,1985-12-31,"Male","Other","Married",0
14370,1994-12-31,"Female","University","Married",1
14371,1981-12-31,"Male","Secondary","Married",1
14372,1988-12-31,"Female","Secondary","Widowed",1
14373,1967-12-31,"Male","Secondary","Married",2
14374,1994-12-31,"Male","Secondary","Married",1
14375,2004-12-31,"Male","Secondary","Single",0
14376,2002-12-31,"Female","Technical","Married",1
14377,2003-12-31,"Female","Technical","Married",3
14378,1987-12-31,"Female","Technical","Single",0
14379,1969-12-31,"Male","Technical","Divorced",1
14380,1987-12-31,"Male","Secondary","Single",1
14381,2000-12-31,"Male","Secondary","Married",1
14382,1989-12-31,"Male","University","Married",3
14383,1977-12-31,"Male","Postgraduate","Single",2
14384,1985-12-31,"Female","University","Divorced",3
14385,1992-12-31,"Male","Secondary","Married",1
14386,1984-12-31,"Female","Other","Married",1
14387,1995-12-31,"Female","Technical","Single",2
14388,1992-12-31,"Female","University","Widowed",0
14389,1988-12-31,"Male","Postgraduate","Divorced",0
14390,1986-12-31,"Female","Postgraduate","Single",1
14391,1985-12-31,"Female","University","Married",1
14392,1966-12-31,"Female","Technical","Single",1
14393,1995-12-31,"Female","Technical","Single",0
14394,1987-12-31,"Other","Secondary","Married",1
14395,1979-12-31,"Male","Secondary","Divorced",0
14396,1993-12-31,"Female","Secondary","Single",5
14397,1983-12-31,"Male","University","Married",2
14398,1969-12-31,"Female","Technical","Single",1
14399,1984-12-31,"Male","Secondary","Married",3
14400,1981-12-31,"Female","Secondary","Widowed",1
14401,1981-12-31,"Female","Technical","Married",1
14402,1994-12-31,"Male","Other","Married",1
14403,2007-12-31,"Female","Secondary","Single",0
14404,1966-12-31,"Female","University","Single",1
14405,1976-12-31,"Male","University","Married",1
14406,1977-12-31,"Female","Postgraduate","Married",2
14407,1979-12-31,"Male","Secondary","Married",1
14408,1974-12-31,"Female","Secondary","Married",0
14409,2001-12-31,"Female","Postgraduate","Single",1
14410,1991-12-31,"Female","University","Married",0
14411,2007-12-31,"Male","Technical","Single",1
14412,1991-12-31,"Female","Secondary","Single",0
14413,1973-12-31,"Female","University","Single",1
14414,1991-12-31,"Female","University","Divorced",4
14415,1973-12-31,"Female","Secondary","Married",2
14416,1986-12-31,"Female","Technical","Single",1
14417,1970-12-31,"Other","Secondary","Single",0
14418,1975-12-31,"Male","University","Married",1
14419,1987-12-31,"Male","University","Single",1
14420,2002-12-31,"Female","Secondary","Single",3
14421,1988-12-31,"Male","Technical","Married",2
14422,1997-12-31,"Female","Secondary","Married",1
14423,1987-12-31,"Other","University","Married",2
14424,1994-12-31,"Male","Technical","Single",1
14425,2004-12-31,"Male","University","Married",1
14426,1993-12-31,"Male","Technical","Married",1
14427,1987-12-31,"Male","Secondary","Married",1
14428,1983-12-31,"Male","Secondary","Single",1
14429,2001-12-31,"Male","Technical","Single",2
14430,1979-12-31,"Other","Technical","Divorced",4
14431,2000-12-31,"Male","Secondary","Single",1
14432,1973-12-31,"Male","Technical","Single",0
14433,1962-12-31,"Male","Secondary","Single",2
14434,1965-12-31,"Male","University","Married",1
14435,1988-12-31,"Female","Postgraduate","Married",3
14436,1986-12-31,"Male","University","Married",1
14437,2001-12-31,"Male","Technical","Divorced",1
14438,1997-12-31,"Male","University","Married",2
14439,1980-12-31,"Male","Technical","Single",1
14440,1980-12-31,"Female","University","Single",2
14441,1976-12-31,"Female","Secondary","Married",3
14442,1997-12-31,"Female","Technical","Married",1
14443,1979-12-31,"Male","Technical","Married",1
14444,1967-12-31,"Female","University","Widowed",3
14445,1994-12-31,"Male","Technical","Divorced",0
14446,1965-12-31,"Female","Secondary","Married",3
14447,1964-12-31,"Female","Secondary","Single",4
14448,2002-12-31,"Female","University","Married",1
14449,1984-12-31,"Male","University","Married",2
14450,1967-12-31,"Male","University","Single",1
14451,1967-12-31,"Female","Other","Divorced",3
14452,1967-12-31,"Female","University","Married",0
14453,1996-12-31,"Female","Technical","Married",0
14454,1977-12-31,"Female","University","Married",1
14455,1974-12-31,"Male","Secondary","Married",0
14456,1991-12-31,"Male","University","Married",0
14457,2007-12-31,"Female","Secondary","Married",4
14458,1981-12-31,"Male","Postgraduate","Divorced",0
14459,1978-12-31,"Male","Secondary","Single",1
14460,1977-12-31,"Male","University","Married",0
14461,1985-12-31,"Female","University","Widowed",4
14462,1968-12-31,"Male","Technical","Single",2
14463,1989-12-31,"Female","University","Single",1
14464,1980-12-31,"Female","Postgraduate","Married",1
14465,1962-12-31,"Male","Technical","Married",2
14466,1966-12-31,"Female","Secondary","Married",1
14467,1999-12-31,"Female","Secondary","Single",1
14468,1965-12-31,"Male","Technical","Single",0
14469,1973-12-31,"Male","University","Married",0
14470,1997-12-31,"Male","Secondary","Married",1
14471,1964-12-31,"Male","University","Married",3
14472,1975-12-31,"Female","University","Married",1
14473,1965-12-31,"Female","Technical","Single",0
14474,1981-12-31,"Male","Secondary","Single",0
14475,1973-12-31,"Female","Secondary","Married",0
14476,1984-12-31,"Female","Technical","Married",2
14477,1986-12-31,"Female","University","Single",0
14478,1967-12-31,"Male","University","Married",0
14479,1993-12-31,"Male","Secondary","Single",5
14480,1988-12-31,"Male","Secondary","Married",0
14481,2005-12-31,"Female","Technical","Single",0
14482,1969-12-31,"Female","University","Married",3
14483,1989-12-31,"Female","Technical","Single",2
14484,1987-12-31,"Female","Secondary","Single",0
14485,1985-12-31,"Male","University","Widowed",0
14486,1987-12-31,"Female","Technical","Divorced",3
14487,1981-12-31,"Female","Technical","Single",1
14488,1975-12-31,"Male","Secondary","Married",1
14489,1971-12-31,"Female","University","Single",0
14490,1986-12-31,"Male","Secondary","Married",1
14491,1969-12-31,"Male","Other","Single",0
14492,1991-12-31,"Male","University","Single",1
14493,1999-12-31,"Female","Secondary","Divorced",0
14494,1975-12-31,"Male","University","Married",3
14495,1984-12-31,"Female","Secondary","Married",0
14496,1997-12-31,"Female","Technical","Single",0
14497,1976-12-31,"Male","Postgraduate","Single",0
14498,1979-12-31,"Female","Secondary","Married",0
14499,1985-12-31,"Male","University","Married",1
14500,1975-12-31,"Female","Postgraduate","Married",2
14501,1988-12-31,"Male","Secondary","Married",2
14502,1993-12-31,"Male","Secondary","Widowed",0
14503,1971-12-31,"Male","University","Married",1
14504,1971-12-31,"Male","University","Single",0
14505,1977-12-31,"Male","Other","Single",0
14506,1995-12-31,"Male","Technical","Single",2
14507,1987-12-31,"Male","University","Single",0
14508,1967-12-31,"Female","Technical","Married",1
14509,1978-12-31,"Female","Secondary","Single",3
14510,1988-12-31,"Male","University","Married",1
14511,1987-12-31,"Female","Postgraduate","Married",1
14512,1988-12-31,"Male","Technical","Married",1
14513,1977-12-31,"Female","Secondary","Widowed",0
14514,2007-12-31,"Female","University","Married",1
14515,1990-12-31,"Male","Technical","Single",0
14516,1993-12-31,"Male","Technical","Married",0
14517,1968-12-31,"Female","Other","Married",2
14518,2000-12-31,"Male","Secondary","Married",0
14519,1989-12-31,"Male","University","Single",3
14520,1991-12-31,"Male","Secondary","Single",2
14521,1967-12-31,"Female","Secondary","Married",0
14522,1975-12-31,"Female","Secondary","Divorced",1
14523,1983-12-31,"Male","Secondary","Single",3
14524,1990-12-31,"Female","Technical","Married",1
14525,1964-12-31,"Male","Postgraduate","Widowed",1
14526,1977-12-31,"Female","Technical","Married",1
14527,1978-12-31,"Female","Secondary","Single",1
14528,1961-12-31,"Female","Secondary","Single",1
14529,1977-12-31,"Female","University","Married",2
14530,1959-12-31,"Male","University","Married",1
14531,1988-12-31,"Male","Technical","Single",0
14532,2007-12-31,"Male","Secondary","Married",5
14533,1984-12-31,"Male","Secondary","Married",2
14534,1982-12-31,"Male","Postgraduate","Married",0
14535,1992-12-31,"Female","University","Single",2
14536,1984-12-31,"Female","Secondary","Single",0
14537,1972-12-31,"Female","Technical","Single",1
14538,1988-12-31,"Female","Postgraduate","Married",3
14539,1957-12-31,"Female","Secondary","Married",2
14540,1974-12-31,"Male","University","Married",0
14541,2002-12-31,"Female","Postgraduate","Single",3
14542,1998-12-31,"Female","Technical","Widowed",1
14543,1965-12-31,"Male","Postgraduate","Married",0
14544,1986-12-31,"Female","University","Married",0
14545,1978-12-31,"Male","Secondary","Divorced",3
14546,1980-12-31,"Other","Secondary","Married",2
14547,1988-12-31,"Male","University","Married",0
14548,1975-12-31,"Male","Other","Divorced",0
14549,1979-12-31,"Female","Technical","Married",0
14550,1973-12-31,"Male","Technical","Married",1
14551,1976-12-31,"Male","Technical","Married",2
14552,1984-12-31,"Female","Secondary","Married",2
14553,1982-12-31,"Male","Other","Single",1
14554,1987-12-31,"Female","Technical","Married",2
14555,1990-12-31,"Female","University","Married",1
14556,1990-12-31,"Female","University","Single",4
14557,1990-12-31,"Male","Secondary","Single",2
14558,1991-12-31,"Male","Secondary","Single",3
14559,1987-12-31,"Female","Postgraduate","Married",0
14560,1993-12-31,"Female","University","Divorced",1
14561,1999-12-31,"Female","Technical","Single",1
14562,1987-12-31,"Female","Postgraduate","Single",0
14563,1975-12-31,"Male","Secondary","Single",0
14564,1982-12-31,"Female","Technical","Married",2
14565,1969-12-31,"Female","University","Married",1
14566,1977-12-31,"Female","Postgraduate","Single",0
14567,1992-12-31,"Male","Secondary","Married",0
14568,1974-12-31,"Male","University","Married",2
14569,1991-12-31,"Female","University","Married",1
14570,1963-12-31,"Male","University","Single",2
14571,1992-12-31,"Male","Secondary","Married",0
14572,1994-12-31,"Female","Technical","Single",1
14573,1975-12-31,"Female","Postgraduate","Married",1
14574,1980-12-31,"Male","University","Married",3
14575,1979-12-31,"Male","Postgraduate","Single",1
14576,1976-12-31,"Male","University","Single",2
14577,1981-12-31,"Female","University","Married",0
14578,1964-12-31,"Male","Secondary","Single",3
14579,1991-12-31,"Male","Technical","Married",3
14580,1965-12-31,"Male","Secondary","Single",0
14581,1983-12-31,"Male","Secondary","Married",2
14582,1978-12-31,"Female","Secondary","Single",0
14583,1980-12-31,"Male","University","Married",0
14584,1971-12-31,"Female","Secondary","Married",0
14585,1973-12-31,"Male","Secondary","Married",1
14586,1974-12-31,"Female","Secondary","Single",0
14587,1969-12-31,"Male","Technical","Single",4
14588,1980-12-31,"Female","University","Single",2
14589,1972-12-31,"Male","Secondary","Divorced",2
14590,1963-12-31,"Female","Postgraduate","Single",2
14591,1970-12-31,"Female","Secondary","Married",2
14592,1997-12-31,"Female","Technical","Single",0
14593,1963-12-31,"Female","University","Single",4
14594,1961-12-31,"Female","University","Single",3
14595,1977-12-31,"Male","University","Married",4
14596,1979-12-31,"Male","Technical","Married",1
14597,1974-12-31,"Male","University","Single",2
14598,1967-12-31,"Male","Secondary","Single",3
14599,1981-12-31,"Male","Technical","Divorced",1
14600,1990-12-31,"Male","Secondary","Divorced",2
14601,1981-12-31,"Male","Technical","Married",1
14602,1971-12-31,"Male","University","Married",1
14603,1970-12-31,"Female","Technical","Married",2
14604,1971-12-31,"Female","Secondary","Married",2
14605,1976-12-31,"Female","Secondary","Married",1
14606,1989-12-31,"Male","Secondary","Divorced",1
14607,1986-12-31,"Female","Technical","Single",0
14608,1983-12-31,"Female","Secondary","Married",1
14609,1981-12-31,"Male","Postgraduate","Single",4
14610,1972-12-31,"Female","University","Married",1
14611,1977-12-31,"Male","Secondary","Widowed",2
14612,1967-12-31,"Female","Technical","Single",1
14613,1979-12-31,"Female","Secondary","Single",2
14614,1987-12-31,"Female","University","Single",2
14615,1998-12-31,"Male","Secondary","Married",1
14616,1981-12-31,"Male","University","Single",2
14617,1963-12-31,"Male","Technical","Single",0
14618,2007-12-31,"Male","University","Single",2
14619,1970-12-31,"Male","Secondary","Widowed",4
14620,1971-12-31,"Female","University","Single",1
14621,1986-12-31,"Male","University","Married",2
14622,1997-12-31,"Female","Secondary","Married",2
14623,1960-12-31,"Female","University","Single",2
14624,1992-12-31,"Male","Secondary","Single",2
14625,1996-12-31,"Male","Secondary","Single",0
14626,1977-12-31,"Female","Secondary","Married",1
14627,1991-12-31,"Female","Technical","Married",2
14628,1976-12-31,"Female","Postgraduate","Single",1
14629,1983-12-31,"Female","University","Married",1
14630,1985-12-31,"Male","Technical","Married",0
14631,1997-12-31,"Female","Postgraduate","Widowed",1
14632,1976-12-31,"Male","University","Single",3
14633,1986-12-31,"Female","Technical","Divorced",0
14634,1954-12-31,"Male","Secondary","Married",0
14635,1954-12-31,"Female","Secondary","Married",2
14636,1963-12-31,"Male","Technical","Single",1
14637,1992-12-31,"Male","Secondary","Single",1
14638,1991-12-31,"Female","Technical","Married",1
14639,1990-12-31,"Female","University","Married",4
14640,1998-12-31,"Male","Technical","Widowed",1
14641,1979-12-31,"Male","Secondary","Married",2
14642,1953-12-31,"Female","Secondary","Married",1
14643,1999-12-31,"Female","Secondary","Married",2
14644,1980-12-31,"Male","Technical","Married",2
14645,1988-12-31,"Female","University","Married",0
14646,1971-12-31,"Male","University","Married",1
14647,1973-12-31,"Male","Secondary","Married",2
14648,1973-12-31,"Female","Technical","Widowed",0
14649,1986-12-31,"Female","Secondary","Married",1
14650,1988-12-31,"Female","Technical","Married",2
14651,1957-12-31,"Male","Technical","Divorced",2
14652,1987-12-31,"Male","University","Married",3
14653,1986-12-31,"Male","University","Divorced",3
14654,1973-12-31,"Female","Secondary","Married",3
14655,1957-12-31,"Male","University","Married",0
14656,1995-12-31,"Male","Technical","Married",1
14657,1982-12-31,"Male","Secondary","Single",2
14658,1980-12-31,"Female","Technical","Married",0
14659,1979-12-31,"Female","Technical","Single",2
14660,1986-12-31,"Male","Secondary","Single",1
14661,1999-12-31,"Male","Technical","Married",0
14662,1985-12-31,"Female","University","Married",4
14663,1968-12-31,"Male","Secondary","Divorced",2
14664,2000-12-31,"Male","University","Divorced",0
14665,1981-12-31,"Male","Secondary","Married",1
14666,1972-12-31,"Male","University","Single",3
14667,1986-12-31,"Female","Secondary","Married",1
14668,2007-12-31,"Male","Technical","Married",2
14669,1989-12-31,"Male","Other","Married",1
14670,1983-12-31,"Female","Postgraduate","Divorced",2
14671,1984-12-31,"Female","Secondary","Married",1
14672,1988-12-31,"Male","University","Single",2
14673,1959-12-31,"Female","Technical","Single",2
14674,1979-12-31,"Other","Technical","Widowed",2
14675,1977-12-31,"Female","Other","Single",2
14676,1982-12-31,"Female","Technical","Married",1
14677,1976-12-31,"Male","Secondary","Single",5
14678,1977-12-31,"Female","Secondary","Divorced",0
14679,1964-12-31,"Male","Technical","Married",1
14680,1983-12-31,"Male","University","Single",4
14681,1962-12-31,"Female","Technical","Married",4
14682,1956-12-31,"Female","University","Married",1
14683,1981-12-31,"Male","Secondary","Married",1
14684,1979-12-31,"Male","Technical","Single",2
14685,1976-12-31,"Male","Secondary","Widowed",4
14686,1969-12-31,"Female","Technical","Single",1
14687,1993-12-31,"Female","Secondary","Married",1
14688,1981-12-31,"Other","Technical","Single",1
14689,1987-12-31,"Female","Secondary","Married",0
14690,1966-12-31,"Female","Technical","Married",2
14691,1968-12-31,"Female","University","Divorced",0
14692,1980-12-31,"Male","University","Single",1
14693,1989-12-31,"Female","Secondary","Married",0
14694,1978-12-31,"Female","Secondary","Single",3
14695,1984-12-31,"Male","Other","Married",1
14696,2002-12-31,"Female","Secondary","Single",0
14697,1970-12-31,"Male","Technical","Widowed",1
14698,1965-12-31,"Male","University","Married",2
14699,1988-12-31,"Male","Secondary","Divorced",1
14700,1987-12-31,"Female","University","Single",2
14701,1979-12-31,"Female","Technical","Single",1
14702,1992-12-31,"Female","Postgraduate","Married",4
14703,1986-12-31,"Male","Postgraduate","Single",2
14704,1991-12-31,"Male","Secondary","Widowed",0
14705,1964-12-31,"Male","Secondary","Single",1
14706,1961-12-31,"Male","Secondary","Divorced",1
14707,1988-12-31,"Male","Secondary","Married",2
14708,1988-12-31,"Female","University","Single",0
14709,1979-12-31,"Female","University","Married",2
14710,1972-12-31,"Female","Technical","Married",1
14711,1969-12-31,"Female","Technical","Single",1
14712,1970-12-31,"Female","University","Married",1
14713,1989-12-31,"Female","Postgraduate","Married",3
14714,1984-12-31,"Other","University","Married",2
14715,1974-12-31,"Female","Technical","Divorced",1
14716,1994-12-31,"Female","Technical","Single",2
14717,1975-12-31,"Female","Secondary","Married",0
14718,2006-12-31,"Male","Secondary","Married",3
14719,1991-12-31,"Male","Postgraduate","Married",1
14720,1989-12-31,"Male","Secondary","Single",2
14721,1987-12-31,"Male","Postgraduate","Married",2
14722,1987-12-31,"Male","University","Married",1
14723,1984-12-31,"Male","Technical","Married",0
14724,1987-12-31,"Female","Secondary","Married",0
14725,1986-12-31,"Male","Secondary","Single",1
14726,1996-12-31,"Female","Secondary","Single",2
14727,1983-12-31,"Male","University","Married",0
14728,1988-12-31,"Male","University","Single",2
14729,2007-12-31,"Male","Secondary","Married",0
14730,1950-12-31,"Female","Technical","Single",2
14731,1996-12-31,"Male","Secondary","Married",0
14732,1986-12-31,"Female","Technical","Single",2
14733,2004-12-31,"Female","Secondary","Married",1
14734,1987-12-31,"Female","Secondary","Married",2
14735,1993-12-31,"Male","Secondary","Married",5
14736,1975-12-31,"Female","Secondary","Single",0
14737,1989-12-31,"Male","University","Single",2
14738,1972-12-31,"Male","Technical","Divorced",3
14739,1994-12-31,"Male","University","Divorced",1
14740,1961-12-31,"Female","Secondary","Married",2
14741,1968-12-31,"Male","Technical","Married",3
14742,2001-12-31,"Male","University","Single",1
14743,1996-12-31,"Female","University","Single",1
14744,2007-12-31,"Male","Other","Married",4
14745,1979-12-31,"Female","University","Married",1
14746,1985-12-31,"Male","Secondary","Single",0
14747,1986-12-31,"Female","Technical","Married",1
14748,1978-12-31,"Female","Technical","Single",3
14749,1975-12-31,"Male","University","Single",0
14750,1983-12-31,"Female","Secondary","Divorced",3
14751,1979-12-31,"Female","Technical","Married",0
14752,1954-12-31,"Female","University","Single",1
14753,1986-12-31,"Male","University","Single",2
14754,1972-12-31,"Female","Technical","Divorced",2
14755,1978-12-31,"Male","Technical","Married",0
14756,1982-12-31,"Male","Other","Single",0
14757,1978-12-31,"Male","University","Married",1
14758,1999-12-31,"Female","Secondary","Single",3
14759,1981-12-31,"Female","University","Single",0
14760,1980-12-31,"Male","University","Single",1
14761,1985-12-31,"Female","Postgraduate","Single",1
14762,1996-12-31,"Female","University","Single",1
14763,1983-12-31,"Female","University","Single",1
14764,1989-12-31,"Female","Postgraduate","Divorced",3
14765,1981-12-31,"Male","Postgraduate","Married",0
14766,1989-12-31,"Male","Secondary","Divorced",0
14767,2002-12-31,"Male","Other","Married",2
14768,1981-12-31,"Male","Postgraduate","Married",1
14769,1966-12-31,"Female","Postgraduate","Single",1
14770,1989-12-31,"Other","Technical","Married",2
14771,2001-12-31,"Male","Secondary","Married",0
14772,1973-12-31,"Female","University","Single",3
14773,2002-12-31,"Male","University","Divorced",1
14774,1986-12-31,"Male","University","Married",1
14775,1977-12-31,"Male","Technical","Single",2
14776,1989-12-31,"Male","Technical","Widowed",0
14777,1993-12-31,"Female","Technical","Married",1
14778,1963-12-31,"Female","Secondary","Married",1
14779,1957-12-31,"Male","University","Married",1
14780,1980-12-31,"Male","Technical","Married",0
14781,1987-12-31,"Female","University","Married",1
14782,1988-12-31,"Other","Secondary","Married",1
14783,1964-12-31,"Female","University","Married",1
14784,1971-12-31,"Male","University","Single",1
14785,1980-12-31,"Female","Secondary","Single",0
14786,1967-12-31,"Female","Technical","Married",1
14787,1990-12-31,"Female","University","Married",0
14788,1971-12-31,"Male","University","Married",2
14789,1974-12-31,"Male","University","Single",1
14790,1971-12-31,"Female","University","Widowed",0
14791,1984-12-31,"Female","Secondary","Single",1
14792,1978-12-31,"Female","University","Married",2
14793,1984-12-31,"Female","Secondary","Single",2
14794,1981-12-31,"Female","Secondary","Married",1
14795,1983-12-31,"Female","Technical","Single",1
14796,1973-12-31,"Female","Technical","Divorced",3
14797,1981-12-31,"Male","Secondary","Single",2
14798,1974-12-31,"Female","Secondary","Single",1
14799,1989-12-31,"Male","Secondary","Single",2
14800,1979-12-31,"Male","Postgraduate","Married",2
14801,1993-12-31,"Male","University","Single",1
14802,1979-12-31,"Male","University","Married",2
14803,1970-12-31,"Male","Technical","Married",0
14804,1990-12-31,"Female","Secondary","Divorced",1
14805,1998-12-31,"Female","Secondary","Single",1
14806,1997-12-31,"Female","Technical","Single",0
14807,1965-12-31,"Male","Secondary","Married",3
14808,1970-12-31,"Male","Technical","Married",1
14809,1980-12-31,"Female","University","Single",1
14810,1964-12-31,"Female","Postgraduate","Married",0
14811,1990-12-31,"Female","Technical","Married",0
14812,1965-12-31,"Female","Technical","Single",3
14813,1958-12-31,"Female","Postgraduate","Married",3
14814,1984-12-31,"Other","Secondary","Single",2
14815,1989-12-31,"Male","Technical","Single",1
14816,1978-12-31,"Female","Secondary","Married",1
14817,1969-12-31,"Female","Secondary","Single",0
14818,1971-12-31,"Male","Secondary","Married",1
14819,1980-12-31,"Female","Secondary","Single",3
14820,1979-12-31,"Female","Postgraduate","Divorced",2
14821,1981-12-31,"Female","Secondary","Single",0
14822,1972-12-31,"Female","Technical","Married",0
14823,2006-12-31,"Female","Secondary","Single",1
14824,1980-12-31,"Male","Secondary","Married",2
14825,1995-12-31,"Female","Secondary","Single",1
14826,1974-12-31,"Male","Postgraduate","Married",3
14827,1983-12-31,"Female","Technical","Single",2
14828,1993-12-31,"Male","Postgraduate","Married",1
14829,2001-12-31,"Female","University","Divorced",3
14830,1968-12-31,"Male","Secondary","Single",1
14831,1979-12-31,"Other","Secondary","Single",3
14832,1986-12-31,"Female","Secondary","Married",0
14833,1981-12-31,"Other","Secondary","Divorced",0
14834,1971-12-31,"Female","Secondary","Married",0
14835,1967-12-31,"Female","University","Married",2
14836,2007-12-31,"Female","Technical","Married",0
14837,1990-12-31,"Female","University","Married",0
14838,1990-12-31,"Female","Secondary","Divorced",1
14839,1970-12-31,"Male","Postgraduate","Divorced",0
14840,1994-12-31,"Female","Postgraduate","Married",1
14841,1983-12-31,"Female","Technical","Single",1
14842,1973-12-31,"Other","Technical","Married",1
14843,1999-12-31,"Male","Technical","Single",2
14844,1988-12-31,"Female","Secondary","Married",0
14845,1999-12-31,"Male","Technical","Married",3
14846,1972-12-31,"Male","Secondary","Married",0
14847,1993-12-31,"Female","University","Married",3
14848,1971-12-31,"Female","Secondary","Single",1
14849,1950-12-31,"Female","Secondary","Single",1
14850,1974-12-31,"Male","Secondary","Widowed",3
14851,1982-12-31,"Female","University","Single",3
14852,1995-12-31,"Male","Secondary","Single",0
14853,1973-12-31,"Male","Secondary","Single",2
14854,1978-12-31,"Male","Secondary","Married",0
14855,1985-12-31,"Male","University","Widowed",3
14856,1989-12-31,"Female","Technical","Married",1
14857,1966-12-31,"Female","Secondary","Single",0
14858,1986-12-31,"Female","Secondary","Single",1
14859,1966-12-31,"Other","University","Single",1
14860,1991-12-31,"Male","Technical","Widowed",2
14861,1970-12-31,"Female","University","Married",1
14862,2004-12-31,"Female","Technical","Divorced",0
14863,1986-12-31,"Female","Postgraduate","Married",0
14864,1997-12-31,"Female","Secondary","Single",2
14865,1983-12-31,"Male","Secondary","Married",0
14866,1996-12-31,"Male","Postgraduate","Married",3
14867,1987-12-31,"Male","Postgraduate","Widowed",0
14868,1984-12-31,"Male","Secondary","Married",0
14869,1972-12-31,"Male","Secondary","Married",5
14870,1994-12-31,"Female","University","Married",0
14871,1994-12-31,"Female","University","Single",4
14872,1988-12-31,"Male","Postgraduate","Married",1
14873,1976-12-31,"Female","University","Married",1
14874,2001-12-31,"Female","Secondary","Single",0
14875,1984-12-31,"Male","Secondary","Married",0
14876,1991-12-31,"Female","University","Married",0
14877,1989-12-31,"Male","Postgraduate","Divorced",3
14878,1974-12-31,"Male","Secondary","Single",4
14879,1988-12-31,"Male","Secondary","Married",0
14880,1994-12-31,"Male","Technical","Married",1
14881,2001-12-31,"Male","Technical","Single",2
14882,1983-12-31,"Male","Technical","Married",2
14883,1986-12-31,"Female","Technical","Single",2
14884,1994-12-31,"Female","Secondary","Single",0
14885,2007-12-31,"Male","University","Married",5
14886,1994-12-31,"Female","University","Married",4
14887,1977-12-31,"Male","University","Single",1
14888,1971-12-31,"Female","Technical","Married",2
14889,2001-12-31,"Male","Secondary","Married",2
14890,1987-12-31,"Female","University","Divorced",3
14891,1992-12-31,"Male","Technical","Single",2
14892,1976-12-31,"Female","Secondary","Single",2
14893,1988-12-31,"Male","Secondary","Single",2
14894,1960-12-31,"Female","Secondary","Single",3
14895,1987-12-31,"Female","Secondary","Single",3
14896,1977-12-31,"Female","Technical","Divorced",3
14897,1978-12-31,"Female","Technical","Single",3
14898,1970-12-31,"Male","Secondary","Married",0
14899,1993-12-31,"Male","Postgraduate","Married",2
14900,1978-12-31,"Female","Secondary","Single",0
14901,1979-12-31,"Male","University","Married",0
14902,1964-12-31,"Male","Secondary","Married",1
14903,1958-12-31,"Male","Secondary","Divorced",1
14904,1980-12-31,"Male","Secondary","Widowed",1
14905,1976-12-31,"Female","Technical","Married",3
14906,1982-12-31,"Female","Secondary","Married",0
14907,1984-12-31,"Male","Technical","Married",0
14908,1976-12-31,"Female","Postgraduate","Single",1
14909,1981-12-31,"Male","Secondary","Married",0
14910,1988-12-31,"Female","Secondary","Divorced",3
14911,1989-12-31,"Female","Postgraduate","Single",2
14912,1985-12-31,"Male","University","Married",2
14913,1978-12-31,"Female","Technical","Married",0
14914,2004-12-31,"Female","Technical","Married",1
14915,2000-12-31,"Male","University","Married",2
14916,2006-12-31,"Male","Technical","Married",1
14917,2007-12-31,"Female","University","Widowed",4
14918,1976-12-31,"Female","Secondary","Single",1
14919,1975-12-31,"Female","University","Widowed",1
14920,1974-12-31,"Male","Postgraduate","Divorced",2
14921,1996-12-31,"Female","Technical","Single",1
14922,1965-12-31,"Female","University","Divorced",0
14923,1983-12-31,"Female","University","Married",1
14924,1987-12-31,"Male","Technical","Single",1
14925,1990-12-31,"Female","Other","Widowed",0
14926,1985-12-31,"Male","Technical","Married",2
14927,1979-12-31,"Female","Technical","Married",2
14928,2007-12-31,"Female","Secondary","Married",2
14929,1995-12-31,"Male","University","Single",2
14930,1973-12-31,"Male","University","Married",0
14931,2000-12-31,"Male","Secondary","Widowed",0
14932,1960-12-31,"Male","University","Married",1
14933,1969-12-31,"Female","University","Married",4
14934,1973-12-31,"Female","Secondary","Divorced",1
14935,1991-12-31,"Female","Secondary","Single",0
14936,1981-12-31,"Male","Secondary","Widowed",0
14937,1985-12-31,"Female","Postgraduate","Single",2
14938,1960-12-31,"Female","Secondary","Married",2
14939,1961-12-31,"Other","Secondary","Single",2
14940,1995-12-31,"Male","Technical","Married",1
14941,1966-12-31,"Male","Technical","Single",2
14942,1975-12-31,"Female","Secondary","Married",0
14943,1973-12-31,"Male","Secondary","Married",2
14944,1982-12-31,"Male","University","Single",1
14945,2005-12-31,"Other","Secondary","Married",0
14946,1967-12-31,"Male","Secondary","Married",1
14947,1970-12-31,"Female","Technical","Married",2
14948,1964-12-31,"Male","Technical","Single",3
14949,1974-12-31,"Female","Secondary","Single",0
14950,1971-12-31,"Female","University","Married",1
14951,1975-12-31,"Male","Technical","Married",1
14952,1971-12-31,"Female","Secondary","Single",2
14953,1972-12-31,"Female","Technical","Married",3
14954,1998-12-31,"Male","Secondary","Married",0
14955,1979-12-31,"Female","University","Single",1
14956,1972-12-31,"Male","Postgraduate","Married",2
14957,1981-12-31,"Male","University","Divorced",1
14958,1980-12-31,"Male","Technical","Divorced",3
14959,2007-12-31,"Female","University","Single",2
14960,1987-12-31,"Female","Secondary","Married",0
14961,1987-12-31,"Male","Technical","Married",3
14962,1986-12-31,"Male","Other","Married",3
14963,1982-12-31,"Male","University","Married",1
14964,1979-12-31,"Female","Secondary","Married",2
14965,1975-12-31,"Female","Technical","Married",0
14966,1993-12-31,"Male","University","Single",2
14967,1975-12-31,"Female","University","Widowed",2
14968,1982-12-31,"Female","University","Married",0
14969,1968-12-31,"Other","Secondary","Widowed",0
14970,1965-12-31,"Female","Technical","Divorced",1
14971,1997-12-31,"Male","Technical","Divorced",1
14972,1988-12-31,"Male","Postgraduate","Married",2
14973,1972-12-31,"Female","Secondary","Single",1
14974,1972-12-31,"Female","Secondary","Married",2
14975,1982-12-31,"Female","Secondary","Divorced",1
14976,1976-12-31,"Male","Technical","Single",0
14977,1965-12-31,"Female","University","Single",1
14978,1975-12-31,"Male","Secondary","Married",2
14979,1976-12-31,"Female","Secondary","Widowed",1
14980,1977-12-31,"Male","University","Married",0
14981,1984-12-31,"Female","Postgraduate","Single",1
14982,1986-12-31,"Male","Secondary","Single",1
14983,1969-12-31,"Male","Technical","Single",1
14984,1998-12-31,"Male","Technical","Single",1
14985,1988-12-31,"Female","University","Single",2
14986,1988-12-31,"Male","University","Married",2
14987,1979-12-31,"Female","Secondary","Single",1
14988,1975-12-31,"Male","University","Widowed",3
14989,1981-12-31,"Female","University","Married",1
14990,1996-12-31,"Female","University","Married",0
14991,1970-12-31,"Female","Technical","Married",2
14992,1980-12-31,"Male","University","Married",2
14993,1979-12-31,"Male","Secondary","Single",1
14994,1980-12-31,"Female","University","Married",1
14995,1984-12-31,"Male","Technical","Single",2
14996,1987-12-31,"Male","University","Divorced",2
14997,1972-12-31,"Female","Other","Married",2
14998,1985-12-31,"Male","University","Married",2
14999,2007-12-31,"Male","Secondary","Married",1
15000,1999-12-31,"Female","University","Married",1
15001,1985-12-31,"Female","Secondary","Married",2
15002,1980-12-31,"Male","Technical","Single",1
15003,1995-12-31,"Female","Secondary","Married",1
15004,1976-12-31,"Male","Technical","Married",2
15005,1993-12-31,"Female","Secondary","Married",2
15006,1990-12-31,"Male","Technical","Divorced",3
15007,1974-12-31,"Female","Secondary","Single",3
15008,1990-12-31,"Female","Secondary","Married",1
15009,2007-12-31,"Male","Secondary","Divorced",2
15010,1960-12-31,"Male","Secondary","Married",1
15011,1966-12-31,"Male","Technical","Single",2
15012,1995-12-31,"Female","Secondary","Widowed",2
15013,1973-12-31,"Female","Technical","Single",0
15014,1983-12-31,"Female","Technical","Married",2
15015,1961-12-31,"Female","Technical","Single",1
15016,1965-12-31,"Male","University","Married",2
15017,1988-12-31,"Male","Secondary","Married",2
15018,1985-12-31,"Female","Other","Married",0
15019,1984-12-31,"Male","Secondary","Single",3
15020,1981-12-31,"Male","Other","Single",1
15021,1979-12-31,"Female","Technical","Married",1
15022,2006-12-31,"Male","Postgraduate","Single",3
15023,1958-12-31,"Female","Secondary","Married",0
15024,1994-12-31,"Male","Secondary","Single",1
15025,1987-12-31,"Female","University","Single",0
15026,1988-12-31,"Male","Technical","Single",1
15027,1987-12-31,"Female","Technical","Married",0
15028,1976-12-31,"Male","Technical","Single",1
15029,1989-12-31,"Female","Secondary","Married",1
15030,2001-12-31,"Other","Other","Married",0
15031,1967-12-31,"Male","University","Single",2
15032,1977-12-31,"Female","Technical","Divorced",3
15033,1976-12-31,"Female","Secondary","Single",0
15034,1977-12-31,"Male","University","Married",1
15035,1996-12-31,"Male","Technical","Single",1
15036,1985-12-31,"Male","Secondary","Married",2
15037,2002-12-31,"Male","Postgraduate","Married",1
15038,1980-12-31,"Female","University","Widowed",2
15039,1977-12-31,"Female","Secondary","Married",1
15040,1982-12-31,"Male","Technical","Married",1
15041,1999-12-31,"Female","Technical","Single",2
15042,1967-12-31,"Male","Secondary","Married",1
15043,1974-12-31,"Male","Technical","Married",2
15044,1991-12-31,"Female","Postgraduate","Married",1
15045,2000-12-31,"Male","University","Widowed",1
15046,1981-12-31,"Female","University","Married",2
15047,1976-12-31,"Female","University","Married",3
15048,1993-12-31,"Female","Technical","Married",2
15049,1967-12-31,"Female","Technical","Married",1
15050,1980-12-31,"Male","University","Divorced",1
15051,1995-12-31,"Female","Secondary","Widowed",0
15052,1984-12-31,"Female","University","Married",1
15053,1983-12-31,"Female","Technical","Married",0
15054,1993-12-31,"Male","Secondary","Divorced",1
15055,1998-12-31,"Female","Secondary","Single",3
15056,1980-12-31,"Female","Technical","Single",1
15057,1978-12-31,"Female","Technical","Married",1
15058,1962-12-31,"Female","Secondary","Single",1
15059,1976-12-31,"Female","Postgraduate","Married",1
15060,1980-12-31,"Female","University","Married",1
15061,1980-12-31,"Female","Secondary","Divorced",1
15062,1966-12-31,"Female","Technical","Married",3
15063,1989-12-31,"Male","Technical","Single",1
15064,2004-12-31,"Other","Secondary","Single",1
15065,1986-12-31,"Other","Technical","Single",4
15066,1972-12-31,"Female","Secondary","Widowed",2
15067,1966-12-31,"Male","Secondary","Married",1
15068,2000-12-31,"Male","Technical","Married",3
15069,1994-12-31,"Female","University","Married",1
15070,1995-12-31,"Male","University","Single",1
15071,1998-12-31,"Female","Technical","Married",1
15072,1969-12-31,"Female","Technical","Married",3
15073,1981-12-31,"Male","Secondary","Divorced",1
15074,1981-12-31,"Female","Secondary","Single",0
15075,1979-12-31,"Male","University","Married",2
15076,1982-12-31,"Male","University","Single",0
15077,1986-12-31,"Female","University","Widowed",3
15078,1982-12-31,"Male","Secondary","Married",0
15079,1967-12-31,"Female","Technical","Married",3
15080,2004-12-31,"Female","Secondary","Single",0
15081,1993-12-31,"Male","Secondary","Married",2
15082,1984-12-31,"Male","Secondary","Married",1
15083,1988-12-31,"Male","Secondary","Single",0
15084,1987-12-31,"Male","Secondary","Married",0
15085,1988-12-31,"Female","University","Single",1
15086,1972-12-31,"Male","University","Single",2
15087,1982-12-31,"Female","Technical","Single",1
15088,1996-12-31,"Male","University","Married",1
15089,1985-12-31,"Male","Secondary","Married",1
15090,1958-12-31,"Male","Secondary","Single",0
15091,1971-12-31,"Male","Technical","Married",0
15092,1992-12-31,"Male","Secondary","Single",3
15093,1964-12-31,"Female","University","Married",2
15094,1997-12-31,"Female","Other","Single",0
15095,1984-12-31,"Female","University","Divorced",0
15096,1968-12-31,"Female","Secondary","Married",2
15097,1981-12-31,"Female","University","Married",3
15098,1963-12-31,"Male","University","Married",0
15099,1961-12-31,"Female","University","Single",1
15100,1971-12-31,"Female","Secondary","Single",1
15101,1983-12-31,"Male","Secondary","Divorced",1
15102,1980-12-31,"Female","Postgraduate","Married",1
15103,1972-12-31,"Female","Postgraduate","Married",0
15104,1993-12-31,"Male","Secondary","Married",4
15105,1993-12-31,"Male","Technical","Single",1
15106,1958-12-31,"Female","Other","Married",1
15107,1993-12-31,"Female","Other","Married",0
15108,1991-12-31,"Male","University","Married",2
15109,1980-12-31,"Male","Secondary","Married",0
15110,1963-12-31,"Female","Other","Married",3
15111,2002-12-31,"Female","Secondary","Married",2
15112,2001-12-31,"Male","University","Single",1
15113,1986-12-31,"Female","Postgraduate","Married",1
15114,1982-12-31,"Male","Technical","Single",2
15115,1966-12-31,"Male","Secondary","Widowed",2
15116,1989-12-31,"Female","University","Married",1
15117,2007-12-31,"Male","Technical","Single",2
15118,1985-12-31,"Female","Other","Married",1
15119,1976-12-31,"Female","University","Single",0
15120,1978-12-31,"Female","Postgraduate","Single",1
15121,1969-12-31,"Female","Other","Married",3
15122,1984-12-31,"Female","University","Single",2
15123,1990-12-31,"Male","Secondary","Divorced",4
15124,1976-12-31,"Female","Secondary","Married",2
15125,1977-12-31,"Male","University","Married",2
15126,2000-12-31,"Female","Secondary","Married",0
15127,1982-12-31,"Female","Technical","Divorced",1
15128,1979-12-31,"Female","Secondary","Married",0
15129,1995-12-31,"Female","Technical","Single",1
15130,1985-12-31,"Female","Secondary","Single",3
15131,2002-12-31,"Male","Technical","Widowed",1
15132,1988-12-31,"Female","Secondary","Single",2
15133,1996-12-31,"Female","University","Married",4
15134,1998-12-31,"Female","Postgraduate","Divorced",1
15135,1983-12-31,"Female","University","Married",1
15136,1989-12-31,"Female","Secondary","Divorced",3
15137,1992-12-31,"Female","Secondary","Single",1
15138,1969-12-31,"Male","University","Married",3
15139,1975-12-31,"Male","Technical","Single",1
15140,1975-12-31,"Female","Secondary","Single",0
15141,1976-12-31,"Male","Secondary","Married",2
15142,1976-12-31,"Female","Technical","Divorced",1
15143,1985-12-31,"Male","Secondary","Single",0
15144,1963-12-31,"Male","University","Divorced",2
15145,1994-12-31,"Female","Postgraduate","Single",2
15146,1989-12-31,"Male","University","Divorced",3
15147,1982-12-31,"Female","Technical","Married",1
15148,1982-12-31,"Male","University","Married",1
15149,1958-12-31,"Male","University","Single",2
15150,1986-12-31,"Female","University","Single",1
15151,1964-12-31,"Male","Postgraduate","Single",3
15152,1979-12-31,"Female","Secondary","Married",0
15153,1975-12-31,"Male","University","Married",0
15154,1979-12-31,"Female","Secondary","Divorced",3
15155,1989-12-31,"Male","Secondary","Married",2
15156,1962-12-31,"Male","University","Single",2
15157,1979-12-31,"Female","University","Married",1
15158,1963-12-31,"Female","Secondary","Married",1
15159,1978-12-31,"Male","Secondary","Married",0
15160,2002-12-31,"Male","Secondary","Married",0
15161,1980-12-31,"Male","Technical","Married",1
15162,1997-12-31,"Male","University","Single",2
15163,1974-12-31,"Female","Secondary","Married",2
15164,1969-12-31,"Female","Technical","Married",1
15165,1985-12-31,"Male","Postgraduate","Married",2
15166,1987-12-31,"Female","Technical","Divorced",1
15167,1986-12-31,"Female","Secondary","Divorced",1
15168,1984-12-31,"Female","Secondary","Married",0
15169,1962-12-31,"Female","University","Single",1
15170,1986-12-31,"Male","Technical","Single",0
15171,1979-12-31,"Male","University","Divorced",0
15172,1995-12-31,"Male","Secondary","Married",0
15173,1987-12-31,"Male","Technical","Married",0
15174,1961-12-31,"Male","Technical","Widowed",1
15175,1970-12-31,"Male","Secondary","Divorced",0
15176,1979-12-31,"Female","Technical","Divorced",2
15177,1996-12-31,"Female","Postgraduate","Single",0
15178,1975-12-31,"Male","University","Divorced",0
15179,1978-12-31,"Female","Technical","Single",1
15180,1999-12-31,"Female","Postgraduate","Married",1
15181,1957-12-31,"Male","Technical","Married",0
15182,1983-12-31,"Female","University","Married",1
15183,1991-12-31,"Female","University","Single",3
15184,1998-12-31,"Male","University","Divorced",1
15185,1980-12-31,"Male","University","Married",4
15186,1986-12-31,"Male","Technical","Widowed",1
15187,1979-12-31,"Male","Secondary","Married",2
15188,1990-12-31,"Male","Secondary","Divorced",1
15189,1975-12-31,"Female","Technical","Single",1
15190,1976-12-31,"Female","Secondary","Single",1
15191,1980-12-31,"Male","Secondary","Married",2
15192,1981-12-31,"Female","University","Single",0
15193,1985-12-31,"Female","Secondary","Married",1
15194,1982-12-31,"Female","University","Single",0
15195,1975-12-31,"Male","Secondary","Married",4
15196,2004-12-31,"Male","Other","Married",0
15197,1998-12-31,"Female","Secondary","Single",0
15198,1994-12-31,"Female","University","Married",0
15199,1957-12-31,"Male","Technical","Married",0
15200,1977-12-31,"Male","University","Married",2
15201,1981-12-31,"Male","Secondary","Married",1
15202,2002-12-31,"Female","Technical","Widowed",2
15203,1971-12-31,"Female","Postgraduate","Married",2
15204,1971-12-31,"Male","Secondary","Single",0
15205,1970-12-31,"Female","Secondary","Married",1
15206,1972-12-31,"Female","University","Married",2
15207,1970-12-31,"Female","Secondary","Single",0
15208,1971-12-31,"Male","Secondary","Married",1
15209,1972-12-31,"Other","Secondary","Married",0
15210,1989-12-31,"Male","Secondary","Single",0
15211,1977-12-31,"Female","Technical","Married",2
15212,1979-12-31,"Female","Technical","Single",1
15213,1978-12-31,"Male","Secondary","Divorced",1
15214,1982-12-31,"Male","Secondary","Married",1
15215,1975-12-31,"Male","Technical","Single",2
15216,1979-12-31,"Female","Secondary","Single",0
15217,1985-12-31,"Male","Secondary","Married",1
15218,1982-12-31,"Male","Secondary","Divorced",0
15219,1984-12-31,"Male","University","Single",1
15220,1990-12-31,"Female","Secondary","Single",1
15221,1979-12-31,"Female","Secondary","Married",2
15222,1982-12-31,"Female","Technical","Single",0
15223,1970-12-31,"Male","Postgraduate","Single",0
15224,1956-12-31,"Female","University","Married",2
15225,1987-12-31,"Male","Technical","Widowed",2
15226,1987-12-31,"Male","Technical","Married",2
15227,1971-12-31,"Male","Secondary","Single",0
15228,1978-12-31,"Male","Technical","Single",2
15229,1978-12-31,"Female","Secondary","Married",0
15230,2004-12-31,"Female","Technical","Married",3
15231,1995-12-31,"Female","University","Single",0
15232,1968-12-31,"Female","Secondary","Married",0
15233,1990-12-31,"Male","University","Married",3
15234,1966-12-31,"Male","Technical","Divorced",2
15235,1976-12-31,"Female","Technical","Married",0
15236,1981-12-31,"Other","University","Married",5
15237,1968-12-31,"Female","Technical","Single",1
15238,1958-12-31,"Male","University","Single",1
15239,1992-12-31,"Female","Secondary","Single",0
15240,1970-12-31,"Female","Technical","Married",2
15241,1991-12-31,"Male","University","Widowed",0
15242,1982-12-31,"Female","Secondary","Married",1
15243,2001-12-31,"Female","Technical","Married",0
15244,1993-12-31,"Female","Technical","Divorced",0
15245,1983-12-31,"Female","Secondary","Single",1
15246,1980-12-31,"Male","Technical","Married",1
15247,1968-12-31,"Male","University","Married",1
15248,2003-12-31,"Male","Secondary","Single",1
15249,1971-12-31,"Male","Secondary","Married",4
15250,1987-12-31,"Male","University","Single",0
15251,1980-12-31,"Male","Secondary","Married",0
15252,1974-12-31,"Male","Other","Divorced",1
15253,1996-12-31,"Female","University","Married",2
15254,1972-12-31,"Female","Secondary","Married",2
15255,1982-12-31,"Female","Secondary","Divorced",3
15256,1969-12-31,"Male","Secondary","Married",1
15257,1993-12-31,"Female","University","Divorced",2
15258,1976-12-31,"Female","University","Married",0
15259,1970-12-31,"Female","University","Married",1
15260,1959-12-31,"Female","University","Single",0
15261,1975-12-31,"Male","Postgraduate","Married",0
15262,1974-12-31,"Male","Technical","Single",1
15263,1999-12-31,"Male","Technical","Single",2
15264,1974-12-31,"Female","Secondary","Married",1
15265,1973-12-31,"Other","Secondary","Single",1
15266,1976-12-31,"Male","Secondary","Single",2
15267,1997-12-31,"Other","Secondary","Married",2
15268,1966-12-31,"Female","Technical","Single",1
15269,1997-12-31,"Male","Secondary","Divorced",1
15270,2007-12-31,"Male","University","Divorced",2
15271,1986-12-31,"Female","University","Married",1
15272,1976-12-31,"Male","Secondary","Single",3
15273,1978-12-31,"Female","Secondary","Married",1
15274,1992-12-31,"Male","Secondary","Married",1
15275,1984-12-31,"Male","Technical","Married",2
15276,1999-12-31,"Female","Secondary","Married",2
15277,1986-12-31,"Male","Secondary","Married",1
15278,1987-12-31,"Female","Technical","Married",2
15279,1987-12-31,"Female","University","Single",2
15280,1989-12-31,"Male","Technical","Married",0
15281,1969-12-31,"Male","Technical","Single",1
15282,1972-12-31,"Male","Secondary","Single",3
15283,1988-12-31,"Male","Technical","Single",3
15284,1963-12-31,"Female","University","Divorced",0
15285,1986-12-31,"Male","Secondary","Single",0
15286,1984-12-31,"Female","Secondary","Single",0
15287,1980-12-31,"Male","Secondary","Single",0
15288,1982-12-31,"Male","Secondary","Widowed",3
15289,1999-12-31,"Male","University","Divorced",1
15290,1975-12-31,"Male","University","Divorced",2
15291,1981-12-31,"Female","University","Single",2
15292,1971-12-31,"Male","Secondary","Single",0
15293,1977-12-31,"Female","Postgraduate","Single",1
15294,1970-12-31,"Male","Technical","Single",1
15295,2000-12-31,"Female","University","Married",2
15296,1962-12-31,"Female","Secondary","Widowed",2
15297,1971-12-31,"Male","Technical","Married",0
15298,1989-12-31,"Male","Secondary","Married",0
15299,2006-12-31,"Male","Technical","Married",0
15300,1964-12-31,"Female","Secondary","Single",2
15301,1989-12-31,"Female","University","Divorced",0
15302,1981-12-31,"Female","Postgraduate","Single",2
15303,1997-12-31,"Female","University","Married",2
15304,1981-12-31,"Female","Secondary","Married",0
15305,1993-12-31,"Female","University","Married",0
15306,1992-12-31,"Male","University","Married",1
15307,1991-12-31,"Male","University","Married",0
15308,1950-12-31,"Male","University","Married",0
15309,2003-12-31,"Female","Technical","Divorced",1
15310,1981-12-31,"Male","Secondary","Single",2
15311,1983-12-31,"Female","Secondary","Married",1
15312,1972-12-31,"Male","Secondary","Divorced",3
15313,1967-12-31,"Male","University","Married",1
15314,2007-12-31,"Female","Postgraduate","Single",1
15315,1976-12-31,"Female","Secondary","Married",1
15316,1995-12-31,"Female","Secondary","Married",0
15317,1973-12-31,"Male","Secondary","Single",2
15318,1976-12-31,"Female","Secondary","Married",1
15319,1978-12-31,"Male","Technical","Married",1
15320,1950-12-31,"Female","Secondary","Married",1
15321,1992-12-31,"Female","Secondary","Single",0
15322,1990-12-31,"Male","Secondary","Single",0
15323,2000-12-31,"Male","Postgraduate","Divorced",1
15324,2002-12-31,"Female","University","Married",1
15325,1985-12-31,"Male","Technical","Single",1
15326,1978-12-31,"Male","Secondary","Single",2
15327,1998-12-31,"Female","University","Single",2
15328,1978-12-31,"Female","University","Married",1
15329,1987-12-31,"Male","Secondary","Single",1
15330,1971-12-31,"Male","Technical","Single",1
15331,1984-12-31,"Male","Postgraduate","Married",0
15332,1985-12-31,"Female","University","Married",1
15333,1981-12-31,"Male","Secondary","Divorced",2
15334,1992-12-31,"Male","Secondary","Single",1
15335,1995-12-31,"Female","Technical","Divorced",1
15336,1987-12-31,"Female","University","Widowed",1
15337,2004-12-31,"Male","Technical","Married",3
15338,2000-12-31,"Female","University","Married",1
15339,1985-12-31,"Male","Secondary","Married",1
15340,1959-12-31,"Female","Secondary","Married",1
15341,1999-12-31,"Male","Technical","Single",2
15342,1967-12-31,"Other","Technical","Divorced",1
15343,1966-12-31,"Male","University","Married",1
15344,1973-12-31,"Female","Secondary","Single",1
15345,1980-12-31,"Female","Secondary","Married",1
15346,1999-12-31,"Female","Secondary","Single",4
15347,1983-12-31,"Female","University","Married",2
15348,1981-12-31,"Male","Postgraduate","Divorced",1
15349,1994-12-31,"Female","University","Married",2
15350,1972-12-31,"Female","Technical","Widowed",0
15351,1973-12-31,"Male","Technical","Single",1
15352,1991-12-31,"Male","University","Single",2
15353,1989-12-31,"Male","University","Divorced",0
15354,1990-12-31,"Female","Technical","Married",5
15355,1985-12-31,"Male","Postgraduate","Single",0
15356,1972-12-31,"Male","Secondary","Single",2
15357,1972-12-31,"Male","University","Single",1
15358,1983-12-31,"Male","University","Single",1
15359,1982-12-31,"Female","Secondary","Married",2
15360,1981-12-31,"Female","Secondary","Single",4
15361,1984-12-31,"Male","Postgraduate","Single",2
15362,1976-12-31,"Male","Technical","Single",1
15363,1977-12-31,"Female","University","Married",0
15364,1985-12-31,"Female","Technical","Married",2
15365,1998-12-31,"Male","Secondary","Single",0
15366,1965-12-31,"Female","University","Widowed",1
15367,1975-12-31,"Female","University","Married",0
15368,1978-12-31,"Female","Technical","Married",3
15369,1969-12-31,"Female","Technical","Married",0
15370,1962-12-31,"Male","Secondary","Married",1
15371,1983-12-31,"Female","Technical","Married",1
15372,1980-12-31,"Female","University","Married",1
15373,1970-12-31,"Male","Technical","Single",1
15374,1985-12-31,"Male","Technical","Married",0
15375,1981-12-31,"Male","University","Married",1
15376,1987-12-31,"Male","University","Married",2
15377,1974-12-31,"Male","University","Widowed",3
15378,1981-12-31,"Male","University","Married",0
15379,1965-12-31,"Male","Technical","Divorced",2
15380,1992-12-31,"Male","Technical","Married",0
15381,1950-12-31,"Male","Secondary","Single",1
15382,1982-12-31,"Female","Secondary","Married",3
15383,1970-12-31,"Male","Technical","Widowed",1
15384,1972-12-31,"Male","Secondary","Married",1
15385,1963-12-31,"Male","University","Married",3
15386,1994-12-31,"Female","University","Married",1
15387,1993-12-31,"Male","Other","Single",1
15388,1983-12-31,"Female","Technical","Married",1
15389,1979-12-31,"Female","Secondary","Divorced",4
15390,1985-12-31,"Female","Secondary","Married",0
15391,1952-12-31,"Female","University","Single",1
15392,1990-12-31,"Male","University","Divorced",2
15393,1975-12-31,"Male","University","Single",2
15394,1967-12-31,"Female","Secondary","Single",0
15395,2003-12-31,"Female","University","Married",3
15396,1990-12-31,"Female","Other","Widowed",2
15397,1964-12-31,"Male","Secondary","Single",2
15398,1979-12-31,"Male","Postgraduate","Married",2
15399,1981-12-31,"Male","Technical","Married",2
15400,1972-12-31,"Female","Postgraduate","Married",1
15401,1990-12-31,"Male","University","Single",2
15402,2003-12-31,"Male","Technical","Single",0
15403,1965-12-31,"Female","Secondary","Married",2
15404,1992-12-31,"Male","Secondary","Married",2
15405,2006-12-31,"Other","Secondary","Married",4
15406,1970-12-31,"Male","University","Married",1
15407,1965-12-31,"Female","University","Single",2
15408,1999-12-31,"Female","Postgraduate","Widowed",2
15409,1977-12-31,"Female","University","Single",1
15410,1992-12-31,"Female","Technical","Single",0
15411,1987-12-31,"Female","University","Divorced",3
15412,1974-12-31,"Male","Postgraduate","Single",1
15413,1980-12-31,"Male","University","Single",1
15414,1960-12-31,"Male","Postgraduate","Married",0
15415,1958-12-31,"Male","University","Married",2
15416,1977-12-31,"Male","University","Married",1
15417,1990-12-31,"Female","Secondary","Single",0
15418,2003-12-31,"Female","University","Married",1
15419,1993-12-31,"Female","University","Married",2
15420,1986-12-31,"Female","Technical","Married",2
15421,1975-12-31,"Female","University","Single",1
15422,1981-12-31,"Female","Technical","Single",0
15423,1998-12-31,"Female","Technical","Single",1
15424,1988-12-31,"Female","University","Married",3
15425,1982-12-31,"Female","Technical","Married",2
15426,1991-12-31,"Male","University","Single",0
15427,1974-12-31,"Female","Technical","Married",1
15428,1960-12-31,"Female","University","Single",5
15429,1979-12-31,"Female","University","Single",1
15430,1983-12-31,"Male","University","Married",2
15431,1987-12-31,"Female","Secondary","Married",0
15432,1979-12-31,"Female","Technical","Married",1
15433,1986-12-31,"Male","Technical","Single",0
15434,1977-12-31,"Female","Secondary","Widowed",1
15435,2004-12-31,"Female","Postgraduate","Married",2
15436,1973-12-31,"Female","University","Single",0
15437,1979-12-31,"Female","University","Widowed",0
15438,2007-12-31,"Male","University","Single",2
15439,1981-12-31,"Female","Postgraduate","Widowed",0
15440,1999-12-31,"Male","Secondary","Single",0
15441,1995-12-31,"Female","University","Married",1
15442,2004-12-31,"Female","Secondary","Single",0
15443,1993-12-31,"Male","Secondary","Divorced",0
15444,1996-12-31,"Male","Technical","Married",1
15445,1973-12-31,"Male","Technical","Single",3
15446,1990-12-31,"Female","University","Married",2
15447,2001-12-31,"Female","Technical","Divorced",1
15448,1991-12-31,"Female","University","Divorced",5
15449,1980-12-31,"Male","Postgraduate","Single",2
15450,1961-12-31,"Male","University","Married",2
15451,2002-12-31,"Female","University","Single",1
15452,1970-12-31,"Male","Technical","Married",3
15453,1995-12-31,"Male","University","Single",2
15454,1990-12-31,"Male","Technical","Single",0
15455,1997-12-31,"Male","Secondary","Single",3
15456,1977-12-31,"Female","University","Married",0
15457,1975-12-31,"Female","Secondary","Married",3
15458,1991-12-31,"Male","Technical","Married",2
15459,1979-12-31,"Female","Technical","Single",1
15460,1989-12-31,"Male","Technical","Divorced",0
15461,1969-12-31,"Male","University","Divorced",1
15462,1987-12-31,"Female","Secondary","Married",2
15463,1972-12-31,"Female","University","Married",3
15464,1962-12-31,"Female","University","Single",3
15465,1966-12-31,"Male","University","Married",2
15466,1989-12-31,"Male","Secondary","Single",0
15467,1976-12-31,"Male","Technical","Divorced",0
15468,1997-12-31,"Male","University","Single",0
15469,1985-12-31,"Female","Technical","Single",3
15470,1982-12-31,"Female","Technical","Married",2
15471,1995-12-31,"Male","University","Divorced",4
15472,1965-12-31,"Male","Secondary","Single",3
15473,1985-12-31,"Female","Secondary","Married",0
15474,1987-12-31,"Male","Secondary","Married",1
15475,1980-12-31,"Female","University","Married",1
15476,1977-12-31,"Female","Postgraduate","Widowed",1
15477,1977-12-31,"Male","Secondary","Married",0
15478,1987-12-31,"Male","Secondary","Single",0
15479,2000-12-31,"Female","Postgraduate","Married",1
15480,1977-12-31,"Female","Technical","Single",2
15481,1968-12-31,"Male","University","Single",2
15482,1984-12-31,"Male","University","Married",2
15483,1970-12-31,"Female","University","Single",1
15484,1973-12-31,"Female","University","Single",1
15485,1974-12-31,"Female","Postgraduate","Married",1
15486,1980-12-31,"Male","Technical","Married",1
15487,1968-12-31,"Female","Postgraduate","Single",1
15488,2007-12-31,"Male","Secondary","Married",1
15489,1982-12-31,"Female","Postgraduate","Married",0
15490,1991-12-31,"Female","Technical","Single",2
15491,2007-12-31,"Male","Secondary","Single",2
15492,1987-12-31,"Male","Postgraduate","Single",2
15493,1992-12-31,"Male","Technical","Divorced",2
15494,1993-12-31,"Female","Technical","Married",3
15495,1985-12-31,"Female","Technical","Single",2
15496,1976-12-31,"Female","University","Single",1
15497,1976-12-31,"Female","University","Married",1
15498,1977-12-31,"Male","Secondary","Married",1
15499,1994-12-31,"Male","University","Single",0
15500,1992-12-31,"Female","Technical","Married",1
15501,1979-12-31,"Female","Secondary","Single",0
15502,1998-12-31,"Female","Secondary","Single",0
15503,1987-12-31,"Female","Technical","Divorced",1
15504,1988-12-31,"Male","Secondary","Married",1
15505,1996-12-31,"Female","University","Single",0
15506,2000-12-31,"Female","University","Married",1
15507,1982-12-31,"Female","University","Single",1
15508,1979-12-31,"Male","Postgraduate","Married",1
15509,1983-12-31,"Female","University","Married",1
15510,1972-12-31,"Male","Technical","Single",1
15511,1999-12-31,"Female","University","Single",2
15512,1993-12-31,"Female","Technical","Married",2
15513,1980-12-31,"Male","Secondary","Single",0
15514,1987-12-31,"Male","Secondary","Divorced",1
15515,1982-12-31,"Male","University","Single",0
15516,1984-12-31,"Male","Technical","Married",3
15517,1964-12-31,"Male","University","Divorced",1
15518,1993-12-31,"Female","Technical","Single",1
15519,1968-12-31,"Male","University","Single",3
15520,1987-12-31,"Male","Technical","Single",0
15521,1990-12-31,"Female","University","Married",2
15522,1963-12-31,"Male","Secondary","Married",3
15523,1975-12-31,"Female","Postgraduate","Single",3
15524,1981-12-31,"Male","Secondary","Single",0
15525,1975-12-31,"Male","University","Married",1
15526,1965-12-31,"Male","Technical","Single",0
15527,1951-12-31,"Male","Secondary","Married",3
15528,1987-12-31,"Female","Secondary","Single",0
15529,1985-12-31,"Male","Secondary","Single",1
15530,1984-12-31,"Male","Technical","Widowed",4
15531,1986-12-31,"Female","University","Married",2
15532,1984-12-31,"Male","Postgraduate","Single",0
15533,1980-12-31,"Male","Technical","Married",0
15534,2003-12-31,"Female","University","Single",0
15535,1975-12-31,"Male","Secondary","Widowed",0
15536,1980-12-31,"Female","University","Widowed",0
15537,1994-12-31,"Female","University","Married",1
15538,2006-12-31,"Male","Postgraduate","Married",0
15539,1985-12-31,"Female","Technical","Divorced",0
15540,1982-12-31,"Male","University","Single",2
15541,1975-12-31,"Male","Technical","Divorced",2
15542,1967-12-31,"Male","Postgraduate","Single",2
15543,2000-12-31,"Female","Secondary","Single",1
15544,1975-12-31,"Female","Technical","Single",1
15545,1982-12-31,"Female","University","Single",1
15546,2007-12-31,"Female","Technical","Single",0
15547,1977-12-31,"Male","University","Single",2
15548,1970-12-31,"Female","University","Married",0
15549,1957-12-31,"Male","Secondary","Married",2
15550,1989-12-31,"Male","Technical","Married",2
15551,2007-12-31,"Female","Secondary","Widowed",2
15552,1979-12-31,"Female","Technical","Married",1
15553,1995-12-31,"Male","University","Married",0
15554,1995-12-31,"Female","Postgraduate","Single",2
15555,2002-12-31,"Female","Secondary","Married",1
15556,1984-12-31,"Female","Secondary","Married",0
15557,1980-12-31,"Female","Secondary","Single",3
15558,1980-12-31,"Female","University","Married",1
15559,1978-12-31,"Female","University","Single",1
15560,1984-12-31,"Male","Secondary","Married",1
15561,1987-12-31,"Male","Technical","Married",0
15562,1979-12-31,"Male","University","Married",0
15563,1985-12-31,"Female","Technical","Married",2
15564,1963-12-31,"Female","Secondary","Married",1
15565,1992-12-31,"Female","Secondary","Single",1
15566,2003-12-31,"Female","Secondary","Married",0
15567,1967-12-31,"Female","University","Widowed",1
15568,1965-12-31,"Male","Other","Married",2
15569,1994-12-31,"Male","University","Single",3
15570,1992-12-31,"Female","Secondary","Married",4
15571,1991-12-31,"Female","Technical","Married",1
15572,1973-12-31,"Female","Postgraduate","Married",0
15573,1981-12-31,"Male","University","Married",1
15574,1971-12-31,"Female","University","Single",2
15575,1961-12-31,"Female","Secondary","Single",1
15576,1987-12-31,"Male","Secondary","Single",0
15577,1994-12-31,"Female","Secondary","Single",1
15578,1985-12-31,"Male","Secondary","Single",0
15579,1988-12-31,"Male","Secondary","Single",1
15580,1991-12-31,"Male","University","Single",1
15581,1981-12-31,"Female","Technical","Married",2
15582,1991-12-31,"Female","University","Married",2
15583,1986-12-31,"Female","Technical","Single",2
15584,1953-12-31,"Female","Secondary","Single",2
15585,1983-12-31,"Male","University","Married",1
15586,1974-12-31,"Female","University","Married",4
15587,1982-12-31,"Male","Secondary","Single",0
15588,1984-12-31,"Male","Secondary","Single",0
15589,1986-12-31,"Male","University","Married",2
15590,1979-12-31,"Male","University","Married",2
15591,1990-12-31,"Male","Postgraduate","Married",1
15592,2000-12-31,"Female","Secondary","Divorced",1
15593,1985-12-31,"Female","Secondary","Single",2
15594,1997-12-31,"Male","University","Married",1
15595,1975-12-31,"Female","Technical","Divorced",3
15596,1990-12-31,"Female","Secondary","Married",1
15597,1975-12-31,"Female","Postgraduate","Single",0
15598,1991-12-31,"Female","Technical","Married",1
15599,1983-12-31,"Male","University","Married",0
15600,1999-12-31,"Female","Secondary","Single",5
15601,1987-12-31,"Female","Secondary","Married",3
15602,1984-12-31,"Female","Secondary","Divorced",0
15603,1974-12-31,"Female","Secondary","Single",1
15604,1982-12-31,"Male","Secondary","Single",0
15605,1991-12-31,"Male","University","Single",0
15606,1984-12-31,"Male","University","Single",3
15607,1986-12-31,"Male","Postgraduate","Widowed",2
15608,1994-12-31,"Female","Secondary","Single",1
15609,1982-12-31,"Female","Technical","Married",0
15610,1987-12-31,"Female","Secondary","Married",0
15611,1971-12-31,"Female","University","Single",1
15612,1965-12-31,"Other","University","Married",1
15613,1982-12-31,"Female","Technical","Married",1
15614,1993-12-31,"Female","Technical","Single",1
15615,1984-12-31,"Female","University","Single",2
15616,1967-12-31,"Male","Technical","Married",1
15617,1982-12-31,"Female","Technical","Widowed",0
15618,1992-12-31,"Female","Secondary","Married",5
15619,1995-12-31,"Male","Technical","Divorced",3
15620,1983-12-31,"Female","Technical","Divorced",0
15621,1981-12-31,"Female","Other","Married",3
15622,1995-12-31,"Male","Secondary","Married",0
15623,1993-12-31,"Female","Technical","Single",0
15624,1980-12-31,"Male","Technical","Married",3
15625,1984-12-31,"Female","Postgraduate","Divorced",1
15626,1964-12-31,"Male","University","Single",0
15627,1973-12-31,"Male","University","Widowed",1
15628,1983-12-31,"Female","Technical","Married",1
15629,1995-12-31,"Male","University","Married",1
15630,1988-12-31,"Female","Technical","Married",2
15631,1979-12-31,"Male","Secondary","Single",0
15632,1966-12-31,"Female","University","Married",0
15633,1973-12-31,"Male","University","Divorced",0
15634,1977-12-31,"Male","University","Divorced",0
15635,1975-12-31,"Male","University","Divorced",0
15636,1980-12-31,"Male","Secondary","Married",2
15637,1982-12-31,"Male","Technical","Married",0
15638,1972-12-31,"Female","Secondary","Married",0
15639,1989-12-31,"Male","Secondary","Single",2
15640,1993-12-31,"Female","University","Divorced",2
15641,1993-12-31,"Female","University","Single",2
15642,1989-12-31,"Male","University","Single",1
15643,2003-12-31,"Male","Secondary","Widowed",4
15644,1990-12-31,"Female","University","Married",0
15645,1979-12-31,"Female","Postgraduate","Divorced",0
15646,1994-12-31,"Female","University","Single",2
15647,1982-12-31,"Female","Secondary","Married",1
15648,1985-12-31,"Male","University","Married",1
15649,1982-12-31,"Female","Secondary","Single",3
15650,1982-12-31,"Female","University","Single",1
15651,1999-12-31,"Male","Technical","Single",1
15652,2003-12-31,"Female","University","Married",4
15653,1980-12-31,"Female","Secondary","Divorced",2
15654,1971-12-31,"Female","Technical","Divorced",0
15655,1989-12-31,"Female","Technical","Divorced",1
15656,1989-12-31,"Male","Technical","Married",1
15657,1991-12-31,"Female","University","Divorced",3
15658,1980-12-31,"Female","Technical","Married",0
15659,1993-12-31,"Male","Other","Single",0
15660,1982-12-31,"Female","University","Single",0
15661,1978-12-31,"Female","Other","Married",1
15662,1973-12-31,"Female","Secondary","Single",5
15663,1968-12-31,"Female","Other","Divorced",2
15664,1972-12-31,"Female","Secondary","Single",0
15665,1968-12-31,"Female","Technical","Married",2
15666,1992-12-31,"Male","Secondary","Widowed",1
15667,1987-12-31,"Male","University","Married",2
15668,1980-12-31,"Male","Technical","Single",1
15669,1996-12-31,"Male","Secondary","Married",1
15670,1953-12-31,"Female","Secondary","Single",1
15671,1992-12-31,"Female","University","Single",2
15672,1985-12-31,"Female","Technical","Single",3
15673,1987-12-31,"Male","University","Married",1
15674,1989-12-31,"Female","Technical","Married",3
15675,1982-12-31,"Male","University","Married",1
15676,1993-12-31,"Male","Other","Single",0
15677,1993-12-31,"Female","Secondary","Single",1
15678,1997-12-31,"Female","Technical","Married",2
15679,1983-12-31,"Female","University","Widowed",0
15680,1978-12-31,"Female","University","Single",2
15681,1989-12-31,"Female","Secondary","Married",1
15682,1980-12-31,"Female","Secondary","Single",5
15683,1980-12-31,"Female","University","Married",0
15684,1965-12-31,"Female","Postgraduate","Single",0
15685,1979-12-31,"Male","Technical","Married",2
15686,1982-12-31,"Male","Secondary","Married",2
15687,1988-12-31,"Female","Secondary","Single",0
15688,1994-12-31,"Female","Technical","Married",0
15689,1995-12-31,"Female","Technical","Widowed",0
15690,1985-12-31,"Male","Secondary","Single",0
15691,1979-12-31,"Male","Secondary","Divorced",1
15692,1962-12-31,"Female","Technical","Married",0
15693,1971-12-31,"Female","Secondary","Single",0
15694,1974-12-31,"Male","Secondary","Married",0
15695,1973-12-31,"Female","Technical","Single",1
15696,1995-12-31,"Male","University","Married",1
15697,1962-12-31,"Female","Technical","Divorced",3
15698,1985-12-31,"Male","Postgraduate","Single",0
15699,1950-12-31,"Female","University","Divorced",1
15700,1992-12-31,"Female","Secondary","Married",1
15701,1984-12-31,"Female","Secondary","Widowed",0
15702,1969-12-31,"Male","Secondary","Married",3
15703,1982-12-31,"Female","University","Married",3
15704,1965-12-31,"Male","Technical","Married",0
15705,1980-12-31,"Female","Other","Married",2
15706,1999-12-31,"Male","University","Married",0
15707,1975-12-31,"Female","Technical","Divorced",0
15708,1973-12-31,"Male","Other","Married",1
15709,1980-12-31,"Female","University","Single",1
15710,1971-12-31,"Female","Secondary","Divorced",2
15711,1973-12-31,"Male","Postgraduate","Married",1
15712,1983-12-31,"Female","Secondary","Widowed",2
15713,1972-12-31,"Female","University","Married",1
15714,1980-12-31,"Female","Technical","Single",1
15715,1982-12-31,"Female","Secondary","Married",2
15716,1994-12-31,"Female","Postgraduate","Married",0
15717,1970-12-31,"Male","Technical","Single",1
15718,1974-12-31,"Male","Secondary","Married",3
15719,1978-12-31,"Female","Secondary","Married",1
15720,1985-12-31,"Male","Technical","Divorced",0
15721,1988-12-31,"Male","Technical","Single",0
15722,1985-12-31,"Male","Secondary","Divorced",3
15723,1979-12-31,"Female","Technical","Single",2
15724,1988-12-31,"Female","Technical","Married",2
15725,1964-12-31,"Female","Secondary","Single",1
15726,1993-12-31,"Female","University","Single",0
15727,1966-12-31,"Male","Technical","Widowed",2
15728,1979-12-31,"Female","Technical","Married",1
15729,1983-12-31,"Female","Technical","Single",1
15730,1978-12-31,"Female","Secondary","Divorced",3
15731,1987-12-31,"Female","Secondary","Single",0
15732,1971-12-31,"Female","University","Married",2
15733,2001-12-31,"Female","Technical","Single",2
15734,1966-12-31,"Female","Secondary","Married",0
15735,1980-12-31,"Female","University","Married",0
15736,1993-12-31,"Male","Technical","Single",1
15737,1982-12-31,"Female","University","Married",4
15738,1988-12-31,"Male","University","Married",2
15739,2001-12-31,"Female","Secondary","Single",2
15740,1986-12-31,"Female","University","Married",2
15741,1961-12-31,"Male","University","Widowed",1
15742,2006-12-31,"Male","Other","Single",0
15743,1986-12-31,"Female","University","Married",1
15744,1985-12-31,"Female","University","Divorced",0
15745,1967-12-31,"Female","Postgraduate","Divorced",0
15746,1994-12-31,"Female","Secondary","Single",2
15747,1987-12-31,"Male","University","Married",1
15748,1985-12-31,"Male","University","Widowed",0
15749,1973-12-31,"Male","University","Married",2
15750,1981-12-31,"Male","Other","Single",3
15751,1970-12-31,"Male","Secondary","Married",1
15752,2000-12-31,"Other","University","Single",3
15753,1987-12-31,"Male","Technical","Single",1
15754,1983-12-31,"Male","University","Married",0
15755,1971-12-31,"Male","Secondary","Married",0
15756,1993-12-31,"Female","Secondary","Single",0
15757,1996-12-31,"Female","Secondary","Single",2
15758,2002-12-31,"Male","Technical","Single",1
15759,1960-12-31,"Male","Postgraduate","Single",1
15760,1974-12-31,"Female","Postgraduate","Married",2
15761,1993-12-31,"Female","Technical","Married",1
15762,1991-12-31,"Female","Other","Married",2
15763,1978-12-31,"Male","University","Married",3
15764,1972-12-31,"Male","Other","Single",0
15765,1961-12-31,"Male","University","Married",2
15766,2005-12-31,"Male","University","Widowed",0
15767,1995-12-31,"Female","University","Widowed",2
15768,1970-12-31,"Female","University","Single",1
15769,1990-12-31,"Female","Technical","Married",0
15770,1969-12-31,"Male","University","Married",3
15771,1977-12-31,"Female","University","Single",0
15772,1967-12-31,"Male","Secondary","Single",0
15773,1981-12-31,"Female","Secondary","Married",1
15774,1957-12-31,"Male","Technical","Single",0
15775,1993-12-31,"Female","University","Married",1
15776,1991-12-31,"Female","Secondary","Divorced",0
15777,1985-12-31,"Male","University","Single",2
15778,1989-12-31,"Male","University","Single",0
15779,1992-12-31,"Male","Technical","Married",0
15780,1975-12-31,"Male","Technical","Married",1
15781,1994-12-31,"Female","University","Married",0
15782,1993-12-31,"Male","Postgraduate","Married",2
15783,1996-12-31,"Female","Postgraduate","Divorced",2
15784,1982-12-31,"Female","University","Single",3
15785,1964-12-31,"Male","University","Married",0
15786,1977-12-31,"Female","University","Married",0
15787,1980-12-31,"Female","University","Married",1
15788,1962-12-31,"Male","University","Married",1
15789,1990-12-31,"Male","Postgraduate","Married",0
15790,1977-12-31,"Male","Secondary","Single",3
15791,1986-12-31,"Male","Technical","Divorced",1
15792,1967-12-31,"Female","University","Married",1
15793,1981-12-31,"Male","Technical","Single",0
15794,1960-12-31,"Female","Secondary","Married",1
15795,2006-12-31,"Female","University","Divorced",2
15796,1986-12-31,"Female","University","Single",2
15797,2005-12-31,"Male","University","Divorced",2
15798,1965-12-31,"Male","Technical","Widowed",1
15799,1984-12-31,"Male","Technical","Single",1
15800,1975-12-31,"Female","Technical","Married",2
15801,2002-12-31,"Male","University","Married",0
15802,1986-12-31,"Female","Secondary","Married",2
15803,1984-12-31,"Male","Secondary","Single",1
15804,1975-12-31,"Male","Secondary","Married",1
15805,1990-12-31,"Female","Secondary","Married",2
15806,1983-12-31,"Male","Technical","Single",1
15807,1981-12-31,"Female","Technical","Single",1
15808,1995-12-31,"Male","University","Single",4
15809,1976-12-31,"Male","University","Single",1
15810,1978-12-31,"Female","University","Married",0
15811,1984-12-31,"Female","Technical","Single",4
15812,1988-12-31,"Female","Technical","Married",2
15813,1997-12-31,"Female","University","Married",1
15814,1977-12-31,"Male","Secondary","Married",1
15815,1974-12-31,"Male","University","Single",2
15816,1983-12-31,"Female","Other","Married",0
15817,1963-12-31,"Female","University","Married",2
15818,1971-12-31,"Female","Technical","Divorced",3
15819,1989-12-31,"Female","Other","Married",0
15820,1969-12-31,"Female","Technical","Single",1
15821,1981-12-31,"Male","University","Single",1
15822,1983-12-31,"Male","Secondary","Married",3
15823,1980-12-31,"Male","Secondary","Married",1
15824,1973-12-31,"Female","Secondary","Single",0
15825,1991-12-31,"Female","Secondary","Married",0
15826,1984-12-31,"Male","Secondary","Single",0
15827,1978-12-31,"Female","Technical","Married",3
15828,1987-12-31,"Male","Secondary","Single",3
15829,1978-12-31,"Male","Secondary","Married",0
15830,1993-12-31,"Female","University","Married",2
15831,1979-12-31,"Male","Other","Single",2
15832,1967-12-31,"Female","Secondary","Single",2
15833,1992-12-31,"Male","Technical","Single",2
15834,1999-12-31,"Female","Technical","Married",0
15835,1979-12-31,"Male","Technical","Married",2
15836,2007-12-31,"Female","Secondary","Married",1
15837,1971-12-31,"Female","Secondary","Divorced",4
15838,1966-12-31,"Female","Technical","Married",1
15839,1974-12-31,"Male","University","Married",0
15840,1980-12-31,"Female","Secondary","Single",3
15841,1980-12-31,"Other","Secondary","Widowed",1
15842,1976-12-31,"Female","Secondary","Married",0
15843,1969-12-31,"Female","Secondary","Married",0
15844,1985-12-31,"Male","University","Married",1
15845,1979-12-31,"Male","Postgraduate","Married",0
15846,1999-12-31,"Female","Secondary","Single",0
15847,1978-12-31,"Male","Technical","Married",0
15848,1982-12-31,"Male","Secondary","Single",1
15849,1984-12-31,"Male","University","Married",2
15850,1973-12-31,"Male","Other","Single",2
15851,1973-12-31,"Male","Secondary","Married",0
15852,1985-12-31,"Female","Postgraduate","Single",0
15853,1982-12-31,"Female","Secondary","Divorced",1
15854,1983-12-31,"Male","Secondary","Married",1
15855,1991-12-31,"Female","University","Married",2
15856,2001-12-31,"Male","Technical","Married",3
15857,1985-12-31,"Male","University","Single",2
15858,2001-12-31,"Male","University","Married",0
15859,1984-12-31,"Female","Postgraduate","Single",1
15860,1988-12-31,"Female","Technical","Married",1
15861,1977-12-31,"Male","Technical","Married",0
15862,1965-12-31,"Female","University","Married",1
15863,1971-12-31,"Male","Secondary","Single",3
15864,1980-12-31,"Male","University","Single",0
15865,2001-12-31,"Male","University","Single",0
15866,1997-12-31,"Male","Technical","Married",3
15867,1967-12-31,"Female","Secondary","Single",0
15868,1983-12-31,"Male","Technical","Divorced",1
15869,1959-12-31,"Female","Secondary","Married",2
15870,1969-12-31,"Female","Technical","Married",1
15871,2000-12-31,"Female","University","Single",3
15872,1968-12-31,"Male","Technical","Single",2
15873,1980-12-31,"Male","University","Divorced",0
15874,1984-12-31,"Female","Technical","Single",2
15875,1991-12-31,"Female","Postgraduate","Widowed",1
15876,1972-12-31,"Female","Technical","Married",0
15877,2000-12-31,"Male","Technical","Divorced",1
15878,1989-12-31,"Other","Postgraduate","Married",3
15879,1992-12-31,"Male","University","Married",0
15880,1979-12-31,"Female","University","Married",0
15881,1992-12-31,"Female","Secondary","Married",1
15882,1977-12-31,"Female","University","Married",0
15883,1985-12-31,"Other","Other","Widowed",1
15884,2000-12-31,"Female","Postgraduate","Single",0
15885,1955-12-31,"Male","University","Married",3
15886,1967-12-31,"Female","University","Single",3
15887,1993-12-31,"Male","University","Married",3
15888,1970-12-31,"Female","Secondary","Married",1
15889,1972-12-31,"Female","Technical","Married",4
15890,1966-12-31,"Male","Technical","Married",2
15891,1985-12-31,"Female","Secondary","Single",0
15892,1988-12-31,"Male","Secondary","Single",1
15893,1977-12-31,"Male","University","Married",3
15894,1958-12-31,"Male","University","Married",3
15895,1988-12-31,"Male","Technical","Married",0
15896,1996-12-31,"Female","University","Single",1
15897,1991-12-31,"Female","University","Single",1
15898,1988-12-31,"Female","Technical","Single",1
15899,2003-12-31,"Female","Technical","Married",0
15900,1979-12-31,"Female","Secondary","Married",0
15901,1971-12-31,"Female","Technical","Single",1
15902,1983-12-31,"Female","Secondary","Single",3
15903,1961-12-31,"Female","Technical","Divorced",0
15904,1972-12-31,"Male","University","Divorced",3
15905,1986-12-31,"Male","University","Single",0
15906,1975-12-31,"Male","Technical","Single",0
15907,1973-12-31,"Female","Technical","Single",1
15908,1997-12-31,"Male","University","Married",2
15909,1988-12-31,"Male","Technical","Married",4
15910,1975-12-31,"Female","Postgraduate","Married",0
15911,1983-12-31,"Male","Technical","Single",0
15912,1980-12-31,"Male","Technical","Married",3
15913,1966-12-31,"Male","Secondary","Single",2
15914,2000-12-31,"Female","Technical","Married",4
15915,1980-12-31,"Male","Other","Married",1
15916,1981-12-31,"Male","Secondary","Married",1
15917,1992-12-31,"Male","University","Divorced",2
15918,1989-12-31,"Male","Technical","Married",3
15919,1991-12-31,"Female","Secondary","Single",3
15920,1963-12-31,"Male","Secondary","Single",2
15921,1977-12-31,"Male","Secondary","Married",1
15922,1965-12-31,"Male","Secondary","Married",2
15923,1985-12-31,"Female","Technical","Married",0
15924,1985-12-31,"Female","Postgraduate","Married",0
15925,1973-12-31,"Female","Technical","Married",3
15926,1992-12-31,"Male","University","Single",1
15927,1983-12-31,"Female","Other","Single",1
15928,1996-12-31,"Male","Technical","Married",2
15929,1981-12-31,"Male","Postgraduate","Single",2
15930,2001-12-31,"Male","Secondary","Married",1
15931,1988-12-31,"Male","Technical","Single",3
15932,1980-12-31,"Male","University","Married",2
15933,1971-12-31,"Female","Secondary","Single",3
15934,2005-12-31,"Female","University","Married",1
15935,1969-12-31,"Male","Secondary","Single",3
15936,1987-12-31,"Male","Secondary","Single",2
15937,1974-12-31,"Female","Secondary","Single",0
15938,1986-12-31,"Male","Technical","Single",0
15939,1964-12-31,"Female","Technical","Married",3
15940,1985-12-31,"Male","Technical","Married",1
15941,2001-12-31,"Female","Technical","Married",0
15942,1989-12-31,"Other","University","Single",3
15943,1995-12-31,"Male","University","Single",0
15944,1995-12-31,"Male","Secondary","Divorced",1
15945,1968-12-31,"Female","Secondary","Single",2
15946,1982-12-31,"Female","Secondary","Married",5
15947,1986-12-31,"Male","Other","Married",0
15948,1967-12-31,"Male","Secondary","Widowed",3
15949,1981-12-31,"Female","Technical","Single",1
15950,1973-12-31,"Male","Other","Married",1
15951,1977-12-31,"Female","University","Single",1
15952,1996-12-31,"Male","University","Single",2
15953,1965-12-31,"Female","University","Married",3
15954,1986-12-31,"Female","Secondary","Single",1
15955,1990-12-31,"Male","Secondary","Divorced",0
15956,1979-12-31,"Male","Secondary","Widowed",1
15957,1985-12-31,"Male","University","Married",2
15958,1982-12-31,"Male","Secondary","Single",3
15959,2004-12-31,"Female","Postgraduate","Divorced",0
15960,1989-12-31,"Male","University","Married",2
15961,1964-12-31,"Male","Secondary","Single",3
15962,1972-12-31,"Male","Secondary","Married",1
15963,1984-12-31,"Male","Secondary","Single",0
15964,1986-12-31,"Male","Technical","Married",0
15965,1966-12-31,"Female","University","Married",1
15966,1986-12-31,"Female","Postgraduate","Married",2
15967,1970-12-31,"Female","Technical","Single",0
15968,1996-12-31,"Male","Technical","Married",1
15969,1979-12-31,"Male","Secondary","Single",1
15970,1984-12-31,"Male","University","Single",4
15971,1992-12-31,"Female","University","Divorced",1
15972,1985-12-31,"Female","Secondary","Single",0
15973,1970-12-31,"Male","University","Married",3
15974,1967-12-31,"Male","Secondary","Married",1
15975,1982-12-31,"Female","Technical","Widowed",2
15976,1990-12-31,"Female","Postgraduate","Married",3
15977,1995-12-31,"Male","University","Divorced",1
15978,2000-12-31,"Female","University","Divorced",1
15979,1975-12-31,"Female","University","Married",1
15980,1977-12-31,"Female","University","Married",1
15981,1987-12-31,"Female","University","Divorced",1
15982,1984-12-31,"Male","Secondary","Single",1
15983,1961-12-31,"Female","Secondary","Divorced",1
15984,1978-12-31,"Female","Secondary","Married",1
15985,1985-12-31,"Male","University","Married",3
15986,1988-12-31,"Female","Technical","Married",1
15987,1981-12-31,"Male","University","Married",2
15988,1968-12-31,"Female","Secondary","Single",1
15989,1993-12-31,"Male","Secondary","Single",3
15990,2002-12-31,"Male","University","Widowed",2
15991,1975-12-31,"Female","Postgraduate","Married",0
15992,1991-12-31,"Male","University","Divorced",2
15993,1992-12-31,"Female","Postgraduate","Married",3
15994,1960-12-31,"Female","Secondary","Married",1
15995,1961-12-31,"Female","Technical","Married",2
15996,1971-12-31,"Male","Secondary","Single",2
15997,1967-12-31,"Female","Technical","Widowed",1
15998,1984-12-31,"Female","Postgraduate","Married",1
15999,2007-12-31,"Male","Postgraduate","Married",0
16000,1992-12-31,"Female","University","Married",0
16001,1994-12-31,"Female","University","Married",1
16002,1976-12-31,"Male","Postgraduate","Married",0
16003,1998-12-31,"Female","University","Married",2
16004,1980-12-31,"Male","Secondary","Single",1
16005,1966-12-31,"Male","Technical","Married",2
16006,1968-12-31,"Female","Secondary","Married",3
16007,1991-12-31,"Female","Secondary","Married",0
16008,1967-12-31,"Male","University","Single",1
16009,1976-12-31,"Female","Secondary","Married",1
16010,1963-12-31,"Male","University","Divorced",1
16011,1988-12-31,"Female","University","Married",1
16012,1979-12-31,"Male","University","Married",2
16013,1996-12-31,"Male","University","Single",0
16014,1999-12-31,"Male","Secondary","Single",1
16015,1967-12-31,"Male","Technical","Married",2
16016,1986-12-31,"Female","University","Married",1
16017,1992-12-31,"Male","University","Single",1
16018,1995-12-31,"Male","Secondary","Single",1
16019,1983-12-31,"Female","Secondary","Single",1
16020,1984-12-31,"Male","Other","Single",0
16021,1980-12-31,"Female","Technical","Single",0
16022,1986-12-31,"Female","Postgraduate","Married",1
16023,1976-12-31,"Male","Secondary","Single",2
16024,1993-12-31,"Female","Technical","Married",2
16025,1975-12-31,"Female","University","Single",1
16026,1982-12-31,"Male","Postgraduate","Single",1
16027,1995-12-31,"Male","Postgraduate","Married",1
16028,2006-12-31,"Female","University","Married",0
16029,1955-12-31,"Female","Technical","Single",4
16030,1963-12-31,"Male","University","Single",2
16031,1991-12-31,"Female","Technical","Married",1
16032,1986-12-31,"Female","Secondary","Married",1
16033,1978-12-31,"Female","University","Divorced",1
16034,1987-12-31,"Male","Technical","Divorced",2
16035,1974-12-31,"Male","Secondary","Widowed",2
16036,1980-12-31,"Male","Technical","Married",0
16037,1995-12-31,"Female","Technical","Married",2
16038,1989-12-31,"Female","Technical","Single",0
16039,1957-12-31,"Male","University","Single",2
16040,1979-12-31,"Male","Technical","Married",0
16041,1992-12-31,"Male","University","Married",1
16042,1994-12-31,"Female","Secondary","Married",2
16043,1988-12-31,"Female","Secondary","Married",3
16044,1987-12-31,"Female","Secondary","Single",0
16045,1975-12-31,"Male","University","Married",0
16046,1975-12-31,"Male","Technical","Married",1
16047,1977-12-31,"Female","Postgraduate","Married",3
16048,2002-12-31,"Female","Technical","Single",3
16049,1970-12-31,"Male","University","Married",1
16050,1974-12-31,"Male","Secondary","Married",0
16051,1988-12-31,"Female","University","Single",2
16052,1986-12-31,"Female","Technical","Married",1
16053,1980-12-31,"Female","Technical","Single",2
16054,1995-12-31,"Female","University","Married",2
16055,2002-12-31,"Female","University","Single",2
16056,1973-12-31,"Female","University","Married",0
16057,1972-12-31,"Male","Postgraduate","Single",3
16058,1970-12-31,"Other","University","Married",1
16059,1972-12-31,"Male","Postgraduate","Married",4
16060,1981-12-31,"Male","Technical","Single",2
16061,1978-12-31,"Male","University","Married",2
16062,1998-12-31,"Male","Secondary","Married",1
16063,1984-12-31,"Male","Technical","Married",1
16064,1974-12-31,"Female","University","Married",1
16065,1978-12-31,"Male","Secondary","Married",1
16066,1975-12-31,"Other","Secondary","Single",1
16067,1990-12-31,"Male","Technical","Married",1
16068,1981-12-31,"Female","University","Widowed",0
16069,1996-12-31,"Female","Secondary","Married",1
16070,2001-12-31,"Female","Technical","Divorced",2
16071,1976-12-31,"Female","Secondary","Single",0
16072,1991-12-31,"Male","Technical","Single",3
16073,1966-12-31,"Female","Secondary","Divorced",3
16074,1966-12-31,"Male","University","Married",0
16075,1980-12-31,"Male","Postgraduate","Married",2
16076,1964-12-31,"Male","Secondary","Divorced",0
16077,1992-12-31,"Male","Postgraduate","Married",0
16078,1976-12-31,"Male","Secondary","Divorced",0
16079,1974-12-31,"Female","Secondary","Divorced",0
16080,1966-12-31,"Female","Secondary","Married",0
16081,1989-12-31,"Male","Technical","Married",2
16082,1979-12-31,"Female","University","Married",1
16083,1985-12-31,"Male","Postgraduate","Married",1
16084,1982-12-31,"Female","Secondary","Married",2
16085,1997-12-31,"Male","Technical","Single",2
16086,1981-12-31,"Male","Secondary","Married",2
16087,1998-12-31,"Female","Technical","Single",1
16088,1993-12-31,"Female","University","Divorced",3
16089,1979-12-31,"Male","Secondary","Married",0
16090,1982-12-31,"Female","Secondary","Single",2
16091,1969-12-31,"Female","University","Divorced",2
16092,1982-12-31,"Female","University","Single",1
16093,1984-12-31,"Female","Technical","Married",1
16094,1981-12-31,"Female","University","Single",2
16095,2007-12-31,"Female","University","Married",1
16096,1975-12-31,"Male","Technical","Single",2
16097,1971-12-31,"Male","University","Married",4
16098,1988-12-31,"Female","University","Married",1
16099,1959-12-31,"Male","Technical","Married",1
16100,1963-12-31,"Female","University","Widowed",1
16101,2001-12-31,"Male","Postgraduate","Married",2
16102,2001-12-31,"Male","Secondary","Single",1
16103,1988-12-31,"Male","University","Married",3
16104,1992-12-31,"Female","Technical","Married",2
16105,2005-12-31,"Female","Postgraduate","Single",0
16106,1972-12-31,"Female","University","Married",1
16107,1973-12-31,"Female","Postgraduate","Single",0
16108,1971-12-31,"Female","Postgraduate","Single",2
16109,1969-12-31,"Female","Secondary","Single",1
16110,1992-12-31,"Female","University","Divorced",2
16111,1983-12-31,"Female","University","Married",0
16112,1988-12-31,"Male","University","Married",3
16113,1982-12-31,"Female","University","Single",3
16114,1998-12-31,"Female","Technical","Single",0
16115,2000-12-31,"Male","Secondary","Single",3
16116,1974-12-31,"Male","Technical","Widowed",2
16117,1984-12-31,"Female","Technical","Married",0
16118,1967-12-31,"Female","Technical","Married",1
16119,1992-12-31,"Female","University","Widowed",0
16120,1962-12-31,"Female","Technical","Married",1
16121,1963-12-31,"Female","Technical","Married",1
16122,1950-12-31,"Male","University","Married",0
16123,1973-12-31,"Male","Secondary","Married",2
16124,1989-12-31,"Male","Technical","Married",3
16125,1974-12-31,"Male","University","Married",0
16126,1977-12-31,"Other","University","Married",4
16127,1972-12-31,"Male","Technical","Married",1
16128,1970-12-31,"Male","Secondary","Single",1
16129,1971-12-31,"Female","Technical","Single",1
16130,1979-12-31,"Male","Secondary","Divorced",2
16131,1965-12-31,"Male","Secondary","Divorced",2
16132,2001-12-31,"Female","Technical","Married",0
16133,2001-12-31,"Female","Secondary","Married",1
16134,1994-12-31,"Female","University","Married",1
16135,1965-12-31,"Female","Technical","Divorced",1
16136,1972-12-31,"Female","Secondary","Married",1
16137,1980-12-31,"Male","Technical","Single",3
16138,1958-12-31,"Male","University","Married",1
16139,1975-12-31,"Female","Technical","Single",3
16140,1984-12-31,"Male","Technical","Divorced",1
16141,1985-12-31,"Male","Secondary","Single",0
16142,1980-12-31,"Female","Secondary","Married",1
16143,1965-12-31,"Female","Secondary","Married",1
16144,1974-12-31,"Male","Technical","Married",1
16145,1956-12-31,"Female","Technical","Married",1
16146,1970-12-31,"Female","Secondary","Widowed",0
16147,1999-12-31,"Male","Secondary","Married",0
16148,2006-12-31,"Female","Technical","Divorced",2
16149,1973-12-31,"Female","University","Single",0
16150,1973-12-31,"Male","University","Widowed",3
16151,1979-12-31,"Female","Technical","Single",2
16152,1987-12-31,"Male","Technical","Married",2
16153,1987-12-31,"Female","Postgraduate","Married",0
16154,1987-12-31,"Male","Technical","Divorced",1
16155,1988-12-31,"Male","Secondary","Single",1
16156,1979-12-31,"Female","Secondary","Married",1
16157,1958-12-31,"Female","Technical","Single",1
16158,2007-12-31,"Male","Postgraduate","Single",0
16159,1978-12-31,"Male","Other","Single",2
16160,1986-12-31,"Female","University","Married",0
16161,1972-12-31,"Male","Other","Married",2
16162,1974-12-31,"Female","University","Single",0
16163,1983-12-31,"Male","Postgraduate","Single",0
16164,1980-12-31,"Male","University","Married",3
16165,1987-12-31,"Male","Secondary","Divorced",1
16166,1983-12-31,"Female","Postgraduate","Single",1
16167,1975-12-31,"Male","Postgraduate","Married",1
16168,1991-12-31,"Female","University","Single",1
16169,1964-12-31,"Male","Secondary","Married",1
16170,1979-12-31,"Male","Technical","Married",2
16171,1973-12-31,"Male","Technical","Married",2
16172,1987-12-31,"Male","Technical","Married",3
16173,1994-12-31,"Male","Secondary","Divorced",0
16174,1965-12-31,"Male","Technical","Married",1
16175,1981-12-31,"Male","Postgraduate","Divorced",1
16176,1962-12-31,"Other","Technical","Married",2
16177,1993-12-31,"Male","Postgraduate","Married",2
16178,1974-12-31,"Female","Secondary","Married",0
16179,2000-12-31,"Female","University","Single",1
16180,1984-12-31,"Female","Secondary","Single",2
16181,1978-12-31,"Female","Technical","Divorced",2
16182,1998-12-31,"Female","Technical","Single",2
16183,1983-12-31,"Male","Secondary","Married",0
16184,1982-12-31,"Male","University","Married",4
16185,1959-12-31,"Male","Technical","Single",1
16186,1990-12-31,"Male","Postgraduate","Single",1
16187,1976-12-31,"Male","University","Divorced",1
16188,1987-12-31,"Male","Secondary","Single",3
16189,2001-12-31,"Male","Secondary","Married",1
16190,1981-12-31,"Male","Technical","Married",0
16191,1976-12-31,"Female","Postgraduate","Widowed",1
16192,1967-12-31,"Female","Technical","Single",2
16193,1979-12-31,"Female","Secondary","Married",3
16194,1989-12-31,"Male","University","Divorced",1
16195,1983-12-31,"Male","University","Single",1
16196,1973-12-31,"Female","University","Married",1
16197,1969-12-31,"Female","Secondary","Widowed",2
16198,1979-12-31,"Female","Postgraduate","Single",1
16199,1996-12-31,"Male","Postgraduate","Single",0
16200,1975-12-31,"Male","University","Married",0
16201,1977-12-31,"Male","Secondary","Married",1
16202,1965-12-31,"Male","University","Divorced",0
16203,1984-12-31,"Male","Technical","Single",3
16204,1994-12-31,"Male","Other","Married",0
16205,1990-12-31,"Female","Secondary","Married",1
16206,1996-12-31,"Male","Technical","Widowed",3
16207,1965-12-31,"Male","University","Married",1
16208,1998-12-31,"Female","Technical","Divorced",0
16209,1985-12-31,"Male","Postgraduate","Single",5
16210,1985-12-31,"Female","University","Married",2
16211,2006-12-31,"Male","Other","Single",0
16212,1985-12-31,"Female","Technical","Single",1
16213,1997-12-31,"Female","Secondary","Divorced",0
16214,1981-12-31,"Male","Technical","Married",0
16215,1985-12-31,"Male","Technical","Married",1
16216,1978-12-31,"Female","Secondary","Divorced",1
16217,1965-12-31,"Female","University","Divorced",1
16218,1977-12-31,"Male","University","Married",1
16219,1989-12-31,"Female","University","Married",1
16220,1971-12-31,"Male","Secondary","Married",0
16221,1981-12-31,"Female","Secondary","Single",0
16222,1962-12-31,"Female","University","Divorced",4
16223,1980-12-31,"Male","Secondary","Married",2
16224,2003-12-31,"Male","Technical","Married",4
16225,1974-12-31,"Female","Secondary","Widowed",0
16226,1993-12-31,"Male","Secondary","Widowed",3
16227,1989-12-31,"Male","Technical","Single",3
16228,2000-12-31,"Female","Technical","Married",2
16229,1998-12-31,"Male","University","Single",0
16230,1982-12-31,"Male","University","Married",3
16231,1968-12-31,"Male","University","Divorced",1
16232,1990-12-31,"Male","Secondary","Married",1
16233,1995-12-31,"Female","Technical","Single",1
16234,1969-12-31,"Other","Postgraduate","Married",2
16235,1984-12-31,"Female","Technical","Single",3
16236,1985-12-31,"Male","Secondary","Single",1
16237,1985-12-31,"Female","University","Single",1
16238,1977-12-31,"Male","Secondary","Single",1
16239,1956-12-31,"Female","Technical","Single",0
16240,1977-12-31,"Male","Other","Single",1
16241,1973-12-31,"Female","Postgraduate","Married",4
16242,1982-12-31,"Other","University","Single",0
16243,1984-12-31,"Female","University","Divorced",0
16244,1965-12-31,"Male","University","Married",2
16245,1979-12-31,"Female","University","Married",1
16246,1999-12-31,"Female","Secondary","Single",3
16247,1971-12-31,"Female","Secondary","Single",3
16248,1972-12-31,"Male","Postgraduate","Single",1
16249,1987-12-31,"Male","Technical","Married",1
16250,1978-12-31,"Female","University","Widowed",3
16251,1981-12-31,"Male","Other","Divorced",1
16252,1993-12-31,"Female","Secondary","Single",0
16253,1988-12-31,"Male","Technical","Single",0
16254,1989-12-31,"Female","Technical","Married",1
16255,1967-12-31,"Female","Secondary","Married",1
16256,1994-12-31,"Male","Secondary","Married",1
16257,1975-12-31,"Male","Secondary","Married",1
16258,1984-12-31,"Female","Secondary","Married",3
16259,1997-12-31,"Female","Postgraduate","Divorced",1
16260,1983-12-31,"Female","Secondary","Single",1
16261,1991-12-31,"Male","Technical","Single",0
16262,1984-12-31,"Female","Technical","Married",0
16263,1973-12-31,"Female","Secondary","Single",4
16264,1973-12-31,"Female","Technical","Married",1
16265,1997-12-31,"Female","University","Divorced",3
16266,1971-12-31,"Male","Secondary","Single",1
16267,1961-12-31,"Male","Technical","Single",1
16268,1984-12-31,"Male","Technical","Married",2
16269,1963-12-31,"Male","University","Married",1
16270,1984-12-31,"Female","Secondary","Single",0
16271,1979-12-31,"Male","Secondary","Single",4
16272,1976-12-31,"Female","University","Divorced",0
16273,1969-12-31,"Male","University","Married",0
16274,1986-12-31,"Male","Secondary","Single",0
16275,2005-12-31,"Female","Postgraduate","Married",1
16276,1984-12-31,"Female","Secondary","Married",2
16277,1989-12-31,"Female","Secondary","Married",2
16278,1981-12-31,"Male","University","Single",0
16279,1996-12-31,"Male","University","Single",1
16280,1989-12-31,"Female","University","Married",2
16281,1968-12-31,"Male","Secondary","Married",1
16282,1985-12-31,"Female","Technical","Married",3
16283,1985-12-31,"Male","Postgraduate","Single",3
16284,1972-12-31,"Female","Other","Married",0
16285,1990-12-31,"Female","University","Single",0
16286,2000-12-31,"Other","Secondary","Married",1
16287,1980-12-31,"Female","Postgraduate","Married",1
16288,2000-12-31,"Female","University","Married",3
16289,1996-12-31,"Male","University","Married",1
16290,1994-12-31,"Male","Technical","Single",1
16291,1965-12-31,"Male","Secondary","Married",0
16292,1988-12-31,"Female","Technical","Single",1
16293,1991-12-31,"Female","University","Married",1
16294,1977-12-31,"Female","Secondary","Married",2
16295,1983-12-31,"Female","University","Single",1
16296,1978-12-31,"Female","Secondary","Married",1
16297,1978-12-31,"Female","University","Single",3
16298,1985-12-31,"Female","Secondary","Married",1
16299,1981-12-31,"Female","Technical","Single",1
16300,1950-12-31,"Male","University","Married",0
16301,1973-12-31,"Female","Secondary","Single",1
16302,1968-12-31,"Female","Secondary","Married",1
16303,2007-12-31,"Female","Technical","Divorced",5
16304,1983-12-31,"Male","Secondary","Married",1
16305,1975-12-31,"Female","Postgraduate","Married",3
16306,1970-12-31,"Female","Secondary","Single",1
16307,1997-12-31,"Female","University","Widowed",2
16308,1998-12-31,"Female","Technical","Single",1
16309,1984-12-31,"Female","University","Single",1
16310,1979-12-31,"Female","University","Single",0
16311,1986-12-31,"Male","Secondary","Widowed",2
16312,1988-12-31,"Female","Secondary","Widowed",2
16313,1971-12-31,"Male","University","Single",2
16314,1979-12-31,"Female","University","Divorced",2
16315,1983-12-31,"Male","University","Married",0
16316,1999-12-31,"Female","Secondary","Married",1
16317,1965-12-31,"Female","Technical","Divorced",1
16318,1985-12-31,"Female","University","Married",1
16319,1987-12-31,"Male","Technical","Married",0
16320,1972-12-31,"Female","Technical","Divorced",1
16321,1998-12-31,"Female","Technical","Married",2
16322,1996-12-31,"Male","Technical","Married",2
16323,1995-12-31,"Male","Secondary","Single",0
16324,1983-12-31,"Female","University","Married",1
16325,1988-12-31,"Male","Technical","Divorced",3
16326,1965-12-31,"Female","Secondary","Single",1
16327,2007-12-31,"Male","Technical","Married",1
16328,1993-12-31,"Other","Technical","Married",1
16329,1990-12-31,"Male","Other","Widowed",1
16330,1966-12-31,"Male","Secondary","Single",0
16331,1978-12-31,"Female","Secondary","Married",2
16332,1996-12-31,"Male","Postgraduate","Married",4
16333,1967-12-31,"Female","University","Divorced",1
16334,1994-12-31,"Female","Technical","Single",0
16335,1967-12-31,"Male","Secondary","Married",0
16336,1987-12-31,"Female","Secondary","Divorced",1
16337,2000-12-31,"Female","University","Married",0
16338,1982-12-31,"Female","Secondary","Single",2
16339,1957-12-31,"Female","Technical","Single",1
16340,2001-12-31,"Male","Secondary","Married",1
16341,1959-12-31,"Female","Postgraduate","Single",3
16342,1998-12-31,"Male","Postgraduate","Single",0
16343,1977-12-31,"Female","University","Married",2
16344,1975-12-31,"Female","Secondary","Divorced",0
16345,1996-12-31,"Female","University","Married",1
16346,1974-12-31,"Male","University","Single",2
16347,1977-12-31,"Female","University","Single",2
16348,1960-12-31,"Male","University","Single",4
16349,1997-12-31,"Female","Secondary","Widowed",2
16350,1959-12-31,"Female","Secondary","Married",0
16351,1980-12-31,"Female","University","Married",2
16352,2002-12-31,"Male","University","Married",2
16353,1990-12-31,"Male","University","Single",2
16354,1998-12-31,"Female","University","Married",1
16355,1983-12-31,"Female","Technical","Widowed",2
16356,1970-12-31,"Male","University","Married",0
16357,1984-12-31,"Female","University","Single",3
16358,1983-12-31,"Male","University","Single",2
16359,1975-12-31,"Female","Technical","Single",4
16360,1999-12-31,"Female","Secondary","Married",0
16361,1959-12-31,"Male","University","Married",0
16362,1969-12-31,"Female","Technical","Married",0
16363,1972-12-31,"Female","Postgraduate","Married",0
16364,1988-12-31,"Male","Secondary","Married",1
16365,2000-12-31,"Male","University","Married",0
16366,1967-12-31,"Female","Technical","Divorced",3
16367,1984-12-31,"Male","University","Single",3
16368,1987-12-31,"Male","University","Single",2
16369,1975-12-31,"Male","Technical","Divorced",0
16370,1980-12-31,"Male","Postgraduate","Married",2
16371,1979-12-31,"Female","University","Divorced",0
16372,1978-12-31,"Male","University","Married",3
16373,1974-12-31,"Male","Technical","Widowed",1
16374,2004-12-31,"Female","Secondary","Married",0
16375,2007-12-31,"Female","Technical","Single",2
16376,1974-12-31,"Male","Other","Married",1
16377,1978-12-31,"Female","University","Married",2
16378,1982-12-31,"Female","University","Married",1
16379,1988-12-31,"Female","University","Married",1
16380,1971-12-31,"Female","University","Married",1
16381,1979-12-31,"Male","Technical","Married",2
16382,1975-12-31,"Male","University","Married",1
16383,1972-12-31,"Male","University","Married",2
16384,1991-12-31,"Male","Secondary","Married",3
16385,1972-12-31,"Male","Technical","Single",2
16386,1979-12-31,"Female","Secondary","Married",2
16387,1996-12-31,"Female","University","Single",1
16388,1967-12-31,"Male","Secondary","Single",1
16389,1982-12-31,"Male","University","Divorced",1
16390,1984-12-31,"Female","University","Divorced",2
16391,1967-12-31,"Male","University","Married",3
16392,1996-12-31,"Female","University","Married",1
16393,1995-12-31,"Male","Secondary","Married",1
16394,1987-12-31,"Female","University","Divorced",0
16395,1990-12-31,"Female","University","Married",0
16396,1978-12-31,"Male","Secondary","Married",2
16397,1981-12-31,"Female","University","Married",0
16398,1980-12-31,"Female","Postgraduate","Single",3
16399,1963-12-31,"Male","Secondary","Married",0
16400,1971-12-31,"Female","Technical","Single",1
16401,1979-12-31,"Male","Secondary","Single",2
16402,1991-12-31,"Male","Secondary","Married",2
16403,1985-12-31,"Male","Technical","Single",1
16404,1982-12-31,"Female","University","Divorced",2
16405,1963-12-31,"Male","Technical","Divorced",0
16406,1989-12-31,"Female","Technical","Single",1
16407,1997-12-31,"Female","Secondary","Single",2
16408,1956-12-31,"Other","University","Single",0
16409,1965-12-31,"Female","Technical","Single",0
16410,1986-12-31,"Female","Technical","Single",2
16411,1974-12-31,"Male","Technical","Divorced",1
16412,1984-12-31,"Male","University","Married",1
16413,1988-12-31,"Female","University","Married",1
16414,1984-12-31,"Female","University","Married",2
16415,1984-12-31,"Male","Technical","Married",2
16416,1968-12-31,"Male","Other","Single",5
16417,1965-12-31,"Female","Technical","Married",3
16418,1978-12-31,"Female","Secondary","Married",2
16419,1988-12-31,"Male","Secondary","Married",2
16420,1974-12-31,"Female","Technical","Single",1
16421,1982-12-31,"Male","University","Divorced",4
16422,1980-12-31,"Male","Technical","Married",1
16423,1976-12-31,"Female","Technical","Married",2
16424,2004-12-31,"Male","Secondary","Single",3
16425,1993-12-31,"Female","University","Married",5
16426,1983-12-31,"Male","Secondary","Married",3
16427,1980-12-31,"Male","Secondary","Married",2
16428,1966-12-31,"Female","Postgraduate","Married",1
16429,1982-12-31,"Female","Secondary","Married",2
16430,1970-12-31,"Male","Secondary","Widowed",1
16431,1976-12-31,"Male","Secondary","Married",1
16432,1966-12-31,"Male","Secondary","Married",0
16433,1973-12-31,"Female","Technical","Single",3
16434,1976-12-31,"Female","Secondary","Single",0
16435,1965-12-31,"Female","Secondary","Married",1
16436,2001-12-31,"Male","Technical","Married",1
16437,1992-12-31,"Female","University","Married",4
16438,1984-12-31,"Other","Technical","Married",0
16439,1994-12-31,"Male","University","Married",2
16440,1991-12-31,"Female","Technical","Married",1
16441,1993-12-31,"Male","Secondary","Married",0
16442,1989-12-31,"Female","Technical","Single",1
16443,1992-12-31,"Male","University","Married",1
16444,1967-12-31,"Female","Technical","Single",0
16445,2001-12-31,"Female","Technical","Married",1
16446,1971-12-31,"Male","Secondary","Divorced",1
16447,1968-12-31,"Male","University","Single",1
16448,1986-12-31,"Male","Secondary","Married",1
16449,1992-12-31,"Other","Secondary","Married",1
16450,1987-12-31,"Male","Postgraduate","Divorced",1
16451,1973-12-31,"Male","University","Married",1
16452,1985-12-31,"Male","Secondary","Married",0
16453,1980-12-31,"Male","Secondary","Single",4
16454,1975-12-31,"Female","Technical","Married",3
16455,1974-12-31,"Female","University","Widowed",2
16456,1995-12-31,"Male","Secondary","Single",3
16457,1984-12-31,"Male","Secondary","Married",0
16458,1991-12-31,"Female","Postgraduate","Married",2
16459,1978-12-31,"Male","Technical","Single",3
16460,1980-12-31,"Female","Secondary","Single",4
16461,1973-12-31,"Male","University","Divorced",3
16462,1971-12-31,"Male","Postgraduate","Single",0
16463,1988-12-31,"Male","University","Single",1
16464,1977-12-31,"Male","Secondary","Divorced",2
16465,1999-12-31,"Male","Secondary","Single",2
16466,1963-12-31,"Male","Technical","Single",0
16467,1968-12-31,"Male","Technical","Single",0
16468,1972-12-31,"Male","Technical","Married",1
16469,1956-12-31,"Male","University","Single",0
16470,1995-12-31,"Male","Technical","Widowed",0
16471,1979-12-31,"Male","Technical","Single",0
16472,1989-12-31,"Female","Secondary","Single",1
16473,1980-12-31,"Male","Secondary","Married",1
16474,1961-12-31,"Male","Secondary","Single",1
16475,1974-12-31,"Female","Technical","Married",2
16476,1991-12-31,"Female","Secondary","Single",2
16477,1994-12-31,"Male","University","Divorced",0
16478,1971-12-31,"Female","University","Single",3
16479,1990-12-31,"Male","University","Married",1
16480,1986-12-31,"Female","Secondary","Single",1
16481,1986-12-31,"Female","Secondary","Married",4
16482,1978-12-31,"Male","Technical","Married",1
16483,1987-12-31,"Female","Technical","Married",1
16484,2002-12-31,"Female","Secondary","Single",0
16485,1989-12-31,"Female","Secondary","Divorced",0
16486,1950-12-31,"Male","Secondary","Widowed",2
16487,1980-12-31,"Female","Secondary","Married",3
16488,1986-12-31,"Male","Technical","Married",1
16489,1986-12-31,"Female","University","Married",2
16490,1969-12-31,"Male","Postgraduate","Married",1
16491,1994-12-31,"Male","Secondary","Married",0
16492,1963-12-31,"Female","Secondary","Married",1
16493,1958-12-31,"Male","University","Single",3
16494,1979-12-31,"Female","University","Married",2
16495,1988-12-31,"Male","Technical","Married",3
16496,1959-12-31,"Female","University","Single",0
16497,1987-12-31,"Male","Technical","Married",1
16498,1984-12-31,"Female","Technical","Married",2
16499,2003-12-31,"Male","Secondary","Married",1
16500,1980-12-31,"Male","University","Single",2
16501,1986-12-31,"Female","Postgraduate","Single",2
16502,1960-12-31,"Male","Other","Single",0
16503,1995-12-31,"Male","Technical","Single",1
16504,1994-12-31,"Male","Technical","Single",1
16505,1965-12-31,"Female","Secondary","Married",1
16506,1993-12-31,"Male","Secondary","Single",1
16507,1971-12-31,"Female","Technical","Single",2
16508,1987-12-31,"Female","Other","Married",5
16509,1974-12-31,"Male","Technical","Married",0
16510,1980-12-31,"Male","Secondary","Married",1
16511,1966-12-31,"Female","Technical","Single",2
16512,1987-12-31,"Female","Postgraduate","Married",2
16513,1980-12-31,"Female","Secondary","Married",2
16514,1980-12-31,"Male","Secondary","Divorced",0
16515,1986-12-31,"Male","University","Married",1
16516,1989-12-31,"Female","Technical","Married",1
16517,1994-12-31,"Female","Technical","Married",0
16518,1983-12-31,"Female","Technical","Married",0
16519,1993-12-31,"Female","Secondary","Single",2
16520,1973-12-31,"Female","Technical","Married",1
16521,1999-12-31,"Female","Technical","Married",1
16522,1969-12-31,"Male","Secondary","Single",0
16523,1974-12-31,"Female","University","Single",1
16524,1974-12-31,"Female","University","Married",3
16525,1994-12-31,"Female","University","Divorced",2
16526,1973-12-31,"Male","Other","Married",2
16527,1980-12-31,"Male","Technical","Married",1
16528,1991-12-31,"Female","Secondary","Single",2
16529,1964-12-31,"Male","Technical","Married",1
16530,1995-12-31,"Male","Secondary","Married",3
16531,1966-12-31,"Male","Technical","Married",1
16532,1984-12-31,"Female","Secondary","Single",3
16533,1994-12-31,"Female","Secondary","Married",3
16534,1991-12-31,"Female","Secondary","Single",0
16535,1992-12-31,"Female","Technical","Single",1
16536,1980-12-31,"Female","Secondary","Married",3
16537,2001-12-31,"Female","Technical","Married",0
16538,1981-12-31,"Female","Postgraduate","Single",1
16539,1983-12-31,"Male","University","Married",1
16540,1985-12-31,"Female","Secondary","Single",2
16541,1977-12-31,"Male","Secondary","Married",3
16542,1998-12-31,"Female","Technical","Single",1
16543,1984-12-31,"Male","Technical","Single",2
16544,1982-12-31,"Male","Secondary","Single",0
16545,2003-12-31,"Male","Postgraduate","Single",1
16546,1972-12-31,"Female","Secondary","Divorced",1
16547,2002-12-31,"Male","Secondary","Married",0
16548,2002-12-31,"Female","Secondary","Divorced",3
16549,1999-12-31,"Male","Technical","Married",2
16550,1979-12-31,"Male","University","Married",1
16551,1965-12-31,"Male","Secondary","Married",0
16552,1984-12-31,"Female","Technical","Single",1
16553,2006-12-31,"Male","Secondary","Married",2
16554,1970-12-31,"Male","University","Married",1
16555,1967-12-31,"Male","University","Married",1
16556,1978-12-31,"Other","Secondary","Single",0
16557,1989-12-31,"Female","Other","Single",1
16558,1996-12-31,"Female","Secondary","Married",0
16559,2003-12-31,"Female","University","Married",1
16560,1990-12-31,"Male","Technical","Single",3
16561,1970-12-31,"Female","Postgraduate","Single",0
16562,1965-12-31,"Female","Secondary","Divorced",1
16563,1985-12-31,"Female","Postgraduate","Married",0
16564,1966-12-31,"Female","Secondary","Divorced",1
16565,1973-12-31,"Male","Technical","Divorced",2
16566,1988-12-31,"Female","University","Married",1
16567,1985-12-31,"Male","Secondary","Single",1
16568,1966-12-31,"Female","Secondary","Divorced",1
16569,1988-12-31,"Female","Secondary","Divorced",3
16570,1979-12-31,"Male","Postgraduate","Divorced",2
16571,1978-12-31,"Male","University","Single",0
16572,1966-12-31,"Female","Other","Married",2
16573,1984-12-31,"Male","University","Widowed",1
16574,1990-12-31,"Male","University","Single",0
16575,1973-12-31,"Other","Secondary","Single",3
16576,1955-12-31,"Female","Secondary","Married",1
16577,1991-12-31,"Female","Postgraduate","Single",1
16578,1962-12-31,"Male","Other","Divorced",2
16579,1997-12-31,"Female","Technical","Single",3
16580,1993-12-31,"Female","Secondary","Married",2
16581,1984-12-31,"Other","Secondary","Single",3
16582,1997-12-31,"Male","University","Single",1
16583,1991-12-31,"Female","University","Married",0
16584,1978-12-31,"Male","Secondary","Married",3
16585,1972-12-31,"Male","Technical","Single",2
16586,1988-12-31,"Male","Secondary","Divorced",1
16587,1968-12-31,"Male","Secondary","Single",0
16588,1990-12-31,"Male","Technical","Married",2
16589,1991-12-31,"Female","University","Single",2
16590,1964-12-31,"Female","Secondary","Married",1
16591,2007-12-31,"Male","Technical","Single",2
16592,2007-12-31,"Female","Secondary","Married",1
16593,1984-12-31,"Female","University","Married",2
16594,1951-12-31,"Male","Other","Single",1
16595,1987-12-31,"Female","Technical","Married",1
16596,1995-12-31,"Female","University","Single",1
16597,1979-12-31,"Male","University","Married",0
16598,1974-12-31,"Female","University","Single",0
16599,1991-12-31,"Male","Other","Divorced",1
16600,1969-12-31,"Male","Technical","Divorced",0
16601,1986-12-31,"Male","Secondary","Married",0
16602,1964-12-31,"Female","Postgraduate","Divorced",1
16603,1980-12-31,"Female","University","Single",0
16604,1994-12-31,"Female","University","Divorced",1
16605,1996-12-31,"Male","University","Married",0
16606,1983-12-31,"Male","Secondary","Widowed",0
16607,1972-12-31,"Female","Technical","Married",1
16608,1985-12-31,"Male","University","Divorced",2
16609,1972-12-31,"Female","Technical","Divorced",0
16610,1972-12-31,"Male","Other","Single",0
16611,1953-12-31,"Male","Technical","Widowed",1
16612,1983-12-31,"Male","University","Divorced",0
16613,1976-12-31,"Male","University","Single",3
16614,1980-12-31,"Male","Secondary","Married",2
16615,1976-12-31,"Male","University","Divorced",0
16616,1995-12-31,"Other","University","Married",0
16617,1984-12-31,"Male","Secondary","Single",2
16618,2000-12-31,"Female","University","Divorced",3
16619,1968-12-31,"Male","Secondary","Married",1
16620,1975-12-31,"Female","Technical","Divorced",0
16621,1992-12-31,"Male","University","Married",2
16622,1977-12-31,"Female","University","Single",0
16623,1986-12-31,"Male","University","Married",0
16624,1969-12-31,"Male","Secondary","Single",1
16625,1998-12-31,"Male","University","Single",0
16626,1967-12-31,"Other","Technical","Single",1
16627,1986-12-31,"Male","Postgraduate","Married",1
16628,1978-12-31,"Female","Secondary","Single",2
16629,1981-12-31,"Male","Technical","Married",1
16630,1991-12-31,"Female","Technical","Married",4
16631,1990-12-31,"Female","Technical","Married",0
16632,1985-12-31,"Male","Technical","Married",4
16633,1984-12-31,"Male","Technical","Single",1
16634,1981-12-31,"Female","University","Single",3
16635,1991-12-31,"Female","Technical","Single",0
16636,2006-12-31,"Female","Technical","Married",0
16637,1977-12-31,"Female","Secondary","Single",1
16638,1971-12-31,"Male","Secondary","Single",1
16639,1967-12-31,"Male","University","Single",1
16640,1965-12-31,"Female","Secondary","Divorced",0
16641,1966-12-31,"Male","University","Married",0
16642,1961-12-31,"Female","University","Single",1
16643,1994-12-31,"Male","Secondary","Divorced",0
16644,2007-12-31,"Male","Postgraduate","Divorced",2
16645,1999-12-31,"Female","University","Married",2
16646,1979-12-31,"Male","Technical","Single",1
16647,1985-12-31,"Female","University","Single",1
16648,1983-12-31,"Female","Postgraduate","Married",2
16649,2000-12-31,"Male","University","Widowed",0
16650,2006-12-31,"Female","University","Single",2
16651,1989-12-31,"Female","Technical","Married",1
16652,2003-12-31,"Male","University","Single",0
16653,1971-12-31,"Male","Other","Single",0
16654,1989-12-31,"Male","Technical","Single",1
16655,1985-12-31,"Female","Technical","Single",0
16656,1968-12-31,"Female","University","Married",4
16657,1998-12-31,"Other","Technical","Divorced",0
16658,1981-12-31,"Female","Technical","Divorced",2
16659,1973-12-31,"Male","Technical","Married",0
16660,1978-12-31,"Male","Technical","Married",0
16661,1996-12-31,"Male","Technical","Single",2
16662,1987-12-31,"Male","University","Divorced",1
16663,1998-12-31,"Male","Secondary","Married",2
16664,1998-12-31,"Female","Secondary","Married",2
16665,1983-12-31,"Female","Secondary","Divorced",2
16666,1981-12-31,"Male","Secondary","Married",1
16667,1979-12-31,"Male","Secondary","Single",2
16668,1997-12-31,"Female","Other","Single",2
16669,1989-12-31,"Male","Secondary","Single",3
16670,1980-12-31,"Male","Secondary","Married",0
16671,1998-12-31,"Female","University","Married",1
16672,1957-12-31,"Male","Technical","Married",0
16673,1977-12-31,"Female","University","Married",2
16674,1977-12-31,"Male","University","Single",1
16675,1971-12-31,"Male","Secondary","Divorced",0
16676,2001-12-31,"Male","Postgraduate","Single",1
16677,1992-12-31,"Female","Secondary","Married",3
16678,2007-12-31,"Male","Secondary","Single",1
16679,1981-12-31,"Male","Secondary","Divorced",0
16680,1957-12-31,"Male","Technical","Married",0
16681,1996-12-31,"Male","Technical","Divorced",1
16682,1994-12-31,"Male","Secondary","Married",0
16683,1978-12-31,"Male","Other","Married",2
16684,2002-12-31,"Male","University","Single",1
16685,1975-12-31,"Female","Technical","Married",1
16686,1989-12-31,"Male","University","Married",1
16687,1997-12-31,"Male","Secondary","Married",1
16688,1982-12-31,"Male","University","Single",2
16689,1955-12-31,"Male","Secondary","Single",2
16690,1979-12-31,"Male","Secondary","Single",1
16691,1991-12-31,"Male","University","Divorced",1
16692,1999-12-31,"Male","University","Single",0
16693,1983-12-31,"Female","Postgraduate","Single",1
16694,2004-12-31,"Female","Postgraduate","Single",2
16695,1950-12-31,"Female","University","Married",1
16696,1983-12-31,"Male","Secondary","Single",0
16697,1966-12-31,"Male","Other","Single",1
16698,1974-12-31,"Female","Secondary","Married",1
16699,1998-12-31,"Female","Secondary","Married",1
16700,1990-12-31,"Male","University","Married",1
16701,1982-12-31,"Female","University","Single",4
16702,1975-12-31,"Male","University","Widowed",4
16703,1999-12-31,"Male","University","Married",2
16704,1967-12-31,"Female","University","Married",2
16705,1985-12-31,"Female","Secondary","Divorced",3
16706,1987-12-31,"Male","Secondary","Single",3
16707,1985-12-31,"Female","Postgraduate","Divorced",2
16708,1964-12-31,"Female","Technical","Single",0
16709,1994-12-31,"Male","University","Married",1
16710,1993-12-31,"Other","University","Divorced",5
16711,1962-12-31,"Male","Secondary","Married",1
16712,1988-12-31,"Female","Postgraduate","Single",3
16713,1975-12-31,"Female","Secondary","Married",0
16714,1991-12-31,"Male","Postgraduate","Married",3
16715,1993-12-31,"Male","Secondary","Divorced",2
16716,1958-12-31,"Female","Secondary","Married",2
16717,1983-12-31,"Male","Secondary","Single",1
16718,1971-12-31,"Female","Technical","Single",2
16719,1996-12-31,"Female","University","Single",1
16720,1977-12-31,"Female","Secondary","Married",2
16721,1990-12-31,"Female","University","Single",0
16722,1996-12-31,"Female","University","Divorced",0
16723,1971-12-31,"Female","Technical","Single",0
16724,1971-12-31,"Female","Technical","Married",1
16725,1991-12-31,"Female","Technical","Married",1
16726,1969-12-31,"Male","Secondary","Single",0
16727,1960-12-31,"Female","Postgraduate","Married",1
16728,1984-12-31,"Female","Secondary","Single",1
16729,1991-12-31,"Female","University","Married",1
16730,1974-12-31,"Male","University","Divorced",1
16731,1987-12-31,"Male","Technical","Divorced",1
16732,1991-12-31,"Female","University","Married",0
16733,1966-12-31,"Female","Secondary","Married",2
16734,1983-12-31,"Male","Secondary","Single",0
16735,1996-12-31,"Female","Technical","Married",1
16736,1981-12-31,"Female","Other","Single",0
16737,1965-12-31,"Female","Technical","Married",2
16738,1990-12-31,"Female","Secondary","Married",0
16739,1976-12-31,"Female","Secondary","Single",3
16740,1969-12-31,"Female","Technical","Single",0
16741,1984-12-31,"Male","Secondary","Single",2
16742,1976-12-31,"Male","Secondary","Divorced",1
16743,1972-12-31,"Male","Secondary","Single",2
16744,1975-12-31,"Male","University","Single",1
16745,2003-12-31,"Male","Secondary","Widowed",1
16746,2007-12-31,"Female","University","Married",3
16747,1969-12-31,"Male","Secondary","Single",2
16748,1997-12-31,"Female","Secondary","Married",0
16749,1963-12-31,"Male","University","Divorced",1
16750,1979-12-31,"Female","University","Married",1
16751,1981-12-31,"Female","Technical","Married",1
16752,1962-12-31,"Female","Technical","Single",2
16753,1976-12-31,"Male","University","Single",1
16754,1979-12-31,"Female","University","Married",2
16755,1969-12-31,"Male","University","Married",2
16756,1992-12-31,"Female","University","Married",1
16757,2001-12-31,"Female","Technical","Married",4
16758,1976-12-31,"Female","Other","Married",1
16759,1988-12-31,"Male","Secondary","Single",1
16760,1969-12-31,"Female","Technical","Widowed",1
16761,1995-12-31,"Female","University","Married",1
16762,1985-12-31,"Male","Technical","Married",1
16763,1988-12-31,"Male","Technical","Divorced",4
16764,1995-12-31,"Female","Technical","Married",3
16765,1976-12-31,"Female","University","Single",0
16766,1973-12-31,"Male","Technical","Single",1
16767,1988-12-31,"Male","Secondary","Divorced",0
16768,1971-12-31,"Male","University","Married",0
16769,1985-12-31,"Male","University","Married",1
16770,1988-12-31,"Male","University","Widowed",3
16771,1989-12-31,"Male","Postgraduate","Single",0
16772,1990-12-31,"Female","Secondary","Married",2
16773,1990-12-31,"Male","University","Widowed",2
16774,1989-12-31,"Female","Secondary","Married",2
16775,1973-12-31,"Male","Technical","Single",1
16776,1988-12-31,"Female","University","Single",0
16777,1980-12-31,"Male","University","Married",1
16778,2001-12-31,"Male","Other","Widowed",1
16779,1994-12-31,"Male","Technical","Single",1
16780,1985-12-31,"Female","Postgraduate","Single",2
16781,1982-12-31,"Male","Secondary","Married",1
16782,1965-12-31,"Female","Secondary","Married",0
16783,1964-12-31,"Female","University","Single",0
16784,1969-12-31,"Male","Postgraduate","Married",1
16785,1992-12-31,"Male","Postgraduate","Married",0
16786,1975-12-31,"Male","University","Married",2
16787,2007-12-31,"Female","Other","Married",2
16788,1986-12-31,"Female","Technical","Widowed",0
16789,1970-12-31,"Male","University","Married",0
16790,1986-12-31,"Female","Secondary","Single",0
16791,1971-12-31,"Female","University","Single",2
16792,1977-12-31,"Female","Technical","Divorced",2
16793,1970-12-31,"Male","Technical","Single",0
16794,2002-12-31,"Male","University","Married",1
16795,1974-12-31,"Female","University","Divorced",1
16796,1972-12-31,"Male","Technical","Single",0
16797,1975-12-31,"Male","Technical","Divorced",4
16798,1986-12-31,"Male","University","Married",2
16799,1989-12-31,"Male","Technical","Married",2
16800,2007-12-31,"Male","University","Married",4
16801,1967-12-31,"Male","University","Single",2
16802,1990-12-31,"Male","Secondary","Married",0
16803,1991-12-31,"Female","Secondary","Single",1
16804,1973-12-31,"Male","Secondary","Married",0
16805,1975-12-31,"Male","Technical","Married",0
16806,1982-12-31,"Female","Secondary","Widowed",0
16807,1971-12-31,"Female","Secondary","Married",0
16808,1993-12-31,"Male","Secondary","Married",0
16809,1974-12-31,"Male","Technical","Single",1
16810,1984-12-31,"Male","University","Married",0
16811,1955-12-31,"Male","University","Married",1
16812,1978-12-31,"Female","Secondary","Widowed",2
16813,1980-12-31,"Female","Postgraduate","Single",2
16814,1987-12-31,"Male","Secondary","Single",0
16815,1979-12-31,"Male","Secondary","Married",1
16816,1984-12-31,"Female","Secondary","Single",0
16817,1994-12-31,"Male","Technical","Single",1
16818,1992-12-31,"Male","Postgraduate","Single",0
16819,1986-12-31,"Male","Other","Married",2
16820,1988-12-31,"Male","University","Divorced",0
16821,1998-12-31,"Female","University","Divorced",1
16822,1992-12-31,"Female","Secondary","Married",4
16823,1990-12-31,"Male","Secondary","Single",1
16824,1989-12-31,"Other","Secondary","Married",1
16825,1981-12-31,"Male","Secondary","Widowed",2
16826,1967-12-31,"Male","Secondary","Married",0
16827,1981-12-31,"Male","Secondary","Married",0
16828,2004-12-31,"Male","University","Single",0
16829,1984-12-31,"Male","Technical","Widowed",1
16830,1983-12-31,"Male","Postgraduate","Married",2
16831,1985-12-31,"Female","Secondary","Married",2
16832,2007-12-31,"Female","Secondary","Married",1
16833,1978-12-31,"Female","Secondary","Divorced",1
16834,1973-12-31,"Female","Secondary","Single",0
16835,1998-12-31,"Female","University","Married",1
16836,1967-12-31,"Male","Secondary","Widowed",3
16837,1992-12-31,"Female","University","Married",1
16838,1978-12-31,"Female","University","Single",0
16839,1975-12-31,"Male","Technical","Single",1
16840,1981-12-31,"Male","Secondary","Married",0
16841,1968-12-31,"Male","Other","Married",3
16842,1986-12-31,"Female","Technical","Single",0
16843,1983-12-31,"Male","Secondary","Single",1
16844,2001-12-31,"Male","University","Married",0
16845,1976-12-31,"Female","University","Married",0
16846,1971-12-31,"Female","Secondary","Single",3
16847,1978-12-31,"Female","University","Single",0
16848,1990-12-31,"Male","Secondary","Married",3
16849,1985-12-31,"Male","University","Married",1
16850,1982-12-31,"Female","Secondary","Single",1
16851,1994-12-31,"Female","University","Single",2
16852,2004-12-31,"Female","Secondary","Married",3
16853,1997-12-31,"Female","University","Married",2
16854,1972-12-31,"Female","Secondary","Widowed",3
16855,1985-12-31,"Female","University","Single",2
16856,1984-12-31,"Female","Secondary","Single",2
16857,1986-12-31,"Female","University","Single",3
16858,1973-12-31,"Female","Secondary","Married",2
16859,1999-12-31,"Female","Secondary","Married",1
16860,1975-12-31,"Male","Technical","Single",0
16861,1985-12-31,"Female","Secondary","Single",0
16862,1985-12-31,"Female","Secondary","Divorced",1
16863,1958-12-31,"Male","Technical","Single",0
16864,1972-12-31,"Male","Technical","Married",2
16865,1996-12-31,"Male","Secondary","Married",0
16866,1983-12-31,"Female","University","Single",1
16867,1966-12-31,"Female","University","Single",2
16868,1988-12-31,"Female","Technical","Married",0
16869,1982-12-31,"Male","Secondary","Married",1
16870,1984-12-31,"Male","Postgraduate","Married",2
16871,1973-12-31,"Male","University","Married",1
16872,1975-12-31,"Female","University","Single",0
16873,1974-12-31,"Female","Technical","Married",0
16874,2004-12-31,"Male","University","Single",0
16875,1982-12-31,"Male","Technical","Married",1
16876,1981-12-31,"Male","University","Married",0
16877,1983-12-31,"Female","Other","Single",0
16878,1993-12-31,"Male","Secondary","Divorced",0
16879,1967-12-31,"Female","Technical","Single",2
16880,1980-12-31,"Male","Secondary","Married",2
16881,1977-12-31,"Male","University","Married",1
16882,1981-12-31,"Female","Technical","Single",0
16883,1972-12-31,"Male","University","Married",2
16884,1977-12-31,"Female","University","Married",0
16885,1975-12-31,"Male","Secondary","Married",1
16886,1985-12-31,"Male","University","Divorced",3
16887,1992-12-31,"Female","Secondary","Married",1
16888,1985-12-31,"Female","Secondary","Single",0
16889,1979-12-31,"Female","Technical","Married",0
16890,1974-12-31,"Female","Postgraduate","Single",1
16891,1957-12-31,"Female","Technical","Married",0
16892,1965-12-31,"Male","Secondary","Married",0
16893,1988-12-31,"Male","University","Married",2
16894,1996-12-31,"Female","University","Married",3
16895,1982-12-31,"Female","Postgraduate","Married",1
16896,1979-12-31,"Female","University","Married",0
16897,1984-12-31,"Male","University","Divorced",0
16898,1967-12-31,"Male","University","Single",1
16899,1992-12-31,"Male","University","Single",2
16900,1996-12-31,"Female","University","Divorced",2
16901,1980-12-31,"Male","University","Single",0
16902,2007-12-31,"Male","Secondary","Single",1
16903,1986-12-31,"Male","Secondary","Married",2
16904,1962-12-31,"Female","Secondary","Married",0
16905,2004-12-31,"Female","University","Single",0
16906,1980-12-31,"Female","Secondary","Widowed",0
16907,1982-12-31,"Female","Technical","Single",3
16908,1994-12-31,"Male","Other","Divorced",3
16909,2007-12-31,"Female","University","Divorced",2
16910,1974-12-31,"Female","Postgraduate","Divorced",0
16911,1992-12-31,"Male","Secondary","Single",2
16912,2001-12-31,"Female","Secondary","Married",0
16913,1988-12-31,"Male","Secondary","Married",1
16914,1990-12-31,"Male","University","Single",0
16915,1967-12-31,"Female","Secondary","Married",0
16916,1983-12-31,"Male","Secondary","Single",1
16917,1988-12-31,"Male","University","Divorced",2
16918,1970-12-31,"Female","Secondary","Widowed",2
16919,1967-12-31,"Male","Secondary","Married",2
16920,1977-12-31,"Male","Secondary","Single",0
16921,1950-12-31,"Female","Secondary","Married",0
16922,1972-12-31,"Female","University","Married",3
16923,1988-12-31,"Male","Technical","Married",2
16924,1965-12-31,"Male","University","Married",0
16925,1976-12-31,"Female","Secondary","Single",1
16926,1993-12-31,"Male","Technical","Single",0
16927,1997-12-31,"Female","Technical","Married",4
16928,1989-12-31,"Male","Secondary","Married",2
16929,1966-12-31,"Male","Secondary","Married",0
16930,1997-12-31,"Female","Technical","Divorced",0
16931,1983-12-31,"Female","Secondary","Divorced",2
16932,1979-12-31,"Male","Secondary","Single",2
16933,1992-12-31,"Female","University","Married",2
16934,1979-12-31,"Female","Secondary","Married",1
16935,1963-12-31,"Male","Secondary","Married",1
16936,1985-12-31,"Female","Secondary","Single",1
16937,1989-12-31,"Male","Technical","Single",2
16938,1989-12-31,"Male","Technical","Married",0
16939,1984-12-31,"Female","Secondary","Divorced",0
16940,1991-12-31,"Female","Secondary","Single",0
16941,1969-12-31,"Male","Technical","Married",1
16942,2000-12-31,"Female","Postgraduate","Married",1
16943,1969-12-31,"Female","Secondary","Single",1
16944,1984-12-31,"Male","Technical","Single",0
16945,1955-12-31,"Male","Secondary","Single",0
16946,1971-12-31,"Female","Secondary","Divorced",0
16947,1977-12-31,"Male","Technical","Single",4
16948,1985-12-31,"Male","Secondary","Widowed",0
16949,1950-12-31,"Male","Technical","Single",0
16950,1988-12-31,"Female","University","Single",0
16951,1986-12-31,"Female","Secondary","Divorced",1
16952,1968-12-31,"Male","Technical","Married",0
16953,1989-12-31,"Male","Technical","Divorced",1
16954,1979-12-31,"Female","Technical","Married",1
16955,1985-12-31,"Female","University","Married",1
16956,1978-12-31,"Male","University","Single",1
16957,1991-12-31,"Male","University","Single",1
16958,1999-12-31,"Male","University","Married",0
16959,1973-12-31,"Male","University","Single",1
16960,1977-12-31,"Male","Other","Divorced",0
16961,1976-12-31,"Female","Technical","Divorced",2
16962,1988-12-31,"Female","Secondary","Divorced",1
16963,1985-12-31,"Female","University","Single",0
16964,1970-12-31,"Male","Secondary","Married",1
16965,1974-12-31,"Female","University","Married",5
16966,2003-12-31,"Male","Technical","Married",3
16967,1991-12-31,"Male","University","Married",1
16968,1984-12-31,"Female","University","Divorced",0
16969,1971-12-31,"Female","Secondary","Single",0
16970,1970-12-31,"Female","Other","Single",0
16971,2005-12-31,"Female","Secondary","Married",0
16972,1970-12-31,"Male","Secondary","Married",0
16973,1988-12-31,"Female","Secondary","Single",0
16974,1999-12-31,"Female","Secondary","Single",2
16975,1991-12-31,"Male","Technical","Married",2
16976,2002-12-31,"Female","Secondary","Married",0
16977,2002-12-31,"Female","Secondary","Single",0
16978,1971-12-31,"Male","Postgraduate","Single",2
16979,2002-12-31,"Female","Technical","Widowed",1
16980,1976-12-31,"Male","Technical","Single",0
16981,1973-12-31,"Female","Secondary","Married",3
16982,2000-12-31,"Female","Secondary","Married",2
16983,1978-12-31,"Female","University","Married",0
16984,1986-12-31,"Female","Other","Single",2
16985,1983-12-31,"Male","Technical","Single",2
16986,1960-12-31,"Female","Technical","Divorced",2
16987,2003-12-31,"Female","University","Widowed",0
16988,1986-12-31,"Male","Technical","Widowed",0
16989,1982-12-31,"Female","Secondary","Divorced",1
16990,1974-12-31,"Female","University","Single",0
16991,1992-12-31,"Male","Technical","Married",1
16992,1983-12-31,"Female","Secondary","Widowed",0
16993,1986-12-31,"Female","Secondary","Married",0
16994,1981-12-31,"Male","Postgraduate","Single",0
16995,1983-12-31,"Male","Technical","Single",1
16996,1998-12-31,"Male","Secondary","Single",3
16997,1976-12-31,"Male","University","Single",1
16998,1985-12-31,"Male","Technical","Married",0
16999,1986-12-31,"Female","Postgraduate","Married",1
17000,1984-12-31,"Male","Technical","Married",2
17001,1967-12-31,"Female","University","Married",0
17002,1988-12-31,"Female","University","Married",2
17003,1988-12-31,"Male","University","Single",0
17004,1975-12-31,"Male","University","Widowed",0
17005,1998-12-31,"Other","University","Single",0
17006,1973-12-31,"Female","Secondary","Married",1
17007,1962-12-31,"Female","University","Married",1
17008,1978-12-31,"Male","Technical","Single",2
17009,1998-12-31,"Male","Secondary","Widowed",0
17010,1981-12-31,"Male","Other","Single",1
17011,1990-12-31,"Female","University","Single",0
17012,1977-12-31,"Male","Technical","Single",1
17013,1983-12-31,"Female","University","Married",2
17014,1979-12-31,"Female","University","Married",1
17015,1989-12-31,"Male","University","Divorced",1
17016,1990-12-31,"Female","Technical","Married",0
17017,1983-12-31,"Female","University","Married",2
17018,1993-12-31,"Male","Technical","Married",0
17019,1980-12-31,"Female","Secondary","Married",3
17020,1989-12-31,"Female","University","Single",2
17021,1979-12-31,"Female","University","Divorced",3
17022,1985-12-31,"Female","Secondary","Married",1
17023,1993-12-31,"Female","Secondary","Married",3
17024,1977-12-31,"Male","Other","Single",0
17025,1985-12-31,"Male","Secondary","Single",1
17026,1969-12-31,"Female","University","Single",3
17027,1964-12-31,"Male","Technical","Widowed",1
17028,1988-12-31,"Female","Postgraduate","Single",1
17029,1984-12-31,"Male","Technical","Divorced",2
17030,1950-12-31,"Female","University","Married",0
17031,1991-12-31,"Female","Technical","Married",1
17032,1983-12-31,"Male","Secondary","Single",3
17033,1969-12-31,"Male","Technical","Divorced",2
17034,1980-12-31,"Female","Secondary","Married",3
17035,1979-12-31,"Male","Secondary","Married",0
17036,1978-12-31,"Female","Secondary","Married",2
17037,1980-12-31,"Male","Postgraduate","Single",0
17038,1994-12-31,"Other","University","Married",2
17039,1981-12-31,"Female","Secondary","Married",2
17040,1978-12-31,"Male","University","Divorced",1
17041,1982-12-31,"Male","Secondary","Single",0
17042,1985-12-31,"Other","Technical","Divorced",2
17043,1985-12-31,"Male","University","Single",1
17044,1979-12-31,"Female","University","Married",2
17045,1979-12-31,"Male","University","Married",2
17046,2002-12-31,"Male","Secondary","Single",2
17047,1980-12-31,"Male","Technical","Single",1
17048,1975-12-31,"Female","Secondary","Married",1
17049,1974-12-31,"Female","Postgraduate","Divorced",1
17050,1978-12-31,"Male","Technical","Divorced",1
17051,1978-12-31,"Male","Postgraduate","Married",2
17052,1988-12-31,"Male","University","Married",2
17053,1984-12-31,"Female","Secondary","Married",3
17054,1978-12-31,"Male","Secondary","Married",1
17055,1962-12-31,"Male","Other","Married",3
17056,2002-12-31,"Female","Technical","Married",2
17057,1982-12-31,"Male","Technical","Married",1
17058,2006-12-31,"Male","Secondary","Married",4
17059,1989-12-31,"Male","Technical","Married",2
17060,1959-12-31,"Male","University","Married",2
17061,1989-12-31,"Female","Technical","Single",1
17062,1984-12-31,"Female","Secondary","Single",3
17063,1998-12-31,"Female","University","Single",2
17064,1983-12-31,"Female","Technical","Married",1
17065,1971-12-31,"Male","Secondary","Divorced",0
17066,1991-12-31,"Male","University","Single",3
17067,1978-12-31,"Female","Secondary","Single",2
17068,1975-12-31,"Male","Secondary","Married",0
17069,1972-12-31,"Female","Secondary","Married",0
17070,1958-12-31,"Female","University","Single",4
17071,1987-12-31,"Male","Technical","Married",1
17072,1963-12-31,"Female","Other","Married",2
17073,1974-12-31,"Male","Technical","Single",1
17074,1976-12-31,"Male","Secondary","Single",0
17075,1985-12-31,"Female","Postgraduate","Married",0
17076,2000-12-31,"Male","University","Married",2
17077,1980-12-31,"Male","University","Married",3
17078,1983-12-31,"Male","Technical","Single",0
17079,2004-12-31,"Male","Technical","Married",3
17080,1967-12-31,"Male","Secondary","Married",4
17081,1981-12-31,"Male","Secondary","Single",3
17082,1959-12-31,"Female","University","Single",1
17083,1980-12-31,"Female","University","Married",3
17084,1981-12-31,"Male","University","Single",0
17085,1981-12-31,"Male","University","Married",3
17086,1994-12-31,"Male","Secondary","Single",1
17087,1968-12-31,"Male","Technical","Divorced",1
17088,1988-12-31,"Female","University","Married",0
17089,1970-12-31,"Male","University","Married",4
17090,1977-12-31,"Female","Postgraduate","Widowed",5
17091,1986-12-31,"Male","Technical","Single",2
17092,1977-12-31,"Male","University","Married",1
17093,1999-12-31,"Female","Postgraduate","Divorced",2
17094,1993-12-31,"Male","Secondary","Married",3
17095,2002-12-31,"Female","Technical","Single",3
17096,1971-12-31,"Male","University","Married",1
17097,1983-12-31,"Female","Secondary","Married",3
17098,1973-12-31,"Female","Secondary","Single",1
17099,1988-12-31,"Male","Secondary","Married",0
17100,1989-12-31,"Female","Secondary","Married",0
17101,1983-12-31,"Male","Technical","Single",1
17102,1972-12-31,"Female","Technical","Single",3
17103,1986-12-31,"Male","Technical","Single",0
17104,1988-12-31,"Male","Technical","Single",0
17105,1978-12-31,"Male","University","Married",1
17106,1982-12-31,"Female","Secondary","Married",4
17107,1993-12-31,"Other","Technical","Married",3
17108,1973-12-31,"Male","University","Married",0
17109,1961-12-31,"Male","Secondary","Single",3
17110,1992-12-31,"Female","Technical","Single",0
17111,2005-12-31,"Female","Postgraduate","Married",3
17112,1985-12-31,"Female","Secondary","Divorced",2
17113,1965-12-31,"Female","Secondary","Widowed",1
17114,1980-12-31,"Male","Technical","Single",2
17115,1993-12-31,"Male","Secondary","Married",1
17116,1989-12-31,"Female","Secondary","Single",3
17117,1982-12-31,"Female","Secondary","Divorced",1
17118,1960-12-31,"Male","Secondary","Divorced",0
17119,1983-12-31,"Male","University","Single",2
17120,1983-12-31,"Female","University","Single",2
17121,1982-12-31,"Female","Technical","Single",2
17122,1967-12-31,"Female","Postgraduate","Single",1
17123,1985-12-31,"Male","University","Single",4
17124,1987-12-31,"Female","University","Single",3
17125,1979-12-31,"Female","Secondary","Married",1
17126,1978-12-31,"Female","University","Married",0
17127,1989-12-31,"Female","Secondary","Married",0
17128,1985-12-31,"Male","Secondary","Married",2
17129,1983-12-31,"Female","Secondary","Married",0
17130,1985-12-31,"Female","Secondary","Single",1
17131,1985-12-31,"Female","Secondary","Single",1
17132,1980-12-31,"Male","Secondary","Single",0
17133,1988-12-31,"Female","Postgraduate","Single",3
17134,1975-12-31,"Female","University","Divorced",1
17135,1967-12-31,"Female","Technical","Single",1
17136,1969-12-31,"Female","Postgraduate","Divorced",1
17137,2007-12-31,"Male","Secondary","Single",1
17138,1984-12-31,"Female","University","Single",1
17139,1988-12-31,"Male","Secondary","Married",3
17140,1988-12-31,"Female","University","Single",1
17141,1974-12-31,"Female","Secondary","Married",3
17142,1991-12-31,"Male","Secondary","Married",1
17143,1992-12-31,"Female","Secondary","Single",2
17144,1986-12-31,"Male","Postgraduate","Single",0
17145,1980-12-31,"Male","University","Single",2
17146,1982-12-31,"Male","Technical","Divorced",1
17147,1994-12-31,"Female","University","Single",1
17148,1956-12-31,"Male","Secondary","Single",2
17149,1991-12-31,"Male","University","Single",5
17150,1969-12-31,"Female","Secondary","Married",2
17151,2006-12-31,"Female","Secondary","Single",2
17152,1987-12-31,"Female","Secondary","Married",2
17153,1991-12-31,"Female","University","Married",2
17154,1973-12-31,"Male","University","Single",0
17155,2007-12-31,"Other","University","Married",1
17156,1977-12-31,"Female","Secondary","Married",0
17157,1981-12-31,"Female","University","Married",1
17158,1953-12-31,"Male","University","Married",0
17159,1979-12-31,"Female","University","Married",2
17160,1973-12-31,"Female","Secondary","Single",2
17161,1983-12-31,"Female","University","Married",2
17162,1996-12-31,"Other","University","Married",0
17163,1981-12-31,"Female","University","Married",0
17164,1959-12-31,"Male","Technical","Single",2
17165,1964-12-31,"Male","University","Single",3
17166,1974-12-31,"Female","Secondary","Single",1
17167,1961-12-31,"Male","University","Widowed",0
17168,1985-12-31,"Male","University","Divorced",0
17169,1967-12-31,"Male","University","Married",2
17170,1981-12-31,"Female","University","Divorced",2
17171,1986-12-31,"Male","Postgraduate","Divorced",1
17172,1987-12-31,"Male","University","Single",1
17173,1980-12-31,"Female","University","Single",0
17174,1964-12-31,"Female","Technical","Single",0
17175,1998-12-31,"Female","Postgraduate","Divorced",2
17176,1950-12-31,"Female","Secondary","Married",1
17177,1980-12-31,"Female","University","Married",2
17178,1987-12-31,"Male","University","Single",1
17179,1982-12-31,"Female","Secondary","Single",1
17180,1991-12-31,"Female","Postgraduate","Single",0
17181,1979-12-31,"Female","University","Married",1
17182,1961-12-31,"Male","Secondary","Single",1
17183,1985-12-31,"Male","Secondary","Married",1
17184,1994-12-31,"Male","Technical","Single",2
17185,1957-12-31,"Male","University","Single",2
17186,1996-12-31,"Male","Secondary","Widowed",2
17187,1982-12-31,"Male","University","Married",2
17188,1989-12-31,"Male","Secondary","Divorced",2
17189,1985-12-31,"Male","Secondary","Single",3
17190,1980-12-31,"Female","Technical","Married",1
17191,1967-12-31,"Female","Secondary","Single",2
17192,1974-12-31,"Female","Secondary","Single",0
17193,1971-12-31,"Male","Technical","Single",0
17194,1987-12-31,"Male","Postgraduate","Divorced",5
17195,1981-12-31,"Female","University","Married",2
17196,1969-12-31,"Female","Secondary","Married",3
17197,1977-12-31,"Female","University","Married",2
17198,1997-12-31,"Male","Secondary","Married",0
17199,1982-12-31,"Female","University","Married",1
17200,1971-12-31,"Female","Secondary","Married",1
17201,1995-12-31,"Male","Secondary","Single",0
17202,1986-12-31,"Female","University","Single",5
17203,1989-12-31,"Male","University","Married",0
17204,1996-12-31,"Female","Secondary","Divorced",2
17205,1977-12-31,"Female","Postgraduate","Married",2
17206,1976-12-31,"Male","Secondary","Married",2
17207,1982-12-31,"Male","Secondary","Married",1
17208,1977-12-31,"Male","University","Single",1
17209,1983-12-31,"Male","University","Married",1
17210,2001-12-31,"Female","Secondary","Married",0
17211,1986-12-31,"Other","Technical","Single",2
17212,1981-12-31,"Female","Secondary","Married",2
17213,1995-12-31,"Female","University","Single",2
17214,1994-12-31,"Male","Secondary","Single",1
17215,1995-12-31,"Male","University","Married",0
17216,1998-12-31,"Female","Secondary","Single",1
17217,1986-12-31,"Male","Technical","Divorced",1
17218,1978-12-31,"Female","Secondary","Married",2
17219,1977-12-31,"Male","Secondary","Divorced",0
17220,1988-12-31,"Female","University","Married",1
17221,1974-12-31,"Female","Secondary","Married",0
17222,1964-12-31,"Female","Secondary","Single",0
17223,1968-12-31,"Male","Technical","Divorced",0
17224,1968-12-31,"Male","Secondary","Single",2
17225,1994-12-31,"Female","Secondary","Married",2
17226,1986-12-31,"Female","Secondary","Married",2
17227,1980-12-31,"Female","Technical","Single",1
17228,1970-12-31,"Male","Technical","Married",1
17229,1971-12-31,"Male","University","Single",2
17230,1990-12-31,"Female","Technical","Single",4
17231,1993-12-31,"Female","University","Divorced",0
17232,1969-12-31,"Male","University","Divorced",1
17233,1984-12-31,"Male","Secondary","Single",1
17234,1964-12-31,"Male","Secondary","Married",2
17235,1991-12-31,"Female","Secondary","Married",4
17236,1976-12-31,"Male","Secondary","Divorced",1
17237,1975-12-31,"Female","Technical","Married",1
17238,1978-12-31,"Male","University","Single",0
17239,1974-12-31,"Female","University","Single",4
17240,1975-12-31,"Female","Other","Married",3
17241,1984-12-31,"Male","Secondary","Single",2
17242,1990-12-31,"Male","Postgraduate","Married",1
17243,1977-12-31,"Male","Technical","Single",1
17244,1999-12-31,"Male","University","Divorced",2
17245,1989-12-31,"Female","Postgraduate","Single",1
17246,1983-12-31,"Female","Secondary","Married",1
17247,1984-12-31,"Female","Technical","Single",2
17248,1977-12-31,"Male","University","Single",2
17249,1977-12-31,"Female","University","Married",2
17250,1975-12-31,"Male","University","Single",0
17251,1997-12-31,"Male","Secondary","Married",2
17252,1978-12-31,"Male","Postgraduate","Single",2
17253,1997-12-31,"Male","Secondary","Married",1
17254,2001-12-31,"Male","Technical","Single",2
17255,1986-12-31,"Female","University","Married",1
17256,1980-12-31,"Male","Secondary","Married",2
17257,1987-12-31,"Male","Secondary","Widowed",2
17258,1969-12-31,"Male","University","Divorced",0
17259,1971-12-31,"Female","Secondary","Single",1
17260,1982-12-31,"Female","Secondary","Single",1
17261,1977-12-31,"Male","Technical","Married",0
17262,1994-12-31,"Male","Secondary","Married",3
17263,1986-12-31,"Female","Secondary","Single",2
17264,1999-12-31,"Female","Postgraduate","Married",0
17265,1982-12-31,"Female","University","Single",2
17266,1997-12-31,"Female","University","Married",3
17267,1966-12-31,"Female","University","Divorced",4
17268,1983-12-31,"Male","Technical","Single",1
17269,1986-12-31,"Male","Secondary","Single",1
17270,1950-12-31,"Male","Technical","Single",1
17271,2004-12-31,"Male","Secondary","Married",3
17272,1981-12-31,"Male","University","Divorced",2
17273,1988-12-31,"Female","Secondary","Single",1
17274,1972-12-31,"Male","Postgraduate","Married",1
17275,2007-12-31,"Female","Secondary","Married",0
17276,1972-12-31,"Female","Technical","Married",2
17277,1981-12-31,"Female","Postgraduate","Single",1
17278,2000-12-31,"Female","Secondary","Married",1
17279,1983-12-31,"Male","Secondary","Married",1
17280,1998-12-31,"Female","University","Married",0
17281,1987-12-31,"Male","University","Married",0
17282,1998-12-31,"Male","Technical","Single",0
17283,1988-12-31,"Male","University","Widowed",1
17284,1989-12-31,"Female","Technical","Single",2
17285,1993-12-31,"Male","Secondary","Divorced",3
17286,1966-12-31,"Male","Secondary","Single",2
17287,1952-12-31,"Female","Secondary","Single",3
17288,1980-12-31,"Female","University","Married",0
17289,1977-12-31,"Female","Postgraduate","Married",3
17290,1994-12-31,"Male","University","Married",1
17291,1997-12-31,"Female","Other","Married",2
17292,1995-12-31,"Female","University","Widowed",3
17293,1982-12-31,"Female","Secondary","Single",2
17294,1999-12-31,"Female","Technical","Single",1
17295,1979-12-31,"Male","Technical","Single",2
17296,1959-12-31,"Female","Secondary","Married",0
17297,1978-12-31,"Female","Secondary","Divorced",1
17298,1967-12-31,"Male","Secondary","Married",3
17299,1971-12-31,"Male","Technical","Married",1
17300,2000-12-31,"Female","Technical","Single",2
17301,1988-12-31,"Male","Secondary","Single",2
17302,1994-12-31,"Female","Other","Married",0
17303,1995-12-31,"Male","Secondary","Married",0
17304,1970-12-31,"Female","University","Married",3
17305,2000-12-31,"Male","Postgraduate","Single",1
17306,1993-12-31,"Male","University","Married",0
17307,1976-12-31,"Male","Secondary","Married",0
17308,1984-12-31,"Female","Secondary","Married",1
17309,1976-12-31,"Female","Technical","Divorced",2
17310,1995-12-31,"Female","University","Single",1
17311,1977-12-31,"Male","University","Widowed",3
17312,1989-12-31,"Female","University","Married",0
17313,1976-12-31,"Female","Secondary","Single",1
17314,2006-12-31,"Female","Secondary","Single",1
17315,1989-12-31,"Female","University","Single",0
17316,1993-12-31,"Female","Technical","Divorced",2
17317,1990-12-31,"Female","Secondary","Single",2
17318,1971-12-31,"Male","University","Single",1
17319,1992-12-31,"Female","Postgraduate","Married",4
17320,1993-12-31,"Female","Technical","Married",0
17321,1968-12-31,"Male","Secondary","Divorced",0
17322,1991-12-31,"Female","University","Married",1
17323,1980-12-31,"Female","Technical","Married",1
17324,1987-12-31,"Male","Secondary","Single",0
17325,1986-12-31,"Female","Postgraduate","Single",1
17326,1979-12-31,"Male","Technical","Divorced",1
17327,1999-12-31,"Male","Postgraduate","Married",0
17328,1969-12-31,"Male","Technical","Divorced",2
17329,1995-12-31,"Female","University","Single",2
17330,1996-12-31,"Male","University","Married",3
17331,1981-12-31,"Male","Technical","Single",3
17332,1957-12-31,"Female","Technical","Divorced",1
17333,1959-12-31,"Female","Secondary","Single",3
17334,1981-12-31,"Male","Secondary","Single",2
17335,1980-12-31,"Male","University","Married",1
17336,1989-12-31,"Female","University","Married",2
17337,1976-12-31,"Female","Technical","Divorced",2
17338,1990-12-31,"Female","Postgraduate","Single",0
17339,1966-12-31,"Male","Technical","Single",2
17340,1991-12-31,"Male","Technical","Divorced",2
17341,2001-12-31,"Male","Secondary","Single",1
17342,1990-12-31,"Female","Technical","Widowed",2
17343,1984-12-31,"Male","Secondary","Single",1
17344,1987-12-31,"Male","Other","Married",2
17345,1999-12-31,"Male","Secondary","Single",0
17346,1966-12-31,"Female","Secondary","Married",2
17347,1985-12-31,"Male","University","Single",0
17348,2007-12-31,"Male","Technical","Married",1
17349,1974-12-31,"Male","Technical","Married",1
17350,1986-12-31,"Male","Technical","Single",1
17351,1995-12-31,"Male","University","Married",2
17352,1981-12-31,"Female","Secondary","Divorced",2
17353,1986-12-31,"Female","Secondary","Married",1
17354,1995-12-31,"Male","Secondary","Single",1
17355,1967-12-31,"Female","Technical","Married",1
17356,1985-12-31,"Male","Technical","Married",2
17357,1990-12-31,"Male","Secondary","Divorced",1
17358,1961-12-31,"Male","Secondary","Married",2
17359,1968-12-31,"Female","Postgraduate","Divorced",2
17360,1965-12-31,"Male","Technical","Married",3
17361,1973-12-31,"Male","Secondary","Widowed",1
17362,1979-12-31,"Female","Technical","Married",1
17363,1973-12-31,"Female","Technical","Married",1
17364,1991-12-31,"Male","Technical","Married",1
17365,1984-12-31,"Male","Technical","Single",1
17366,1965-12-31,"Male","University","Single",2
17367,1993-12-31,"Male","Technical","Single",1
17368,1965-12-31,"Male","Postgraduate","Married",1
17369,1993-12-31,"Male","Secondary","Married",4
17370,1972-12-31,"Male","Secondary","Married",1
17371,1988-12-31,"Male","Secondary","Married",0
17372,1990-12-31,"Male","University","Married",0
17373,1982-12-31,"Male","Secondary","Single",0
17374,1989-12-31,"Male","Secondary","Single",1
17375,1985-12-31,"Male","University","Divorced",0
17376,1966-12-31,"Female","Secondary","Married",0
17377,1968-12-31,"Male","Technical","Widowed",2
17378,1992-12-31,"Male","Technical","Married",3
17379,1974-12-31,"Male","Technical","Married",0
17380,1979-12-31,"Female","Secondary","Married",3
17381,1960-12-31,"Male","Secondary","Married",0
17382,1989-12-31,"Male","University","Married",1
17383,1989-12-31,"Male","University","Single",2
17384,1986-12-31,"Male","Secondary","Married",1
17385,1975-12-31,"Male","Secondary","Married",4
17386,1975-12-31,"Male","Technical","Single",0
17387,1991-12-31,"Female","University","Single",2
17388,1991-12-31,"Male","University","Married",0
17389,1971-12-31,"Female","Secondary","Married",1
17390,1984-12-31,"Female","Technical","Divorced",0
17391,2003-12-31,"Male","University","Married",1
17392,1972-12-31,"Female","Secondary","Single",0
17393,1974-12-31,"Female","Secondary","Single",2
17394,1995-12-31,"Female","Secondary","Married",0
17395,2007-12-31,"Female","Technical","Married",0
17396,1997-12-31,"Female","Secondary","Divorced",2
17397,1994-12-31,"Male","Technical","Widowed",1
17398,2003-12-31,"Female","Technical","Married",0
17399,1983-12-31,"Male","University","Married",0
17400,1984-12-31,"Male","University","Married",1
17401,1970-12-31,"Female","University","Married",0
17402,1977-12-31,"Male","Technical","Married",1
17403,1966-12-31,"Male","University","Married",1
17404,1984-12-31,"Female","Secondary","Single",2
17405,2004-12-31,"Male","Secondary","Single",0
17406,1967-12-31,"Male","Technical","Married",1
17407,1984-12-31,"Male","Technical","Divorced",1
17408,1980-12-31,"Male","Technical","Single",2
17409,2004-12-31,"Female","Secondary","Married",3
17410,1984-12-31,"Male","Secondary","Married",2
17411,1997-12-31,"Other","Secondary","Single",2
17412,1995-12-31,"Male","University","Single",2
17413,1971-12-31,"Female","Technical","Single",0
17414,1976-12-31,"Male","Secondary","Single",2
17415,1993-12-31,"Female","Secondary","Married",0
17416,1975-12-31,"Male","University","Married",1
17417,1969-12-31,"Female","Technical","Married",2
17418,1983-12-31,"Female","Technical","Married",1
17419,1993-12-31,"Female","Technical","Single",1
17420,1985-12-31,"Male","Secondary","Married",2
17421,1966-12-31,"Female","Postgraduate","Divorced",1
17422,1990-12-31,"Male","Secondary","Single",0
17423,1990-12-31,"Male","Other","Single",1
17424,1999-12-31,"Male","Secondary","Married",3
17425,1982-12-31,"Female","Technical","Married",2
17426,1972-12-31,"Female","University","Married",0
17427,1971-12-31,"Male","University","Married",1
17428,1986-12-31,"Male","University","Married",1
17429,1970-12-31,"Female","Technical","Single",1
17430,1983-12-31,"Female","Secondary","Divorced",2
17431,1994-12-31,"Male","University","Married",1
17432,1991-12-31,"Male","Technical","Single",3
17433,1998-12-31,"Male","Technical","Divorced",0
17434,1988-12-31,"Female","Technical","Divorced",0
17435,1983-12-31,"Female","Technical","Single",2
17436,1964-12-31,"Male","Secondary","Married",0
17437,2000-12-31,"Other","University","Married",1
17438,1991-12-31,"Female","Other","Married",0
17439,1991-12-31,"Female","Technical","Single",1
17440,1970-12-31,"Female","Secondary","Married",0
17441,1968-12-31,"Female","Secondary","Single",3
17442,1989-12-31,"Female","Secondary","Married",1
17443,1969-12-31,"Female","University","Single",3
17444,1994-12-31,"Female","Secondary","Single",0
17445,1989-12-31,"Male","Technical","Married",4
17446,1974-12-31,"Female","Secondary","Single",0
17447,1986-12-31,"Female","Other","Married",3
17448,1963-12-31,"Male","University","Married",3
17449,1973-12-31,"Male","Secondary","Married",2
17450,1987-12-31,"Female","University","Single",1
17451,1990-12-31,"Female","University","Divorced",2
17452,2000-12-31,"Female","University","Single",0
17453,1968-12-31,"Male","University","Married",2
17454,1975-12-31,"Male","Postgraduate","Married",1
17455,2007-12-31,"Male","Technical","Single",0
17456,1985-12-31,"Male","Technical","Married",1
17457,1977-12-31,"Male","University","Married",2
17458,1955-12-31,"Male","University","Married",3
17459,1967-12-31,"Other","Technical","Married",2
17460,1972-12-31,"Female","Secondary","Single",1
17461,1970-12-31,"Female","Postgraduate","Married",3
17462,1993-12-31,"Female","Secondary","Single",2
17463,1975-12-31,"Female","Secondary","Married",1
17464,1963-12-31,"Female","Technical","Married",2
17465,1992-12-31,"Female","University","Single",1
17466,1978-12-31,"Female","Secondary","Married",3
17467,1994-12-31,"Female","Secondary","Married",3
17468,1990-12-31,"Female","University","Single",3
17469,1971-12-31,"Male","Secondary","Married",0
17470,1977-12-31,"Female","Other","Married",1
17471,1986-12-31,"Female","Technical","Single",1
17472,1970-12-31,"Male","Other","Single",2
17473,1990-12-31,"Male","Technical","Single",2
17474,1972-12-31,"Female","University","Single",1
17475,1987-12-31,"Male","Secondary","Divorced",2
17476,1989-12-31,"Male","Secondary","Divorced",2
17477,1991-12-31,"Male","Technical","Widowed",2
17478,1978-12-31,"Male","Secondary","Single",2
17479,1971-12-31,"Female","Technical","Married",0
17480,1989-12-31,"Male","Technical","Married",2
17481,1983-12-31,"Female","University","Single",4
17482,1986-12-31,"Male","University","Single",0
17483,1980-12-31,"Male","Secondary","Single",0
17484,1998-12-31,"Male","University","Married",4
17485,1986-12-31,"Male","University","Divorced",1
17486,1987-12-31,"Female","Secondary","Divorced",1
17487,1989-12-31,"Male","University","Single",2
17488,1984-12-31,"Female","Secondary","Single",1
17489,1980-12-31,"Female","University","Married",2
17490,1972-12-31,"Female","Other","Married",2
17491,1975-12-31,"Female","Secondary","Married",0
17492,1967-12-31,"Female","Technical","Divorced",0
17493,1962-12-31,"Male","Postgraduate","Single",4
17494,1995-12-31,"Female","Technical","Married",0
17495,1980-12-31,"Male","Technical","Divorced",0
17496,1981-12-31,"Female","Secondary","Married",1
17497,1967-12-31,"Female","Secondary","Single",0
17498,1974-12-31,"Male","Secondary","Single",1
17499,1985-12-31,"Female","University","Married",0
17500,1985-12-31,"Male","Technical","Married",1
17501,2006-12-31,"Female","Technical","Married",1
17502,1996-12-31,"Male","Technical","Married",0
17503,1971-12-31,"Female","Technical","Divorced",2
17504,1994-12-31,"Male","Other","Married",0
17505,1990-12-31,"Male","University","Married",0
17506,1997-12-31,"Female","Technical","Single",0
17507,1981-12-31,"Female","Technical","Married",0
17508,1988-12-31,"Female","University","Single",1
17509,1972-12-31,"Male","Secondary","Married",1
17510,1988-12-31,"Female","Postgraduate","Married",2
17511,1987-12-31,"Male","Secondary","Divorced",4
17512,1984-12-31,"Female","Secondary","Single",2
17513,1980-12-31,"Male","Postgraduate","Widowed",1
17514,1978-12-31,"Male","Technical","Divorced",2
17515,1982-12-31,"Female","Technical","Married",2
17516,2007-12-31,"Female","Postgraduate","Married",3
17517,1961-12-31,"Female","Technical","Married",2
17518,1975-12-31,"Female","Technical","Widowed",1
17519,1985-12-31,"Female","Technical","Divorced",1
17520,1987-12-31,"Male","Other","Single",0
17521,1984-12-31,"Male","Postgraduate","Widowed",3
17522,1951-12-31,"Male","University","Single",1
17523,1984-12-31,"Female","Postgraduate","Married",1
17524,1973-12-31,"Male","University","Married",1
17525,1992-12-31,"Female","University","Married",1
17526,1976-12-31,"Female","Secondary","Divorced",0
17527,1983-12-31,"Female","Secondary","Single",3
17528,1985-12-31,"Female","Technical","Married",3
17529,1982-12-31,"Male","University","Single",1
17530,1961-12-31,"Male","Other","Single",2
17531,1983-12-31,"Male","Secondary","Single",2
17532,1973-12-31,"Male","Technical","Married",0
17533,1970-12-31,"Female","University","Single",2
17534,1958-12-31,"Female","University","Single",2
17535,1978-12-31,"Female","Secondary","Married",2
17536,1963-12-31,"Male","University","Married",2
17537,1994-12-31,"Female","Secondary","Married",1
17538,1971-12-31,"Male","Secondary","Married",1
17539,1968-12-31,"Male","Technical","Married",0
17540,1977-12-31,"Female","Secondary","Single",0
17541,1985-12-31,"Male","Postgraduate","Married",0
17542,1972-12-31,"Female","Postgraduate","Single",3
17543,1972-12-31,"Male","University","Married",1
17544,1966-12-31,"Male","Secondary","Single",1
17545,2002-12-31,"Female","Technical","Single",1
17546,1959-12-31,"Male","Technical","Single",1
17547,2001-12-31,"Female","Postgraduate","Married",1
17548,1983-12-31,"Female","Secondary","Married",1
17549,1979-12-31,"Female","Other","Single",0
17550,1966-12-31,"Male","University","Single",2
17551,1955-12-31,"Female","Secondary","Single",1
17552,1984-12-31,"Male","Technical","Married",1
17553,1992-12-31,"Male","University","Divorced",0
17554,1968-12-31,"Female","Secondary","Married",0
17555,1982-12-31,"Male","University","Married",2
17556,1987-12-31,"Male","Secondary","Divorced",0
17557,1986-12-31,"Male","Other","Married",2
17558,2006-12-31,"Male","Technical","Married",1
17559,1999-12-31,"Female","Technical","Married",1
17560,1986-12-31,"Male","Technical","Single",0
17561,1966-12-31,"Female","University","Married",0
17562,1975-12-31,"Male","Secondary","Married",0
17563,1981-12-31,"Male","Secondary","Divorced",4
17564,1976-12-31,"Female","Secondary","Married",1
17565,1982-12-31,"Other","University","Married",1
17566,2007-12-31,"Female","Technical","Single",2
17567,1971-12-31,"Male","University","Married",1
17568,1983-12-31,"Female","University","Married",0
17569,1982-12-31,"Female","Technical","Divorced",1
17570,1971-12-31,"Male","University","Married",3
17571,1975-12-31,"Male","University","Married",1
17572,2000-12-31,"Male","Secondary","Single",0
17573,1972-12-31,"Male","Secondary","Married",3
17574,1970-12-31,"Female","University","Single",1
17575,1986-12-31,"Female","Technical","Married",1
17576,2007-12-31,"Male","University","Single",0
17577,1989-12-31,"Male","University","Single",0
17578,1974-12-31,"Male","Secondary","Married",1
17579,1995-12-31,"Female","Other","Married",0
17580,1977-12-31,"Female","Other","Single",1
17581,1974-12-31,"Female","Secondary","Married",1
17582,1991-12-31,"Female","Secondary","Divorced",1
17583,1972-12-31,"Female","Technical","Divorced",0
17584,1991-12-31,"Female","Secondary","Married",2
17585,1993-12-31,"Male","Technical","Single",1
17586,1968-12-31,"Female","Secondary","Single",0
17587,1982-12-31,"Female","Secondary","Married",1
17588,1974-12-31,"Male","Technical","Married",0
17589,1972-12-31,"Female","Technical","Single",2
17590,1986-12-31,"Female","University","Widowed",1
17591,1988-12-31,"Female","Technical","Married",1
17592,1967-12-31,"Male","University","Married",1
17593,1986-12-31,"Female","Technical","Single",2
17594,1969-12-31,"Female","Secondary","Single",0
17595,1976-12-31,"Female","Secondary","Married",1
17596,1972-12-31,"Female","Secondary","Married",0
17597,1999-12-31,"Female","University","Married",1
17598,1987-12-31,"Male","University","Married",0
17599,2003-12-31,"Female","University","Married",4
17600,1983-12-31,"Female","Secondary","Single",1
17601,1980-12-31,"Male","Secondary","Married",0
17602,1985-12-31,"Male","University","Divorced",1
17603,1974-12-31,"Female","Technical","Single",1
17604,1985-12-31,"Male","University","Single",2
17605,1986-12-31,"Female","Technical","Single",0
17606,1982-12-31,"Male","Secondary","Single",2
17607,1975-12-31,"Male","Postgraduate","Single",1
17608,1985-12-31,"Female","University","Divorced",2
17609,1973-12-31,"Female","University","Widowed",1
17610,1984-12-31,"Male","Technical","Married",0
17611,2005-12-31,"Male","Other","Divorced",1
17612,1971-12-31,"Male","Secondary","Married",1
17613,1972-12-31,"Female","Technical","Married",3
17614,1968-12-31,"Male","Secondary","Single",1
17615,1980-12-31,"Female","Secondary","Married",0
17616,1981-12-31,"Female","University","Married",0
17617,2007-12-31,"Female","Technical","Married",0
17618,1966-12-31,"Female","Technical","Married",4
17619,1988-12-31,"Female","University","Married",1
17620,1981-12-31,"Female","Secondary","Married",4
17621,1960-12-31,"Male","Secondary","Divorced",0
17622,1988-12-31,"Male","University","Married",3
17623,1991-12-31,"Male","University","Single",2
17624,1977-12-31,"Female","Secondary","Single",0
17625,1977-12-31,"Male","University","Married",0
17626,1993-12-31,"Male","Technical","Married",3
17627,1982-12-31,"Male","Technical","Married",1
17628,1966-12-31,"Male","University","Married",1
17629,1998-12-31,"Male","University","Single",0
17630,1988-12-31,"Male","Technical","Single",0
17631,1976-12-31,"Male","University","Married",1
17632,1979-12-31,"Male","University","Single",0
17633,1995-12-31,"Female","University","Single",1
17634,1963-12-31,"Male","Other","Divorced",2
17635,1987-12-31,"Female","University","Married",1
17636,1997-12-31,"Female","University","Married",0
17637,1980-12-31,"Male","University","Married",0
17638,1970-12-31,"Female","Secondary","Married",2
17639,1987-12-31,"Male","Postgraduate","Single",0
17640,2007-12-31,"Male","Technical","Single",0
17641,1986-12-31,"Male","University","Single",0
17642,1997-12-31,"Female","University","Widowed",0
17643,1976-12-31,"Male","Postgraduate","Married",3
17644,1982-12-31,"Male","Technical","Single",1
17645,1950-12-31,"Male","Secondary","Married",1
17646,1976-12-31,"Male","Secondary","Married",1
17647,1991-12-31,"Male","Technical","Single",3
17648,2007-12-31,"Female","Secondary","Single",0
17649,1982-12-31,"Female","Secondary","Married",2
17650,1985-12-31,"Male","Technical","Married",0
17651,1991-12-31,"Male","Secondary","Single",0
17652,1986-12-31,"Female","Secondary","Single",1
17653,1972-12-31,"Male","University","Married",2
17654,1958-12-31,"Male","Secondary","Widowed",2
17655,2004-12-31,"Male","Secondary","Married",0
17656,1980-12-31,"Male","University","Married",1
17657,1985-12-31,"Female","Secondary","Divorced",0
17658,1993-12-31,"Male","Secondary","Married",0
17659,1984-12-31,"Male","Technical","Single",1
17660,1984-12-31,"Female","University","Divorced",3
17661,1999-12-31,"Other","Secondary","Single",1
17662,1964-12-31,"Male","Secondary","Divorced",0
17663,1992-12-31,"Male","Secondary","Divorced",1
17664,1983-12-31,"Male","Postgraduate","Divorced",0
17665,1993-12-31,"Female","Technical","Single",0
17666,1977-12-31,"Female","Secondary","Single",0
17667,1970-12-31,"Female","University","Married",2
17668,1984-12-31,"Female","Technical","Married",0
17669,1969-12-31,"Female","Secondary","Married",2
17670,1950-12-31,"Other","Technical","Married",1
17671,1970-12-31,"Male","University","Married",1
17672,1985-12-31,"Female","Secondary","Single",1
17673,1989-12-31,"Male","Secondary","Married",0
17674,1966-12-31,"Male","University","Single",1
17675,1975-12-31,"Male","Secondary","Married",0
17676,1989-12-31,"Male","Postgraduate","Married",1
17677,1969-12-31,"Female","Technical","Married",2
17678,1993-12-31,"Male","Secondary","Divorced",3
17679,1983-12-31,"Female","Other","Divorced",2
17680,1976-12-31,"Female","Secondary","Married",0
17681,1994-12-31,"Male","Secondary","Married",2
17682,1979-12-31,"Male","Technical","Widowed",1
17683,1970-12-31,"Female","Secondary","Divorced",1
17684,1987-12-31,"Female","University","Single",1
17685,1989-12-31,"Female","University","Single",1
17686,1982-12-31,"Male","University","Single",1
17687,1980-12-31,"Female","University","Single",1
17688,1984-12-31,"Male","University","Divorced",1
17689,1967-12-31,"Male","Secondary","Divorced",1
17690,1985-12-31,"Female","Secondary","Single",0
17691,1984-12-31,"Female","Technical","Single",1
17692,1996-12-31,"Male","Secondary","Single",1
17693,1965-12-31,"Female","Technical","Married",1
17694,1990-12-31,"Female","University","Single",1
17695,1991-12-31,"Female","Technical","Single",1
17696,1977-12-31,"Other","University","Divorced",3
17697,1968-12-31,"Male","Other","Married",0
17698,1968-12-31,"Male","Secondary","Single",1
17699,1975-12-31,"Female","Technical","Widowed",2
17700,1963-12-31,"Male","Secondary","Married",0
17701,2007-12-31,"Male","Secondary","Married",2
17702,1989-12-31,"Male","Secondary","Married",0
17703,1975-12-31,"Female","Technical","Married",1
17704,2007-12-31,"Female","University","Married",2
17705,1987-12-31,"Male","Postgraduate","Married",3
17706,1979-12-31,"Female","University","Married",2
17707,1993-12-31,"Female","Secondary","Married",2
17708,1975-12-31,"Female","University","Single",2
17709,1963-12-31,"Male","University","Single",2
17710,1982-12-31,"Male","Technical","Single",2
17711,1955-12-31,"Male","Secondary","Married",0
17712,1991-12-31,"Female","Postgraduate","Married",1
17713,1969-12-31,"Female","Technical","Married",2
17714,2007-12-31,"Female","University","Married",1
17715,2002-12-31,"Male","Postgraduate","Married",1
17716,1985-12-31,"Female","Secondary","Married",0
17717,1992-12-31,"Male","Technical","Married",2
17718,1980-12-31,"Other","Technical","Married",1
17719,1979-12-31,"Male","University","Single",2
17720,1980-12-31,"Male","Technical","Married",0
17721,1981-12-31,"Female","Technical","Single",0
17722,1982-12-31,"Male","Technical","Married",1
17723,1980-12-31,"Female","University","Married",3
17724,1990-12-31,"Male","Technical","Married",1
17725,1968-12-31,"Female","Secondary","Single",1
17726,1966-12-31,"Female","Secondary","Single",2
17727,1991-12-31,"Female","Technical","Married",1
17728,1989-12-31,"Female","Technical","Widowed",2
17729,1976-12-31,"Female","University","Widowed",0
17730,1963-12-31,"Female","University","Single",0
17731,2002-12-31,"Female","Postgraduate","Married",1
17732,1971-12-31,"Female","Postgraduate","Single",1
17733,1985-12-31,"Female","University","Married",0
17734,1989-12-31,"Male","Secondary","Single",1
17735,1992-12-31,"Female","Secondary","Married",1
17736,1958-12-31,"Female","Secondary","Single",1
17737,1978-12-31,"Female","Secondary","Married",0
17738,1980-12-31,"Female","University","Married",0
17739,1992-12-31,"Male","Secondary","Married",1
17740,1973-12-31,"Female","Other","Married",1
17741,1971-12-31,"Female","Secondary","Married",0
17742,1986-12-31,"Female","University","Single",1
17743,1977-12-31,"Female","Technical","Married",0
17744,1993-12-31,"Female","Secondary","Divorced",1
17745,1979-12-31,"Female","University","Divorced",2
17746,1983-12-31,"Male","University","Married",0
17747,1989-12-31,"Male","Technical","Married",1
17748,2007-12-31,"Female","Technical","Married",2
17749,1956-12-31,"Male","University","Married",3
17750,1987-12-31,"Male","Secondary","Single",4
17751,1976-12-31,"Female","Technical","Single",0
17752,1975-12-31,"Female","Technical","Married",0
17753,1967-12-31,"Male","Secondary","Single",1
17754,1989-12-31,"Female","University","Married",1
17755,1982-12-31,"Female","University","Divorced",3
17756,1980-12-31,"Female","Other","Married",0
17757,1988-12-31,"Female","Secondary","Married",1
17758,1977-12-31,"Male","University","Widowed",1
17759,2001-12-31,"Male","University","Single",1
17760,1981-12-31,"Female","University","Widowed",4
17761,1986-12-31,"Female","Secondary","Married",2
17762,1993-12-31,"Male","University","Divorced",1
17763,1968-12-31,"Female","Technical","Married",2
17764,2000-12-31,"Other","University","Married",1
17765,1986-12-31,"Male","University","Divorced",0
17766,1994-12-31,"Male","Secondary","Married",3
17767,1989-12-31,"Female","University","Single",1
17768,1969-12-31,"Male","University","Married",1
17769,1976-12-31,"Male","Secondary","Married",1
17770,1987-12-31,"Female","Postgraduate","Widowed",3
17771,1967-12-31,"Female","University","Married",1
17772,1971-12-31,"Male","Secondary","Single",1
17773,1988-12-31,"Male","Technical","Divorced",1
17774,1986-12-31,"Female","University","Widowed",1
17775,1985-12-31,"Male","University","Single",0
17776,1956-12-31,"Male","University","Single",0
17777,1972-12-31,"Female","Secondary","Widowed",3
17778,2007-12-31,"Female","University","Married",2
17779,1971-12-31,"Female","Postgraduate","Married",2
17780,1967-12-31,"Male","Postgraduate","Divorced",1
17781,1950-12-31,"Male","Postgraduate","Divorced",0
17782,1975-12-31,"Male","University","Married",3
17783,2003-12-31,"Female","Secondary","Divorced",0
17784,1987-12-31,"Male","University","Single",1
17785,1995-12-31,"Male","Postgraduate","Married",1
17786,1988-12-31,"Male","Secondary","Married",1
17787,1990-12-31,"Female","Secondary","Married",1
17788,1987-12-31,"Female","University","Married",1
17789,1979-12-31,"Female","University","Widowed",1
17790,1983-12-31,"Female","University","Single",2
17791,1980-12-31,"Female","Secondary","Single",0
17792,1987-12-31,"Male","Postgraduate","Married",2
17793,1961-12-31,"Female","Technical","Widowed",2
17794,1983-12-31,"Female","University","Single",2
17795,1987-12-31,"Male","University","Divorced",2
17796,1982-12-31,"Female","Technical","Married",4
17797,1969-12-31,"Female","University","Single",2
17798,1980-12-31,"Female","Technical","Married",0
17799,2003-12-31,"Female","Technical","Married",0
17800,1983-12-31,"Female","Postgraduate","Single",1
17801,1996-12-31,"Male","University","Single",1
17802,1965-12-31,"Male","University","Single",5
17803,1993-12-31,"Male","Secondary","Married",1
17804,1979-12-31,"Male","Secondary","Single",0
17805,1974-12-31,"Male","University","Divorced",0
17806,1993-12-31,"Female","University","Married",1
17807,1991-12-31,"Male","University","Married",2
17808,1976-12-31,"Female","Secondary","Married",2
17809,1988-12-31,"Other","University","Married",1
17810,1998-12-31,"Female","Secondary","Single",2
17811,1985-12-31,"Male","Secondary","Widowed",0
17812,1999-12-31,"Male","Technical","Single",4
17813,1989-12-31,"Male","University","Single",3
17814,1981-12-31,"Male","University","Divorced",1
17815,1994-12-31,"Male","Technical","Married",1
17816,1978-12-31,"Male","Postgraduate","Married",1
17817,2000-12-31,"Female","Secondary","Married",0
17818,1976-12-31,"Female","University","Married",1
17819,1977-12-31,"Female","Technical","Single",3
17820,1998-12-31,"Male","University","Single",2
17821,2000-12-31,"Female","Technical","Divorced",1
17822,1994-12-31,"Male","Secondary","Single",0
17823,1993-12-31,"Female","University","Single",0
17824,1993-12-31,"Female","Secondary","Married",2
17825,1995-12-31,"Female","University","Divorced",0
17826,1988-12-31,"Male","Secondary","Single",0
17827,1980-12-31,"Female","Secondary","Single",0
17828,1976-12-31,"Male","Secondary","Single",1
17829,1995-12-31,"Female","Technical","Married",0
17830,1966-12-31,"Female","University","Divorced",3
17831,2007-12-31,"Female","Technical","Single",2
17832,1990-12-31,"Male","University","Widowed",1
17833,1996-12-31,"Male","University","Single",0
17834,1988-12-31,"Female","Secondary","Married",3
17835,1980-12-31,"Male","University","Married",1
17836,1978-12-31,"Female","Technical","Single",1
17837,1992-12-31,"Female","Postgraduate","Single",1
17838,1978-12-31,"Male","Secondary","Single",2
17839,1965-12-31,"Female","Secondary","Married",3
17840,1974-12-31,"Male","University","Married",2
17841,1985-12-31,"Male","Other","Single",0
17842,1988-12-31,"Female","Secondary","Single",2
17843,1968-12-31,"Male","Postgraduate","Single",2
17844,1984-12-31,"Male","University","Single",1
17845,1975-12-31,"Male","University","Single",2
17846,1966-12-31,"Female","Secondary","Single",1
17847,1970-12-31,"Male","University","Single",2
17848,1975-12-31,"Female","Technical","Single",3
17849,1970-12-31,"Female","University","Married",3
17850,1980-12-31,"Female","Secondary","Divorced",3
17851,1980-12-31,"Male","Technical","Divorced",2
17852,1982-12-31,"Female","Technical","Single",0
17853,1955-12-31,"Male","Technical","Married",1
17854,1959-12-31,"Male","University","Single",0
17855,1989-12-31,"Male","Secondary","Divorced",1
17856,1961-12-31,"Female","Technical","Single",2
17857,2007-12-31,"Female","Postgraduate","Married",1
17858,1964-12-31,"Female","Other","Single",2
17859,1995-12-31,"Male","Technical","Single",2
17860,1999-12-31,"Male","Secondary","Single",0
17861,1980-12-31,"Male","Postgraduate","Divorced",1
17862,1968-12-31,"Male","Secondary","Single",1
17863,1995-12-31,"Male","Technical","Single",1
17864,1978-12-31,"Male","Technical","Single",2
17865,1964-12-31,"Female","Technical","Married",1
17866,1993-12-31,"Male","University","Divorced",0
17867,1956-12-31,"Male","Technical","Single",2
17868,1968-12-31,"Female","Technical","Single",3
17869,1996-12-31,"Male","Technical","Single",1
17870,1978-12-31,"Male","Technical","Single",1
17871,1996-12-31,"Male","Secondary","Married",2
17872,2003-12-31,"Female","Secondary","Married",2
17873,1998-12-31,"Female","Secondary","Divorced",0
17874,1982-12-31,"Male","Secondary","Single",1
17875,1969-12-31,"Female","University","Married",1
17876,1989-12-31,"Female","Secondary","Married",1
17877,1994-12-31,"Female","University","Single",1
17878,1986-12-31,"Female","University","Single",2
17879,1992-12-31,"Male","University","Widowed",2
17880,1969-12-31,"Male","University","Single",2
17881,2003-12-31,"Male","Technical","Single",1
17882,1976-12-31,"Female","University","Single",1
17883,1993-12-31,"Female","Technical","Single",2
17884,1988-12-31,"Male","Secondary","Divorced",0
17885,1994-12-31,"Female","Technical","Married",0
17886,1968-12-31,"Male","Technical","Single",2
17887,1965-12-31,"Male","University","Single",2
17888,1976-12-31,"Female","Technical","Divorced",1
17889,1996-12-31,"Male","Secondary","Married",1
17890,1975-12-31,"Female","University","Single",1
17891,1993-12-31,"Female","University","Single",2
17892,1989-12-31,"Male","Postgraduate","Single",1
17893,1990-12-31,"Female","Postgraduate","Single",1
17894,1978-12-31,"Male","Secondary","Married",3
17895,1970-12-31,"Female","Secondary","Married",2
17896,1978-12-31,"Male","Technical","Divorced",1
17897,1979-12-31,"Male","University","Married",1
17898,1984-12-31,"Male","Secondary","Married",3
17899,1978-12-31,"Female","Secondary","Single",0
17900,1983-12-31,"Female","Postgraduate","Married",0
17901,1983-12-31,"Male","Secondary","Married",0
17902,1972-12-31,"Female","Other","Married",0
17903,1970-12-31,"Male","Postgraduate","Single",1
17904,1982-12-31,"Male","University","Divorced",0
17905,1997-12-31,"Male","Secondary","Married",1
17906,1986-12-31,"Female","Secondary","Single",0
17907,1978-12-31,"Female","Secondary","Single",0
17908,1993-12-31,"Male","Technical","Single",1
17909,1983-12-31,"Female","Secondary","Divorced",1
17910,1995-12-31,"Male","University","Single",0
17911,2007-12-31,"Female","University","Single",1
17912,1984-12-31,"Male","Secondary","Married",1
17913,1975-12-31,"Female","Secondary","Single",0
17914,1985-12-31,"Male","Secondary","Married",2
17915,1993-12-31,"Female","Secondary","Single",1
17916,1983-12-31,"Female","University","Single",0
17917,1969-12-31,"Female","Technical","Married",2
17918,1969-12-31,"Male","Secondary","Married",4
17919,1994-12-31,"Other","Secondary","Single",2
17920,1983-12-31,"Male","Technical","Widowed",1
17921,1980-12-31,"Male","Postgraduate","Single",1
17922,2003-12-31,"Female","University","Single",1
17923,1990-12-31,"Female","University","Single",1
17924,1987-12-31,"Male","Technical","Single",1
17925,1975-12-31,"Female","Secondary","Married",0
17926,1980-12-31,"Male","Secondary","Married",1
17927,1972-12-31,"Male","Secondary","Married",0
17928,1999-12-31,"Male","Secondary","Married",0
17929,1967-12-31,"Female","Secondary","Single",2
17930,1976-12-31,"Female","Technical","Married",0
17931,1987-12-31,"Female","Technical","Divorced",1
17932,1989-12-31,"Male","Secondary","Single",2
17933,1976-12-31,"Male","University","Divorced",1
17934,1958-12-31,"Female","Technical","Married",1
17935,1985-12-31,"Male","University","Divorced",1
17936,1971-12-31,"Female","Technical","Single",0
17937,2007-12-31,"Male","Secondary","Divorced",1
17938,1967-12-31,"Female","Secondary","Married",1
17939,1994-12-31,"Female","Technical","Single",0
17940,1957-12-31,"Male","Secondary","Single",1
17941,1978-12-31,"Male","Postgraduate","Single",3
17942,1994-12-31,"Female","University","Married",3
17943,1987-12-31,"Female","University","Single",1
17944,1998-12-31,"Female","University","Divorced",1
17945,1979-12-31,"Female","Secondary","Married",3
17946,1981-12-31,"Male","Secondary","Single",1
17947,1976-12-31,"Male","Secondary","Single",3
17948,1993-12-31,"Female","Other","Married",1
17949,1971-12-31,"Female","University","Widowed",1
17950,1965-12-31,"Male","Technical","Single",0
17951,1985-12-31,"Male","Secondary","Married",1
17952,1973-12-31,"Female","Secondary","Married",0
17953,2005-12-31,"Female","Secondary","Married",2
17954,1986-12-31,"Male","University","Married",1
17955,1975-12-31,"Female","Secondary","Married",0
17956,1961-12-31,"Female","Other","Widowed",0
17957,1986-12-31,"Male","University","Married",1
17958,1999-12-31,"Male","Technical","Married",1
17959,1979-12-31,"Female","Secondary","Single",2
17960,1997-12-31,"Male","Secondary","Married",1
17961,1985-12-31,"Female","University","Married",4
17962,1966-12-31,"Male","Secondary","Single",4
17963,1971-12-31,"Female","University","Single",1
17964,1991-12-31,"Male","Technical","Single",1
17965,2001-12-31,"Male","Secondary","Single",1
17966,2000-12-31,"Female","University","Single",0
17967,1995-12-31,"Male","Secondary","Married",1
17968,1983-12-31,"Female","University","Single",0
17969,1973-12-31,"Female","University","Divorced",2
17970,1989-12-31,"Female","University","Single",0
17971,1950-12-31,"Female","Secondary","Single",0
17972,1981-12-31,"Male","Technical","Married",0
17973,1988-12-31,"Female","Secondary","Married",1
17974,1969-12-31,"Female","Technical","Single",5
17975,1976-12-31,"Female","Technical","Divorced",1
17976,1973-12-31,"Female","University","Married",3
17977,1971-12-31,"Male","Postgraduate","Single",0
17978,1993-12-31,"Female","University","Married",3
17979,2001-12-31,"Male","University","Single",2
17980,1990-12-31,"Female","Postgraduate","Single",1
17981,1950-12-31,"Female","Technical","Single",1
17982,1982-12-31,"Male","Technical","Divorced",0
17983,1972-12-31,"Female","University","Divorced",0
17984,1976-12-31,"Female","University","Single",0
17985,1976-12-31,"Male","Secondary","Single",1
17986,1984-12-31,"Female","University","Married",3
17987,1984-12-31,"Male","Secondary","Married",2
17988,1980-12-31,"Female","Technical","Single",1
17989,1979-12-31,"Male","Secondary","Married",1
17990,1975-12-31,"Male","Secondary","Divorced",4
17991,1981-12-31,"Male","Secondary","Married",0
17992,1989-12-31,"Male","University","Single",0
17993,1984-12-31,"Male","Secondary","Married",3
17994,1986-12-31,"Male","Technical","Single",2
17995,1964-12-31,"Male","University","Single",2
17996,1968-12-31,"Male","Secondary","Married",3
17997,1979-12-31,"Female","University","Married",1
17998,1981-12-31,"Male","University","Divorced",0
17999,1959-12-31,"Male","Technical","Married",1
18000,1978-12-31,"Male","Technical","Married",1
18001,1985-12-31,"Female","University","Single",1
18002,1982-12-31,"Male","University","Widowed",2
18003,1998-12-31,"Female","Technical","Widowed",4
18004,1991-12-31,"Female","University","Married",0
18005,1977-12-31,"Male","Secondary","Single",3
18006,1961-12-31,"Female","University","Divorced",1
18007,1968-12-31,"Male","Technical","Single",3
18008,1980-12-31,"Female","Other","Single",0
18009,1994-12-31,"Male","Secondary","Married",3
18010,1983-12-31,"Female","University","Married",2
18011,1978-12-31,"Male","Secondary","Married",1
18012,1987-12-31,"Female","Technical","Single",1
18013,1991-12-31,"Female","Secondary","Married",1
18014,1990-12-31,"Female","University","Married",0
18015,1970-12-31,"Male","University","Single",0
18016,2002-12-31,"Female","Secondary","Married",3
18017,1995-12-31,"Male","Technical","Married",1
18018,1992-12-31,"Male","University","Married",5
18019,1955-12-31,"Male","Technical","Married",0
18020,1983-12-31,"Male","University","Single",1
18021,1994-12-31,"Male","Secondary","Married",2
18022,1965-12-31,"Female","University","Widowed",0
18023,1989-12-31,"Female","University","Widowed",0
18024,1989-12-31,"Female","Secondary","Married",2
18025,1976-12-31,"Male","Secondary","Married",0
18026,1970-12-31,"Male","Technical","Married",1
18027,1971-12-31,"Female","University","Married",2
18028,1991-12-31,"Female","University","Married",4
18029,1982-12-31,"Male","University","Married",1
18030,1974-12-31,"Female","Postgraduate","Single",0
18031,1993-12-31,"Female","Postgraduate","Single",1
18032,1982-12-31,"Male","University","Married",3
18033,1993-12-31,"Male","Postgraduate","Single",0
18034,1976-12-31,"Female","Technical","Single",2
18035,1972-12-31,"Female","Technical","Married",0
18036,1955-12-31,"Male","University","Married",1
18037,1981-12-31,"Female","Technical","Divorced",0
18038,1990-12-31,"Female","Technical","Married",1
18039,1986-12-31,"Female","Secondary","Single",0
18040,1988-12-31,"Male","University","Divorced",0
18041,1993-12-31,"Male","University","Single",3
18042,2004-12-31,"Male","Postgraduate","Divorced",2
18043,1986-12-31,"Female","Postgraduate","Married",2
18044,1972-12-31,"Female","Secondary","Single",1
18045,1994-12-31,"Female","Postgraduate","Single",1
18046,1987-12-31,"Female","Secondary","Single",2
18047,1996-12-31,"Female","Technical","Married",1
18048,1977-12-31,"Male","Secondary","Married",1
18049,1979-12-31,"Female","Secondary","Widowed",1
18050,1990-12-31,"Female","University","Single",0
18051,1987-12-31,"Female","University","Single",3
18052,1996-12-31,"Female","Secondary","Married",1
18053,1978-12-31,"Male","Technical","Single",3
18054,1992-12-31,"Male","University","Married",3
18055,2001-12-31,"Male","Secondary","Married",2
18056,1996-12-31,"Female","Technical","Married",1
18057,1972-12-31,"Male","Technical","Single",0
18058,1989-12-31,"Female","Technical","Married",2
18059,1962-12-31,"Male","Technical","Divorced",2
18060,1986-12-31,"Female","Other","Widowed",2
18061,1979-12-31,"Female","University","Single",3
18062,1995-12-31,"Male","Technical","Single",5
18063,1997-12-31,"Male","University","Married",1
18064,1988-12-31,"Male","Technical","Single",2
18065,1985-12-31,"Female","University","Single",2
18066,1977-12-31,"Female","University","Divorced",1
18067,1980-12-31,"Male","Secondary","Divorced",0
18068,1968-12-31,"Female","University","Married",0
18069,1991-12-31,"Male","University","Single",2
18070,1996-12-31,"Male","University","Divorced",2
18071,1978-12-31,"Male","Postgraduate","Single",1
18072,1964-12-31,"Female","Secondary","Married",0
18073,1977-12-31,"Female","University","Single",2
18074,1989-12-31,"Female","Secondary","Married",0
18075,1961-12-31,"Male","Postgraduate","Single",2
18076,1959-12-31,"Male","Secondary","Single",1
18077,1985-12-31,"Male","Secondary","Married",2
18078,1959-12-31,"Male","Technical","Single",2
18079,1979-12-31,"Male","Technical","Married",1
18080,1994-12-31,"Female","University","Married",2
18081,1971-12-31,"Female","University","Married",2
18082,1992-12-31,"Male","University","Widowed",1
18083,1989-12-31,"Female","Technical","Divorced",0
18084,1977-12-31,"Female","Other","Single",4
18085,1966-12-31,"Female","University","Married",2
18086,1967-12-31,"Male","Secondary","Single",1
18087,1975-12-31,"Female","Technical","Single",1
18088,1977-12-31,"Female","Technical","Married",1
18089,1984-12-31,"Female","Technical","Single",0
18090,1990-12-31,"Female","Secondary","Single",0
18091,2005-12-31,"Male","Technical","Single",1
18092,1974-12-31,"Female","Secondary","Married",0
18093,1984-12-31,"Female","Technical","Single",1
18094,1975-12-31,"Male","Secondary","Single",0
18095,1978-12-31,"Female","University","Married",2
18096,1997-12-31,"Female","University","Divorced",0
18097,1984-12-31,"Female","University","Married",2
18098,1981-12-31,"Female","Technical","Married",2
18099,1986-12-31,"Female","Secondary","Married",1
18100,1979-12-31,"Female","Secondary","Single",0
18101,1976-12-31,"Male","Secondary","Married",2
18102,1982-12-31,"Female","University","Married",2
18103,1994-12-31,"Female","Technical","Married",2
18104,2001-12-31,"Female","Technical","Divorced",0
18105,1995-12-31,"Male","Secondary","Married",2
18106,1989-12-31,"Male","University","Divorced",2
18107,1970-12-31,"Female","University","Married",1
18108,1991-12-31,"Male","Postgraduate","Divorced",3
18109,1963-12-31,"Male","Secondary","Married",1
18110,1982-12-31,"Male","University","Married",1
18111,1980-12-31,"Female","Other","Single",2
18112,1996-12-31,"Male","University","Married",3
18113,1984-12-31,"Male","Technical","Single",2
18114,1963-12-31,"Female","Secondary","Single",3
18115,1986-12-31,"Male","Secondary","Married",1
18116,2005-12-31,"Female","University","Married",0
18117,1967-12-31,"Male","Postgraduate","Married",2
18118,1968-12-31,"Male","Postgraduate","Married",0
18119,1992-12-31,"Male","University","Single",1
18120,1984-12-31,"Male","University","Single",3
18121,1997-12-31,"Female","Technical","Married",1
18122,2007-12-31,"Male","Secondary","Married",2
18123,1985-12-31,"Male","University","Married",1
18124,1985-12-31,"Female","Secondary","Married",1
18125,1981-12-31,"Female","Secondary","Married",1
18126,1983-12-31,"Female","Secondary","Married",0
18127,1995-12-31,"Female","University","Single",1
18128,1966-12-31,"Male","Technical","Married",1
18129,1985-12-31,"Female","University","Married",1
18130,1974-12-31,"Male","University","Divorced",2
18131,1996-12-31,"Male","Secondary","Single",1
18132,1979-12-31,"Female","Secondary","Single",3
18133,1974-12-31,"Male","Technical","Married",2
18134,1993-12-31,"Male","Other","Married",0
18135,1977-12-31,"Male","Technical","Single",1
18136,2003-12-31,"Female","Secondary","Married",2
18137,1969-12-31,"Male","Technical","Single",0
18138,1951-12-31,"Male","University","Single",1
18139,1994-12-31,"Female","University","Widowed",1
18140,1980-12-31,"Female","Secondary","Divorced",2
18141,2007-12-31,"Female","Secondary","Single",3
18142,1995-12-31,"Female","Secondary","Single",1
18143,1986-12-31,"Female","Technical","Married",4
18144,1976-12-31,"Male","Secondary","Married",4
18145,1973-12-31,"Female","Other","Married",1
18146,1973-12-31,"Male","Technical","Married",2
18147,1984-12-31,"Male","Secondary","Single",0
18148,1987-12-31,"Female","University","Single",1
18149,1950-12-31,"Male","University","Single",2
18150,1980-12-31,"Female","Secondary","Married",0
18151,1955-12-31,"Female","Technical","Widowed",0
18152,1993-12-31,"Female","University","Single",2
18153,1993-12-31,"Female","Secondary","Married",1
18154,2007-12-31,"Female","University","Widowed",1
18155,2003-12-31,"Female","University","Single",3
18156,1962-12-31,"Female","Secondary","Single",1
18157,1983-12-31,"Female","Technical","Married",2
18158,1991-12-31,"Male","Secondary","Married",4
18159,1969-12-31,"Female","University","Single",1
18160,1993-12-31,"Male","University","Married",2
18161,1977-12-31,"Female","Postgraduate","Married",1
18162,1979-12-31,"Female","University","Single",2
18163,1983-12-31,"Male","Postgraduate","Married",2
18164,1969-12-31,"Female","Technical","Married",2
18165,1985-12-31,"Female","University","Divorced",3
18166,1978-12-31,"Male","Postgraduate","Single",0
18167,1982-12-31,"Male","Technical","Married",0
18168,1978-12-31,"Male","Other","Married",1
18169,1983-12-31,"Female","Technical","Divorced",0
18170,1987-12-31,"Female","University","Single",2
18171,1998-12-31,"Male","Postgraduate","Married",0
18172,1991-12-31,"Male","Technical","Single",3
18173,1966-12-31,"Male","University","Single",1
18174,1969-12-31,"Male","University","Married",0
18175,1994-12-31,"Other","Secondary","Widowed",2
18176,1984-12-31,"Male","Technical","Single",0
18177,1978-12-31,"Male","University","Married",1
18178,1982-12-31,"Male","University","Single",0
18179,1992-12-31,"Female","University","Married",1
18180,1988-12-31,"Female","University","Single",1
18181,1973-12-31,"Female","Postgraduate","Married",2
18182,1982-12-31,"Male","University","Single",4
18183,1983-12-31,"Female","University","Married",2
18184,1994-12-31,"Female","Secondary","Married",2
18185,1971-12-31,"Female","University","Married",2
18186,1966-12-31,"Female","Postgraduate","Single",3
18187,1997-12-31,"Female","Postgraduate","Married",2
18188,1984-12-31,"Male","Secondary","Married",3
18189,1970-12-31,"Female","Technical","Single",1
18190,1973-12-31,"Female","Secondary","Single",1
18191,1972-12-31,"Male","Secondary","Single",0
18192,1999-12-31,"Other","Secondary","Married",0
18193,1977-12-31,"Female","Secondary","Single",0
18194,1997-12-31,"Female","Technical","Single",1
18195,1981-12-31,"Female","Secondary","Married",2
18196,1976-12-31,"Male","University","Divorced",4
18197,2001-12-31,"Male","University","Married",1
18198,1978-12-31,"Female","Secondary","Married",2
18199,1982-12-31,"Female","University","Single",0
18200,1966-12-31,"Male","University","Divorced",1
18201,1981-12-31,"Male","Secondary","Widowed",3
18202,1970-12-31,"Male","Secondary","Single",0
18203,1995-12-31,"Male","Technical","Married",1
18204,1975-12-31,"Female","University","Single",0
18205,1997-12-31,"Male","Technical","Widowed",1
18206,1986-12-31,"Male","Technical","Divorced",1
18207,1977-12-31,"Female","Secondary","Single",0
18208,1966-12-31,"Male","Technical","Single",2
18209,1976-12-31,"Female","Secondary","Single",2
18210,1977-12-31,"Female","Secondary","Single",2
18211,1984-12-31,"Female","Technical","Married",0
18212,1992-12-31,"Female","Other","Married",1
18213,1976-12-31,"Male","Secondary","Single",2
18214,1990-12-31,"Female","Technical","Single",1
18215,1974-12-31,"Male","University","Married",1
18216,1977-12-31,"Female","Technical","Married",1
18217,1967-12-31,"Female","Secondary","Married",0
18218,1992-12-31,"Male","Technical","Married",1
18219,1993-12-31,"Male","Secondary","Single",0
18220,1978-12-31,"Female","Technical","Married",0
18221,1979-12-31,"Male","Postgraduate","Single",2
18222,1967-12-31,"Male","Secondary","Single",3
18223,1979-12-31,"Female","University","Divorced",1
18224,1982-12-31,"Female","Secondary","Married",1
18225,1987-12-31,"Female","University","Single",2
18226,1978-12-31,"Male","Secondary","Single",1
18227,1988-12-31,"Male","Secondary","Married",2
18228,1965-12-31,"Female","Secondary","Single",0
18229,1972-12-31,"Female","University","Married",1
18230,1988-12-31,"Male","Secondary","Married",0
18231,1973-12-31,"Male","University","Married",2
18232,2004-12-31,"Male","Technical","Divorced",3
18233,1992-12-31,"Female","University","Married",1
18234,1982-12-31,"Male","University","Married",3
18235,1981-12-31,"Male","Secondary","Single",2
18236,1989-12-31,"Male","Secondary","Single",1
18237,1978-12-31,"Male","University","Divorced",2
18238,1977-12-31,"Female","Technical","Married",0
18239,1989-12-31,"Female","University","Married",1
18240,1982-12-31,"Female","University","Single",0
18241,1989-12-31,"Female","Secondary","Married",2
18242,1989-12-31,"Female","Technical","Single",3
18243,1990-12-31,"Male","Secondary","Married",1
18244,1996-12-31,"Female","Technical","Divorced",0
18245,1984-12-31,"Male","Secondary","Single",2
18246,2002-12-31,"Female","Secondary","Single",1
18247,1969-12-31,"Female","University","Single",3
18248,1968-12-31,"Male","University","Married",1
18249,1991-12-31,"Male","Secondary","Married",1
18250,1983-12-31,"Female","University","Single",1
18251,1971-12-31,"Other","Technical","Single",3
18252,1980-12-31,"Male","University","Single",0
18253,1952-12-31,"Male","Secondary","Widowed",1
18254,2002-12-31,"Female","University","Married",1
18255,1977-12-31,"Male","Technical","Married",2
18256,1989-12-31,"Female","Secondary","Single",0
18257,1973-12-31,"Female","Postgraduate","Divorced",2
18258,1971-12-31,"Female","Postgraduate","Married",1
18259,1986-12-31,"Female","University","Married",1
18260,1993-12-31,"Female","University","Divorced",0
18261,1977-12-31,"Male","University","Single",1
18262,1965-12-31,"Female","University","Married",1
18263,1980-12-31,"Male","University","Married",1
18264,1979-12-31,"Female","Technical","Married",0
18265,1972-12-31,"Female","Secondary","Married",1
18266,1979-12-31,"Female","University","Married",2
18267,1967-12-31,"Male","Technical","Single",1
18268,1979-12-31,"Female","Secondary","Divorced",2
18269,1990-12-31,"Female","University","Single",2
18270,1987-12-31,"Male","Postgraduate","Single",2
18271,2001-12-31,"Male","Technical","Married",2
18272,1965-12-31,"Female","University","Single",3
18273,1962-12-31,"Male","University","Single",2
18274,1986-12-31,"Male","University","Married",2
18275,1966-12-31,"Female","Technical","Single",3
18276,1970-12-31,"Male","Secondary","Married",2
18277,1996-12-31,"Male","Secondary","Single",0
18278,1987-12-31,"Female","Secondary","Married",2
18279,1971-12-31,"Other","Technical","Divorced",1
18280,1982-12-31,"Female","Secondary","Single",1
18281,1987-12-31,"Female","Technical","Single",0
18282,1986-12-31,"Female","University","Married",1
18283,1990-12-31,"Female","University","Single",1
18284,1989-12-31,"Male","Postgraduate","Divorced",1
18285,1960-12-31,"Female","University","Single",3
18286,2007-12-31,"Male","University","Divorced",1
18287,1972-12-31,"Male","Postgraduate","Married",1
18288,1971-12-31,"Female","Postgraduate","Single",3
18289,1989-12-31,"Female","Technical","Married",2
18290,1978-12-31,"Male","University","Divorced",2
18291,1973-12-31,"Male","Other","Married",0
18292,1993-12-31,"Male","Technical","Single",0
18293,1978-12-31,"Male","University","Married",0
18294,1982-12-31,"Female","Secondary","Single",0
18295,1974-12-31,"Female","University","Divorced",2
18296,1980-12-31,"Male","University","Single",1
18297,1968-12-31,"Male","Technical","Single",2
18298,1984-12-31,"Male","Secondary","Single",0
18299,1977-12-31,"Male","University","Married",3
18300,1974-12-31,"Female","Secondary","Single",0
18301,1977-12-31,"Male","University","Married",2
18302,1981-12-31,"Male","Secondary","Single",0
18303,1973-12-31,"Male","Secondary","Married",2
18304,1982-12-31,"Male","Secondary","Married",2
18305,1972-12-31,"Female","Technical","Married",0
18306,1987-12-31,"Female","Secondary","Married",0
18307,1988-12-31,"Female","Secondary","Single",1
18308,1978-12-31,"Female","University","Single",0
18309,1996-12-31,"Male","University","Married",1
18310,1977-12-31,"Female","Postgraduate","Married",3
18311,1997-12-31,"Female","University","Single",0
18312,1991-12-31,"Female","Technical","Married",2
18313,1984-12-31,"Female","Technical","Married",1
18314,1979-12-31,"Male","Secondary","Married",1
18315,1985-12-31,"Other","Secondary","Married",1
18316,2002-12-31,"Male","University","Married",0
18317,1968-12-31,"Male","Secondary","Single",2
18318,1962-12-31,"Female","Secondary","Single",2
18319,1997-12-31,"Male","University","Single",1
18320,1969-12-31,"Male","Secondary","Single",4
18321,1985-12-31,"Male","Secondary","Single",3
18322,1967-12-31,"Female","Postgraduate","Married",0
18323,1976-12-31,"Male","University","Single",0
18324,2001-12-31,"Male","Technical","Married",0
18325,1991-12-31,"Male","Secondary","Single",1
18326,1995-12-31,"Male","Secondary","Single",2
18327,1985-12-31,"Female","Secondary","Single",1
18328,1966-12-31,"Female","Secondary","Married",3
18329,1962-12-31,"Female","Secondary","Single",0
18330,1955-12-31,"Male","Technical","Single",2
18331,2001-12-31,"Female","Technical","Married",0
18332,1980-12-31,"Female","Secondary","Single",2
18333,1977-12-31,"Male","University","Married",1
18334,1977-12-31,"Female","Other","Married",2
18335,1988-12-31,"Female","Technical","Divorced",2
18336,1978-12-31,"Male","Technical","Widowed",0
18337,2000-12-31,"Male","Technical","Married",3
18338,1987-12-31,"Other","Secondary","Married",2
18339,1967-12-31,"Female","Secondary","Married",3
18340,1970-12-31,"Male","Postgraduate","Married",1
18341,1986-12-31,"Male","Postgraduate","Single",2
18342,1975-12-31,"Male","University","Single",2
18343,1996-12-31,"Female","Secondary","Married",2
18344,1985-12-31,"Male","Secondary","Single",3
18345,1988-12-31,"Other","Secondary","Single",2
18346,1977-12-31,"Female","Secondary","Single",0
18347,1989-12-31,"Male","Secondary","Single",1
18348,1965-12-31,"Male","University","Single",1
18349,1983-12-31,"Male","Secondary","Single",1
18350,1995-12-31,"Female","University","Single",1
18351,1993-12-31,"Male","University","Single",1
18352,1983-12-31,"Female","Secondary","Married",1
18353,1983-12-31,"Female","Technical","Single",2
18354,1974-12-31,"Female","Secondary","Married",3
18355,1980-12-31,"Female","Technical","Widowed",1
18356,1997-12-31,"Female","Technical","Divorced",1
18357,1983-12-31,"Other","Postgraduate","Divorced",0
18358,1976-12-31,"Female","Secondary","Married",2
18359,1974-12-31,"Female","University","Single",2
18360,1982-12-31,"Male","Secondary","Single",2
18361,2001-12-31,"Male","Other","Divorced",1
18362,1984-12-31,"Female","Technical","Single",2
18363,1978-12-31,"Male","Secondary","Single",0
18364,1991-12-31,"Female","University","Divorced",1
18365,1955-12-31,"Male","Secondary","Divorced",3
18366,1964-12-31,"Female","Technical","Single",3
18367,1986-12-31,"Male","Postgraduate","Married",0
18368,1976-12-31,"Male","Secondary","Single",2
18369,1979-12-31,"Female","University","Single",1
18370,1990-12-31,"Female","University","Married",3
18371,1974-12-31,"Female","Secondary","Married",0
18372,2001-12-31,"Male","University","Single",2
18373,1978-12-31,"Male","University","Single",0
18374,2003-12-31,"Male","University","Divorced",1
18375,1980-12-31,"Male","University","Single",1
18376,1996-12-31,"Female","Technical","Married",3
18377,1977-12-31,"Other","University","Married",2
18378,1961-12-31,"Male","University","Divorced",1
18379,1982-12-31,"Male","Secondary","Divorced",0
18380,1977-12-31,"Female","University","Single",0
18381,1979-12-31,"Female","Technical","Married",1
18382,1961-12-31,"Female","University","Divorced",2
18383,1988-12-31,"Female","Postgraduate","Married",1
18384,1997-12-31,"Male","University","Married",0
18385,1973-12-31,"Female","Secondary","Single",0
18386,2001-12-31,"Male","Secondary","Married",1
18387,1995-12-31,"Female","Technical","Married",1
18388,1999-12-31,"Male","Technical","Married",3
18389,1996-12-31,"Female","Secondary","Married",2
18390,2000-12-31,"Male","University","Widowed",0
18391,1977-12-31,"Female","University","Married",1
18392,1984-12-31,"Male","University","Married",3
18393,1988-12-31,"Female","Secondary","Widowed",2
18394,1986-12-31,"Male","University","Married",1
18395,2001-12-31,"Female","Technical","Married",3
18396,1989-12-31,"Male","Secondary","Single",0
18397,1991-12-31,"Female","Secondary","Married",3
18398,1991-12-31,"Female","Technical","Divorced",0
18399,1965-12-31,"Male","Postgraduate","Divorced",0
18400,1970-12-31,"Female","Postgraduate","Single",4
18401,1952-12-31,"Male","Technical","Divorced",1
18402,1983-12-31,"Female","University","Single",3
18403,1985-12-31,"Male","Technical","Married",0
18404,1971-12-31,"Female","Secondary","Single",1
18405,1973-12-31,"Female","University","Divorced",2
18406,1966-12-31,"Female","Secondary","Single",0
18407,1973-12-31,"Other","Secondary","Single",1
18408,1974-12-31,"Male","Postgraduate","Married",1
18409,1983-12-31,"Male","Secondary","Married",1
18410,1975-12-31,"Male","Postgraduate","Married",1
18411,2007-12-31,"Female","Technical","Married",1
18412,1983-12-31,"Male","Technical","Divorced",1
18413,1983-12-31,"Female","Other","Married",2
18414,1982-12-31,"Male","Technical","Single",1
18415,1986-12-31,"Female","Secondary","Married",0
18416,1980-12-31,"Male","Technical","Divorced",0
18417,1989-12-31,"Female","Technical","Single",2
18418,1987-12-31,"Female","Secondary","Married",2
18419,1998-12-31,"Male","Secondary","Married",1
18420,1961-12-31,"Male","Technical","Single",2
18421,1973-12-31,"Male","Technical","Single",1
18422,1987-12-31,"Male","University","Single",1
18423,1996-12-31,"Female","Technical","Widowed",3
18424,1979-12-31,"Female","University","Married",3
18425,1969-12-31,"Male","University","Married",0
18426,1981-12-31,"Male","University","Widowed",3
18427,1991-12-31,"Male","University","Married",0
18428,1987-12-31,"Male","Technical","Married",3
18429,1993-12-31,"Female","Secondary","Single",1
18430,1984-12-31,"Male","Secondary","Married",0
18431,1979-12-31,"Female","Postgraduate","Married",5
18432,1982-12-31,"Male","Postgraduate","Single",1
18433,1982-12-31,"Male","University","Divorced",0
18434,1974-12-31,"Other","University","Divorced",0
18435,1979-12-31,"Female","Technical","Single",1
18436,1989-12-31,"Female","University","Married",1
18437,1993-12-31,"Female","Technical","Married",1
18438,1977-12-31,"Male","Postgraduate","Single",0
18439,1971-12-31,"Female","University","Divorced",0
18440,1977-12-31,"Female","Technical","Single",1
18441,1970-12-31,"Female","Technical","Divorced",1
18442,1981-12-31,"Female","Secondary","Single",2
18443,1995-12-31,"Male","University","Married",1
18444,1993-12-31,"Female","Technical","Married",2
18445,1989-12-31,"Female","University","Single",1
18446,1968-12-31,"Female","Technical","Widowed",2
18447,1989-12-31,"Male","Technical","Married",0
18448,1978-12-31,"Male","Technical","Married",1
18449,1980-12-31,"Female","Technical","Single",1
18450,1983-12-31,"Male","Technical","Married",2
18451,2005-12-31,"Female","Postgraduate","Married",1
18452,1999-12-31,"Male","Technical","Married",1
18453,1977-12-31,"Female","Secondary","Married",1
18454,1981-12-31,"Female","University","Married",3
18455,1994-12-31,"Male","Secondary","Married",3
18456,1972-12-31,"Female","Technical","Married",4
18457,1976-12-31,"Male","University","Married",0
18458,1979-12-31,"Female","Technical","Divorced",1
18459,1979-12-31,"Female","University","Divorced",0
18460,1975-12-31,"Male","Postgraduate","Single",1
18461,1991-12-31,"Male","University","Single",1
18462,1960-12-31,"Female","Secondary","Divorced",1
18463,1998-12-31,"Female","Postgraduate","Married",3
18464,1974-12-31,"Male","Technical","Married",1
18465,1980-12-31,"Male","Secondary","Single",1
18466,1987-12-31,"Male","Postgraduate","Married",0
18467,1975-12-31,"Female","University","Married",0
18468,1975-12-31,"Male","University","Married",2
18469,1991-12-31,"Male","University","Married",2
18470,1985-12-31,"Male","University","Single",3
18471,1978-12-31,"Female","Technical","Single",1
18472,1977-12-31,"Male","Secondary","Married",1
18473,1987-12-31,"Female","Secondary","Married",3
18474,1982-12-31,"Female","Postgraduate","Single",2
18475,1977-12-31,"Male","University","Single",0
18476,1975-12-31,"Female","Secondary","Widowed",0
18477,1981-12-31,"Male","Technical","Married",1
18478,1976-12-31,"Male","University","Married",2
18479,1970-12-31,"Male","Secondary","Single",0
18480,1991-12-31,"Male","Other","Widowed",0
18481,1951-12-31,"Other","University","Divorced",2
18482,1989-12-31,"Male","University","Single",2
18483,1981-12-31,"Female","Secondary","Single",1
18484,1997-12-31,"Female","University","Single",3
18485,1993-12-31,"Female","Technical","Married",3
18486,1961-12-31,"Male","Technical","Divorced",2
18487,1968-12-31,"Female","Technical","Married",2
18488,1981-12-31,"Female","University","Married",2
18489,1996-12-31,"Male","Secondary","Single",1
18490,1974-12-31,"Female","Secondary","Married",1
18491,1966-12-31,"Male","Postgraduate","Married",2
18492,1979-12-31,"Male","Technical","Married",0
18493,1987-12-31,"Female","Technical","Divorced",3
18494,1995-12-31,"Female","Secondary","Divorced",1
18495,1970-12-31,"Female","Secondary","Single",1
18496,2007-12-31,"Female","Technical","Married",4
18497,1988-12-31,"Male","University","Married",1
18498,1981-12-31,"Male","Secondary","Single",2
18499,1981-12-31,"Female","University","Single",5
18500,1983-12-31,"Male","University","Single",2
18501,1984-12-31,"Female","Other","Married",0
18502,1993-12-31,"Female","University","Single",2
18503,1959-12-31,"Male","Secondary","Married",1
18504,1964-12-31,"Female","Secondary","Single",1
18505,1964-12-31,"Male","University","Single",1
18506,1969-12-31,"Female","University","Married",0
18507,1986-12-31,"Male","Technical","Married",1
18508,1979-12-31,"Female","Secondary","Divorced",0
18509,1969-12-31,"Female","Technical","Single",1
18510,1966-12-31,"Female","Secondary","Divorced",0
18511,1975-12-31,"Male","Secondary","Married",0
18512,1988-12-31,"Male","Technical","Divorced",1
18513,1993-12-31,"Female","University","Single",1
18514,1994-12-31,"Male","Secondary","Single",1
18515,1970-12-31,"Female","University","Single",0
18516,1983-12-31,"Male","Secondary","Married",3
18517,1998-12-31,"Male","University","Single",1
18518,1972-12-31,"Female","University","Single",0
18519,1963-12-31,"Female","Technical","Divorced",2
18520,1973-12-31,"Female","Secondary","Married",0
18521,2000-12-31,"Female","University","Married",2
18522,1978-12-31,"Female","University","Widowed",3
18523,1974-12-31,"Male","Postgraduate","Married",1
18524,1981-12-31,"Male","Secondary","Single",2
18525,1974-12-31,"Female","University","Single",3
18526,1994-12-31,"Female","Other","Single",3
18527,1993-12-31,"Male","Secondary","Single",3
18528,1987-12-31,"Male","Secondary","Single",0
18529,1989-12-31,"Female","Technical","Married",4
18530,2004-12-31,"Male","Technical","Married",0
18531,1984-12-31,"Female","Secondary","Married",1
18532,1987-12-31,"Male","Secondary","Married",1
18533,1992-12-31,"Female","Secondary","Married",1
18534,1977-12-31,"Female","Secondary","Married",1
18535,1996-12-31,"Female","Secondary","Divorced",1
18536,1985-12-31,"Male","Technical","Divorced",0
18537,1974-12-31,"Female","Technical","Single",1
18538,1988-12-31,"Male","Technical","Married",2
18539,1985-12-31,"Female","University","Married",2
18540,1978-12-31,"Male","Secondary","Married",1
18541,1995-12-31,"Female","Other","Single",1
18542,1968-12-31,"Female","Technical","Married",1
18543,1972-12-31,"Female","University","Married",0
18544,1997-12-31,"Female","Postgraduate","Single",3
18545,1992-12-31,"Female","Technical","Married",0
18546,1984-12-31,"Female","Secondary","Single",3
18547,1983-12-31,"Female","Technical","Married",1
18548,1974-12-31,"Female","University","Married",1
18549,1988-12-31,"Female","Technical","Married",0
18550,1980-12-31,"Female","Secondary","Married",2
18551,1991-12-31,"Female","Secondary","Married",1
18552,1990-12-31,"Female","Secondary","Divorced",1
18553,1976-12-31,"Female","University","Widowed",2
18554,1989-12-31,"Female","University","Single",3
18555,1979-12-31,"Male","Secondary","Single",1
18556,1977-12-31,"Female","Secondary","Single",3
18557,2003-12-31,"Female","University","Married",1
18558,1982-12-31,"Male","Other","Single",2
18559,1986-12-31,"Male","Technical","Single",1
18560,1967-12-31,"Female","Technical","Married",4
18561,2006-12-31,"Male","Postgraduate","Married",2
18562,1983-12-31,"Female","University","Married",1
18563,1972-12-31,"Male","Secondary","Married",3
18564,1992-12-31,"Female","Postgraduate","Widowed",2
18565,1981-12-31,"Other","University","Single",0
18566,1984-12-31,"Female","Secondary","Married",1
18567,1966-12-31,"Male","University","Divorced",0
18568,1993-12-31,"Male","University","Married",1
18569,1964-12-31,"Female","Secondary","Married",2
18570,1988-12-31,"Female","University","Divorced",0
18571,2001-12-31,"Female","Other","Married",1
18572,1980-12-31,"Male","University","Divorced",1
18573,1951-12-31,"Female","Technical","Single",2
18574,1986-12-31,"Female","University","Single",0
18575,1975-12-31,"Female","Postgraduate","Single",1
18576,1984-12-31,"Male","Technical","Single",0
18577,1993-12-31,"Male","Technical","Married",1
18578,1961-12-31,"Male","Technical","Single",0
18579,1971-12-31,"Male","Technical","Married",2
18580,1978-12-31,"Female","Postgraduate","Divorced",2
18581,1984-12-31,"Male","Postgraduate","Single",2
18582,1988-12-31,"Male","Secondary","Single",1
18583,1977-12-31,"Male","Secondary","Single",1
18584,1981-12-31,"Female","Postgraduate","Single",2
18585,1979-12-31,"Female","Technical","Married",1
18586,1976-12-31,"Male","University","Married",2
18587,1975-12-31,"Male","Secondary","Married",2
18588,1998-12-31,"Male","Technical","Single",2
18589,1980-12-31,"Male","Postgraduate","Married",3
18590,1991-12-31,"Female","Secondary","Widowed",4
18591,1993-12-31,"Female","University","Married",2
18592,1981-12-31,"Female","Technical","Married",0
18593,2003-12-31,"Female","Technical","Married",1
18594,1986-12-31,"Male","Secondary","Single",0
18595,1983-12-31,"Female","Secondary","Married",4
18596,1974-12-31,"Female","Postgraduate","Single",1
18597,1982-12-31,"Female","University","Married",1
18598,2002-12-31,"Male","Secondary","Married",1
18599,1973-12-31,"Male","Secondary","Single",0
18600,1982-12-31,"Male","University","Married",1
18601,1998-12-31,"Male","Secondary","Married",0
18602,1954-12-31,"Male","University","Married",1
18603,1967-12-31,"Female","Secondary","Married",2
18604,1975-12-31,"Female","Technical","Married",1
18605,1982-12-31,"Female","Postgraduate","Divorced",4
18606,1968-12-31,"Female","Secondary","Single",3
18607,1969-12-31,"Male","Technical","Single",2
18608,1973-12-31,"Female","Secondary","Single",1
18609,1956-12-31,"Female","Secondary","Married",1
18610,1969-12-31,"Female","University","Single",0
18611,1988-12-31,"Male","Technical","Divorced",1
18612,1980-12-31,"Male","Technical","Single",1
18613,1976-12-31,"Female","Secondary","Single",2
18614,1989-12-31,"Male","Technical","Widowed",1
18615,1992-12-31,"Female","Technical","Married",1
18616,1984-12-31,"Female","Postgraduate","Single",2
18617,1960-12-31,"Male","University","Single",0
18618,1975-12-31,"Female","Secondary","Single",0
18619,1984-12-31,"Male","Technical","Single",3
18620,1985-12-31,"Female","University","Single",0
18621,1981-12-31,"Male","Postgraduate","Married",0
18622,1996-12-31,"Female","Postgraduate","Single",1
18623,1973-12-31,"Male","Technical","Divorced",2
18624,1996-12-31,"Female","Technical","Married",2
18625,1987-12-31,"Female","Secondary","Married",0
18626,1985-12-31,"Female","University","Married",0
18627,1983-12-31,"Female","University","Divorced",1
18628,1992-12-31,"Male","Secondary","Divorced",1
18629,1981-12-31,"Male","Postgraduate","Single",2
18630,1983-12-31,"Male","Secondary","Married",0
18631,1978-12-31,"Male","University","Single",1
18632,1968-12-31,"Male","University","Single",3
18633,1983-12-31,"Female","University","Married",3
18634,1994-12-31,"Female","University","Single",0
18635,1975-12-31,"Other","Technical","Single",2
18636,1982-12-31,"Male","University","Married",3
18637,1966-12-31,"Male","Secondary","Single",1
18638,1959-12-31,"Female","University","Single",0
18639,1992-12-31,"Female","Technical","Divorced",1
18640,1975-12-31,"Female","University","Married",1
18641,1985-12-31,"Male","Secondary","Single",1
18642,1976-12-31,"Male","Secondary","Married",1
18643,1987-12-31,"Female","Postgraduate","Widowed",0
18644,1991-12-31,"Male","Technical","Married",4
18645,1982-12-31,"Male","University","Single",1
18646,1975-12-31,"Female","Postgraduate","Married",1
18647,1997-12-31,"Male","University","Single",3
18648,1993-12-31,"Male","Technical","Married",0
18649,1989-12-31,"Male","Secondary","Married",2
18650,1950-12-31,"Male","Secondary","Married",0
18651,1981-12-31,"Female","Secondary","Single",0
18652,1961-12-31,"Male","Secondary","Married",1
18653,2007-12-31,"Female","Secondary","Single",0
18654,2004-12-31,"Female","University","Married",0
18655,1978-12-31,"Female","Secondary","Married",1
18656,2002-12-31,"Female","Postgraduate","Divorced",1
18657,1975-12-31,"Male","University","Married",3
18658,2002-12-31,"Male","Secondary","Divorced",2
18659,1971-12-31,"Male","Secondary","Single",0
18660,1974-12-31,"Female","Secondary","Single",2
18661,1998-12-31,"Female","Postgraduate","Single",1
18662,1979-12-31,"Female","Secondary","Married",1
18663,1984-12-31,"Female","Secondary","Single",2
18664,1989-12-31,"Male","Technical","Widowed",1
18665,2005-12-31,"Female","University","Divorced",2
18666,1994-12-31,"Male","University","Widowed",1
18667,1985-12-31,"Male","Secondary","Married",0
18668,1984-12-31,"Female","Technical","Single",3
18669,1988-12-31,"Female","University","Single",0
18670,1977-12-31,"Male","Technical","Single",2
18671,2004-12-31,"Male","Secondary","Single",2
18672,1989-12-31,"Female","Technical","Single",1
18673,1976-12-31,"Female","Other","Single",0
18674,1972-12-31,"Female","Postgraduate","Widowed",1
18675,2002-12-31,"Male","Secondary","Single",0
18676,1980-12-31,"Female","Secondary","Single",1
18677,1996-12-31,"Male","Technical","Single",1
18678,1981-12-31,"Female","University","Divorced",1
18679,2005-12-31,"Male","Postgraduate","Divorced",2
18680,1980-12-31,"Female","University","Single",3
18681,2006-12-31,"Female","Technical","Single",1
18682,1967-12-31,"Male","Secondary","Single",0
18683,1962-12-31,"Male","Technical","Single",1
18684,1986-12-31,"Male","Other","Married",0
18685,1995-12-31,"Female","Other","Single",0
18686,1974-12-31,"Female","Secondary","Single",1
18687,1995-12-31,"Female","Technical","Single",0
18688,1967-12-31,"Male","University","Single",1
18689,1984-12-31,"Male","Technical","Married",1
18690,1973-12-31,"Male","University","Single",3
18691,1975-12-31,"Female","Technical","Married",1
18692,1986-12-31,"Male","Secondary","Single",2
18693,1950-12-31,"Female","Secondary","Married",2
18694,1982-12-31,"Male","Secondary","Married",1
18695,1974-12-31,"Female","Technical","Single",0
18696,1978-12-31,"Male","Secondary","Single",0
18697,1962-12-31,"Male","Technical","Married",1
18698,1995-12-31,"Female","Other","Single",1
18699,1979-12-31,"Female","Secondary","Married",2
18700,1989-12-31,"Male","University","Married",0
18701,1979-12-31,"Male","Technical","Single",0
18702,1980-12-31,"Female","University","Married",0
18703,1979-12-31,"Other","University","Divorced",1
18704,1973-12-31,"Male","University","Divorced",1
18705,1986-12-31,"Male","University","Single",4
18706,1952-12-31,"Female","Secondary","Single",0
18707,1997-12-31,"Male","University","Married",1
18708,1980-12-31,"Female","Technical","Single",2
18709,1982-12-31,"Female","Secondary","Single",2
18710,1970-12-31,"Female","Technical","Married",1
18711,1987-12-31,"Female","Technical","Single",1
18712,1976-12-31,"Female","Technical","Married",0
18713,1980-12-31,"Male","University","Widowed",0
18714,1965-12-31,"Female","Technical","Married",2
18715,1972-12-31,"Female","University","Married",0
18716,1976-12-31,"Female","University","Single",0
18717,1989-12-31,"Male","University","Married",2
18718,1961-12-31,"Female","Technical","Married",3
18719,1975-12-31,"Female","Technical","Married",1
18720,1976-12-31,"Female","University","Single",1
18721,1979-12-31,"Female","University","Divorced",1
18722,1976-12-31,"Male","Secondary","Married",1
18723,1994-12-31,"Male","University","Divorced",2
18724,2001-12-31,"Female","Postgraduate","Single",2
18725,1986-12-31,"Male","Technical","Married",1
18726,1983-12-31,"Male","Secondary","Single",2
18727,1996-12-31,"Male","Secondary","Single",0
18728,1959-12-31,"Male","Technical","Married",2
18729,1973-12-31,"Female","Secondary","Married",0
18730,1986-12-31,"Male","Secondary","Widowed",0
18731,1970-12-31,"Male","Secondary","Widowed",2
18732,2007-12-31,"Female","University","Married",0
18733,1985-12-31,"Female","Other","Widowed",1
18734,1995-12-31,"Female","University","Married",1
18735,1977-12-31,"Female","University","Married",0
18736,1982-12-31,"Male","Technical","Married",3
18737,1987-12-31,"Female","Technical","Widowed",0
18738,1967-12-31,"Male","Technical","Married",1
18739,1987-12-31,"Female","University","Single",0
18740,1982-12-31,"Female","Technical","Married",2
18741,1990-12-31,"Male","Secondary","Married",1
18742,1968-12-31,"Male","Secondary","Married",2
18743,2007-12-31,"Female","Postgraduate","Married",1
18744,1972-12-31,"Female","Secondary","Single",2
18745,1987-12-31,"Female","Technical","Married",0
18746,1983-12-31,"Female","Postgraduate","Married",3
18747,1987-12-31,"Male","University","Married",2
18748,1959-12-31,"Male","Secondary","Married",2
18749,1987-12-31,"Male","University","Married",0
18750,1963-12-31,"Male","University","Married",1
18751,1983-12-31,"Male","Secondary","Single",1
18752,1992-12-31,"Female","Postgraduate","Single",0
18753,1999-12-31,"Female","Technical","Single",3
18754,1956-12-31,"Female","Secondary","Single",0
18755,1993-12-31,"Female","Secondary","Married",1
18756,1962-12-31,"Female","Technical","Married",0
18757,1977-12-31,"Male","Technical","Married",1
18758,1981-12-31,"Female","University","Married",1
18759,1983-12-31,"Male","University","Widowed",1
18760,1990-12-31,"Male","Technical","Married",1
18761,1976-12-31,"Female","Other","Divorced",2
18762,1967-12-31,"Female","Secondary","Married",0
18763,1989-12-31,"Female","Secondary","Single",0
18764,1963-12-31,"Female","Secondary","Divorced",3
18765,1959-12-31,"Male","University","Divorced",2
18766,1977-12-31,"Female","Secondary","Widowed",2
18767,1975-12-31,"Male","University","Single",2
18768,1963-12-31,"Female","Technical","Widowed",1
18769,1989-12-31,"Male","Secondary","Single",0
18770,1985-12-31,"Female","University","Single",0
18771,1992-12-31,"Male","University","Single",0
18772,1990-12-31,"Male","Secondary","Divorced",0
18773,1988-12-31,"Female","Secondary","Married",3
18774,1990-12-31,"Male","Secondary","Married",2
18775,1985-12-31,"Female","Secondary","Married",0
18776,1969-12-31,"Male","Secondary","Married",2
18777,2007-12-31,"Female","Technical","Divorced",0
18778,1988-12-31,"Male","University","Divorced",1
18779,2003-12-31,"Male","Technical","Married",1
18780,2001-12-31,"Female","Technical","Married",0
18781,1975-12-31,"Female","University","Single",1
18782,1996-12-31,"Female","Technical","Single",0
18783,1985-12-31,"Male","Secondary","Married",4
18784,1981-12-31,"Female","University","Divorced",2
18785,1978-12-31,"Female","Secondary","Married",2
18786,1987-12-31,"Female","Technical","Single",1
18787,1970-12-31,"Female","University","Single",0
18788,2007-12-31,"Male","Secondary","Married",0
18789,1993-12-31,"Female","Secondary","Divorced",2
18790,1974-12-31,"Male","University","Single",0
18791,1981-12-31,"Female","Secondary","Single",2
18792,1986-12-31,"Other","Technical","Married",0
18793,1977-12-31,"Female","University","Married",2
18794,1995-12-31,"Male","University","Married",0
18795,1984-12-31,"Female","Technical","Widowed",1
18796,1982-12-31,"Female","University","Married",0
18797,2005-12-31,"Male","Other","Single",2
18798,1990-12-31,"Male","Technical","Married",3
18799,1993-12-31,"Female","Secondary","Married",1
18800,1980-12-31,"Male","Secondary","Single",2
18801,1961-12-31,"Female","Technical","Single",1
18802,1990-12-31,"Female","Postgraduate","Married",1
18803,1970-12-31,"Female","Secondary","Single",2
18804,1976-12-31,"Male","Secondary","Divorced",2
18805,1974-12-31,"Male","University","Single",1
18806,1985-12-31,"Female","University","Married",2
18807,1993-12-31,"Female","Secondary","Single",3
18808,1986-12-31,"Male","University","Married",2
18809,2003-12-31,"Female","University","Married",0
18810,1994-12-31,"Male","University","Single",1
18811,1988-12-31,"Female","Secondary","Divorced",1
18812,1987-12-31,"Female","Technical","Married",0
18813,1979-12-31,"Female","Technical","Single",2
18814,1979-12-31,"Female","Technical","Married",1
18815,1991-12-31,"Female","Postgraduate","Married",1
18816,1975-12-31,"Male","University","Widowed",1
18817,1954-12-31,"Female","Technical","Divorced",1
18818,1971-12-31,"Male","University","Single",0
18819,1992-12-31,"Male","Technical","Married",0
18820,1993-12-31,"Male","Secondary","Married",0
18821,1999-12-31,"Male","Technical","Married",0
18822,1963-12-31,"Female","Technical","Married",0
18823,1966-12-31,"Female","Secondary","Single",1
18824,1986-12-31,"Male","Technical","Married",0
18825,1969-12-31,"Male","University","Married",1
18826,1978-12-31,"Male","Secondary","Married",0
18827,1980-12-31,"Female","Technical","Married",2
18828,1987-12-31,"Male","University","Married",1
18829,2007-12-31,"Female","Technical","Single",0
18830,1964-12-31,"Female","Technical","Married",2
18831,1972-12-31,"Female","Technical","Married",1
18832,1968-12-31,"Female","Technical","Single",2
18833,1968-12-31,"Male","Secondary","Widowed",3
18834,1964-12-31,"Male","University","Married",1
18835,1978-12-31,"Female","Secondary","Married",1
18836,1976-12-31,"Male","Secondary","Married",2
18837,2007-12-31,"Female","Secondary","Married",2
18838,1989-12-31,"Female","University","Divorced",2
18839,1972-12-31,"Female","Postgraduate","Divorced",1
18840,1992-12-31,"Male","University","Married",1
18841,1989-12-31,"Male","University","Married",3
18842,1967-12-31,"Female","University","Married",0
18843,1988-12-31,"Female","Secondary","Single",0
18844,1980-12-31,"Male","Secondary","Single",2
18845,1994-12-31,"Male","University","Married",3
18846,1981-12-31,"Female","Technical","Single",0
18847,1991-12-31,"Female","Other","Married",2
18848,1975-12-31,"Male","Secondary","Married",2
18849,1997-12-31,"Male","Secondary","Married",0
18850,1983-12-31,"Male","University","Divorced",1
18851,1989-12-31,"Female","Technical","Married",1
18852,1958-12-31,"Male","University","Single",1
18853,1977-12-31,"Male","University","Divorced",1
18854,1976-12-31,"Female","Secondary","Married",2
18855,1983-12-31,"Female","University","Widowed",1
18856,1980-12-31,"Female","Secondary","Married",0
18857,1993-12-31,"Male","University","Married",3
18858,1991-12-31,"Female","University","Single",1
18859,1985-12-31,"Female","University","Married",2
18860,1984-12-31,"Female","University","Married",3
18861,1986-12-31,"Male","University","Single",2
18862,1977-12-31,"Female","Technical","Single",2
18863,1983-12-31,"Female","Technical","Married",4
18864,1990-12-31,"Female","Secondary","Married",2
18865,2000-12-31,"Female","University","Married",2
18866,1954-12-31,"Male","Postgraduate","Single",0
18867,1980-12-31,"Male","University","Married",1
18868,1987-12-31,"Male","University","Widowed",3
18869,1975-12-31,"Male","Technical","Single",1
18870,1983-12-31,"Female","Secondary","Single",0
18871,1968-12-31,"Female","Technical","Single",2
18872,1974-12-31,"Male","University","Single",0
18873,1985-12-31,"Male","Technical","Single",0
18874,1977-12-31,"Female","Secondary","Single",1
18875,1984-12-31,"Male","Technical","Married",4
18876,1979-12-31,"Male","Secondary","Single",2
18877,1997-12-31,"Female","Secondary","Single",0
18878,1977-12-31,"Female","University","Married",2
18879,1983-12-31,"Female","Secondary","Married",1
18880,1963-12-31,"Male","University","Single",1
18881,1985-12-31,"Male","Technical","Single",0
18882,1990-12-31,"Female","Technical","Married",1
18883,1994-12-31,"Female","Technical","Married",1
18884,1980-12-31,"Male","University","Single",2
18885,1971-12-31,"Male","Other","Single",0
18886,1965-12-31,"Male","Secondary","Married",3
18887,1972-12-31,"Female","Secondary","Married",0
18888,1975-12-31,"Male","University","Single",1
18889,2001-12-31,"Male","Secondary","Married",4
18890,1975-12-31,"Female","Secondary","Divorced",0
18891,2001-12-31,"Male","University","Divorced",3
18892,1982-12-31,"Female","University","Divorced",0
18893,1985-12-31,"Male","Secondary","Married",1
18894,2000-12-31,"Male","University","Single",2
18895,1988-12-31,"Male","Technical","Married",3
18896,1974-12-31,"Male","Technical","Married",2
18897,1977-12-31,"Male","Secondary","Married",1
18898,2007-12-31,"Female","University","Single",0
18899,1986-12-31,"Female","University","Single",1
18900,1989-12-31,"Male","University","Widowed",0
18901,1975-12-31,"Male","Secondary","Married",0
18902,1993-12-31,"Male","Secondary","Married",3
18903,1972-12-31,"Male","Secondary","Single",1
18904,1983-12-31,"Female","Postgraduate","Widowed",0
18905,1973-12-31,"Male","University","Married",3
18906,1976-12-31,"Female","Technical","Divorced",2
18907,1977-12-31,"Male","Other","Single",0
18908,1989-12-31,"Female","Technical","Married",0
18909,1982-12-31,"Female","Secondary","Married",4
18910,1983-12-31,"Male","Secondary","Single",4
18911,1984-12-31,"Female","Technical","Single",1
18912,1975-12-31,"Female","Secondary","Single",2
18913,1982-12-31,"Male","University","Single",0
18914,1962-12-31,"Male","Other","Single",4
18915,2001-12-31,"Female","Secondary","Married",1
18916,1975-12-31,"Male","Technical","Single",2
18917,1999-12-31,"Female","University","Married",2
18918,1997-12-31,"Male","Technical","Married",1
18919,1966-12-31,"Female","Secondary","Single",0
18920,1975-12-31,"Female","Technical","Divorced",1
18921,1985-12-31,"Female","Technical","Married",1
18922,1997-12-31,"Male","Postgraduate","Married",4
18923,1983-12-31,"Female","University","Married",0
18924,1980-12-31,"Male","Secondary","Married",0
18925,1989-12-31,"Male","University","Married",2
18926,1970-12-31,"Male","University","Married",1
18927,1954-12-31,"Female","Technical","Single",2
18928,1988-12-31,"Male","University","Married",1
18929,1982-12-31,"Female","Technical","Single",1
18930,1972-12-31,"Male","University","Divorced",1
18931,1981-12-31,"Male","Technical","Married",2
18932,2001-12-31,"Male","Technical","Single",3
18933,2006-12-31,"Male","University","Single",1
18934,1971-12-31,"Male","Secondary","Single",1
18935,1981-12-31,"Female","University","Single",1
18936,1967-12-31,"Female","Technical","Married",2
18937,1995-12-31,"Female","Technical","Divorced",0
18938,1978-12-31,"Male","Technical","Divorced",0
18939,1996-12-31,"Male","Secondary","Single",0
18940,2007-12-31,"Female","Technical","Divorced",0
18941,1986-12-31,"Male","Technical","Married",0
18942,1983-12-31,"Male","Technical","Married",1
18943,1971-12-31,"Female","Secondary","Married",4
18944,1973-12-31,"Female","Technical","Divorced",4
18945,1979-12-31,"Female","Secondary","Divorced",1
18946,1993-12-31,"Male","Technical","Single",0
18947,1966-12-31,"Female","University","Widowed",3
18948,1970-12-31,"Male","Postgraduate","Single",1
18949,1981-12-31,"Male","Technical","Married",2
18950,1984-12-31,"Female","Secondary","Single",0
18951,1976-12-31,"Male","Other","Single",1
18952,1990-12-31,"Male","Secondary","Single",0
18953,1994-12-31,"Male","Technical","Single",2
18954,1990-12-31,"Male","University","Single",1
18955,1982-12-31,"Male","Secondary","Widowed",0
18956,1987-12-31,"Female","Technical","Married",0
18957,1969-12-31,"Female","University","Single",2
18958,1993-12-31,"Male","Secondary","Married",1
18959,1977-12-31,"Female","University","Single",0
18960,1984-12-31,"Male","Secondary","Married",1
18961,1997-12-31,"Male","Secondary","Divorced",0
18962,1970-12-31,"Male","Secondary","Divorced",1
18963,1973-12-31,"Female","Secondary","Married",1
18964,1966-12-31,"Female","University","Married",1
18965,1971-12-31,"Male","Secondary","Single",1
18966,1972-12-31,"Female","Technical","Single",1
18967,2007-12-31,"Male","Secondary","Single",1
18968,1986-12-31,"Female","Postgraduate","Divorced",2
18969,1999-12-31,"Male","Secondary","Married",1
18970,1981-12-31,"Female","Technical","Married",2
18971,1993-12-31,"Female","Secondary","Married",1
18972,1983-12-31,"Female","Technical","Married",1
18973,1989-12-31,"Female","Other","Divorced",2
18974,1959-12-31,"Female","University","Widowed",1
18975,1968-12-31,"Female","University","Married",4
18976,1977-12-31,"Male","Secondary","Married",1
18977,1974-12-31,"Male","Technical","Married",1
18978,1959-12-31,"Male","Secondary","Divorced",2
18979,1962-12-31,"Female","Secondary","Single",2
18980,1958-12-31,"Male","Secondary","Married",0
18981,1982-12-31,"Male","Secondary","Single",3
18982,1985-12-31,"Female","University","Married",4
18983,1976-12-31,"Male","University","Married",1
18984,1990-12-31,"Female","Postgraduate","Single",1
18985,1990-12-31,"Female","University","Married",1
18986,1964-12-31,"Male","Secondary","Single",1
18987,1953-12-31,"Female","University","Married",0
18988,1975-12-31,"Female","Secondary","Married",4
18989,1991-12-31,"Female","Technical","Married",1
18990,1985-12-31,"Male","Technical","Single",2
18991,1973-12-31,"Female","Technical","Married",4
18992,1987-12-31,"Female","University","Single",4
18993,1973-12-31,"Female","University","Married",1
18994,1995-12-31,"Male","Secondary","Single",1
18995,1961-12-31,"Female","Postgraduate","Married",1
18996,1993-12-31,"Male","Technical","Divorced",2
18997,1970-12-31,"Female","Secondary","Married",2
18998,1977-12-31,"Male","Secondary","Divorced",1
18999,1989-12-31,"Male","Technical","Married",1
19000,2007-12-31,"Male","Technical","Married",2
19001,1970-12-31,"Female","Secondary","Divorced",0
19002,1978-12-31,"Female","Secondary","Married",2
19003,1973-12-31,"Male","University","Single",2
19004,1990-12-31,"Female","Postgraduate","Married",2
19005,2001-12-31,"Female","Technical","Married",1
19006,1995-12-31,"Male","University","Divorced",3
19007,1996-12-31,"Male","Other","Single",1
19008,1977-12-31,"Male","University","Single",3
19009,1978-12-31,"Male","Secondary","Single",0
19010,1973-12-31,"Female","University","Widowed",1
19011,1988-12-31,"Male","Secondary","Married",1
19012,1989-12-31,"Female","University","Married",1
19013,1962-12-31,"Female","Technical","Married",2
19014,1976-12-31,"Male","Secondary","Single",0
19015,1981-12-31,"Female","University","Single",1
19016,1980-12-31,"Female","Secondary","Single",0
19017,1980-12-31,"Female","University","Married",1
19018,1987-12-31,"Female","University","Married",2
19019,1997-12-31,"Female","University","Divorced",1
19020,1981-12-31,"Male","Postgraduate","Married",1
19021,1980-12-31,"Female","University","Married",0
19022,1980-12-31,"Male","University","Married",2
19023,1978-12-31,"Male","University","Single",1
19024,1968-12-31,"Female","University","Single",3
19025,1984-12-31,"Female","University","Divorced",3
19026,1970-12-31,"Male","University","Single",1
19027,1985-12-31,"Male","Secondary","Single",3
19028,1991-12-31,"Female","Postgraduate","Single",2
19029,1989-12-31,"Female","University","Married",0
19030,1970-12-31,"Female","Postgraduate","Widowed",1
19031,1995-12-31,"Male","University","Single",0
19032,1989-12-31,"Male","Secondary","Single",1
19033,1987-12-31,"Female","Other","Married",1
19034,1978-12-31,"Female","Secondary","Widowed",4
19035,1998-12-31,"Female","Technical","Married",0
19036,1989-12-31,"Female","Technical","Married",1
19037,1993-12-31,"Female","University","Married",5
19038,1981-12-31,"Male","Technical","Widowed",0
19039,1972-12-31,"Female","Technical","Single",1
19040,1988-12-31,"Male","Secondary","Single",1
19041,2004-12-31,"Male","Technical","Married",0
19042,1988-12-31,"Male","Secondary","Single",0
19043,1966-12-31,"Female","Secondary","Married",2
19044,1995-12-31,"Male","Technical","Married",4
19045,1985-12-31,"Female","Secondary","Single",0
19046,1973-12-31,"Male","Postgraduate","Married",0
19047,1998-12-31,"Female","Technical","Divorced",0
19048,1983-12-31,"Male","University","Married",2
19049,1982-12-31,"Female","Secondary","Single",1
19050,1971-12-31,"Female","Secondary","Married",1
19051,1979-12-31,"Female","University","Widowed",1
19052,1999-12-31,"Female","Secondary","Single",2
19053,1994-12-31,"Female","Technical","Single",1
19054,1990-12-31,"Female","University","Single",3
19055,1988-12-31,"Male","Technical","Single",2
19056,1986-12-31,"Male","Secondary","Single",1
19057,1966-12-31,"Female","Technical","Widowed",0
19058,1993-12-31,"Male","Secondary","Single",2
19059,1975-12-31,"Female","Technical","Married",2
19060,1973-12-31,"Male","Secondary","Single",0
19061,1984-12-31,"Female","Technical","Single",1
19062,1989-12-31,"Female","Secondary","Single",1
19063,2000-12-31,"Female","Secondary","Divorced",4
19064,1978-12-31,"Male","Secondary","Single",1
19065,2007-12-31,"Male","Secondary","Widowed",1
19066,1962-12-31,"Male","Technical","Married",2
19067,1985-12-31,"Male","Secondary","Single",1
19068,1963-12-31,"Female","Other","Married",1
19069,1983-12-31,"Male","University","Married",0
19070,1982-12-31,"Female","Secondary","Married",3
19071,1972-12-31,"Female","Postgraduate","Married",2
19072,1964-12-31,"Female","Secondary","Single",2
19073,1977-12-31,"Male","Technical","Married",1
19074,1974-12-31,"Female","Postgraduate","Single",2
19075,1975-12-31,"Female","Secondary","Married",2
19076,1977-12-31,"Female","University","Married",1
19077,1978-12-31,"Male","University","Single",2
19078,1979-12-31,"Male","Technical","Divorced",0
19079,1973-12-31,"Male","Secondary","Divorced",1
19080,1979-12-31,"Female","University","Single",0
19081,1976-12-31,"Female","Secondary","Single",2
19082,1980-12-31,"Male","Secondary","Single",1
19083,1987-12-31,"Male","Technical","Divorced",4
19084,1978-12-31,"Female","Postgraduate","Married",0
19085,1995-12-31,"Female","University","Single",1
19086,1979-12-31,"Male","University","Divorced",0
19087,1982-12-31,"Male","Secondary","Married",2
19088,1974-12-31,"Male","University","Single",3
19089,1982-12-31,"Female","Secondary","Married",1
19090,1986-12-31,"Other","Technical","Divorced",2
19091,2002-12-31,"Male","University","Divorced",0
19092,1978-12-31,"Male","University","Divorced",2
19093,1986-12-31,"Male","University","Married",1
19094,1964-12-31,"Male","Technical","Married",3
19095,1987-12-31,"Male","Secondary","Divorced",1
19096,2000-12-31,"Female","University","Single",2
19097,1965-12-31,"Female","Secondary","Single",1
19098,1959-12-31,"Female","Postgraduate","Married",2
19099,1994-12-31,"Male","Secondary","Married",0
19100,1969-12-31,"Female","University","Married",1
19101,1989-12-31,"Male","Postgraduate","Widowed",2
19102,1966-12-31,"Male","Other","Married",1
19103,1958-12-31,"Male","Secondary","Divorced",1
19104,1994-12-31,"Male","Technical","Married",1
19105,1981-12-31,"Female","Technical","Married",3
19106,1982-12-31,"Male","Technical","Single",4
19107,1970-12-31,"Female","Secondary","Married",0
19108,1980-12-31,"Male","University","Single",3
19109,1999-12-31,"Female","Secondary","Single",1
19110,1980-12-31,"Female","Secondary","Single",1
19111,2000-12-31,"Male","Postgraduate","Single",0
19112,2000-12-31,"Male","Technical","Married",2
19113,1985-12-31,"Female","Secondary","Married",1
19114,2003-12-31,"Female","Technical","Single",1
19115,1963-12-31,"Male","Secondary","Married",1
19116,1956-12-31,"Female","Technical","Single",0
19117,1965-12-31,"Female","Secondary","Single",1
19118,1989-12-31,"Female","Technical","Married",2
19119,1998-12-31,"Male","Secondary","Married",3
19120,1986-12-31,"Female","Technical","Married",1
19121,1991-12-31,"Male","Postgraduate","Single",2
19122,1960-12-31,"Other","Postgraduate","Single",1
19123,1986-12-31,"Male","Technical","Widowed",1
19124,2007-12-31,"Male","Secondary","Married",1
19125,1977-12-31,"Female","Secondary","Single",0
19126,1957-12-31,"Female","Secondary","Married",1
19127,1974-12-31,"Female","Secondary","Single",1
19128,1976-12-31,"Female","Technical","Single",1
19129,1971-12-31,"Male","Technical","Single",2
19130,1970-12-31,"Female","University","Married",0
19131,1988-12-31,"Male","Technical","Single",3
19132,2007-12-31,"Male","Other","Single",2
19133,1988-12-31,"Male","University","Divorced",0
19134,1991-12-31,"Female","Technical","Single",0
19135,2004-12-31,"Female","Technical","Single",5
19136,1983-12-31,"Male","Secondary","Single",2
19137,1983-12-31,"Female","Secondary","Divorced",1
19138,1986-12-31,"Female","University","Single",2
19139,1977-12-31,"Other","University","Married",1
19140,2007-12-31,"Female","Secondary","Married",1
19141,1994-12-31,"Female","Technical","Divorced",3
19142,1973-12-31,"Female","Technical","Divorced",0
19143,1987-12-31,"Male","Technical","Married",2
19144,1979-12-31,"Male","Technical","Married",1
19145,2000-12-31,"Male","University","Divorced",1
19146,1978-12-31,"Male","University","Single",3
19147,1982-12-31,"Female","Secondary","Divorced",0
19148,1986-12-31,"Female","University","Married",0
19149,1998-12-31,"Male","Technical","Married",0
19150,1983-12-31,"Female","Secondary","Married",3
19151,1997-12-31,"Female","Technical","Single",5
19152,1995-12-31,"Male","Technical","Single",0
19153,1987-12-31,"Male","Technical","Single",0
19154,1995-12-31,"Male","University","Divorced",2
19155,1978-12-31,"Male","University","Single",0
19156,1986-12-31,"Male","University","Married",2
19157,1988-12-31,"Female","Secondary","Married",2
19158,1982-12-31,"Female","University","Married",1
19159,1998-12-31,"Female","University","Married",0
19160,1981-12-31,"Male","Postgraduate","Divorced",1
19161,1950-12-31,"Male","Secondary","Single",1
19162,1976-12-31,"Male","Secondary","Single",3
19163,1997-12-31,"Female","University","Married",0
19164,2002-12-31,"Female","University","Married",1
19165,1995-12-31,"Male","Postgraduate","Single",5
19166,1973-12-31,"Female","University","Single",1
19167,1993-12-31,"Female","Secondary","Single",0
19168,1968-12-31,"Male","Secondary","Divorced",0
19169,1980-12-31,"Female","Secondary","Married",0
19170,1970-12-31,"Male","University","Single",3
19171,1982-12-31,"Male","Secondary","Married",0
19172,1995-12-31,"Male","University","Divorced",1
19173,1996-12-31,"Female","Secondary","Married",1
19174,1978-12-31,"Female","Postgraduate","Divorced",2
19175,1986-12-31,"Male","University","Married",0
19176,1968-12-31,"Female","Secondary","Single",0
19177,1976-12-31,"Male","Secondary","Married",2
19178,1971-12-31,"Female","University","Single",0
19179,1982-12-31,"Male","Secondary","Married",2
19180,1975-12-31,"Female","University","Married",0
19181,1983-12-31,"Female","Secondary","Single",0
19182,1973-12-31,"Male","Technical","Married",2
19183,1957-12-31,"Female","University","Single",0
19184,1978-12-31,"Male","University","Married",3
19185,1991-12-31,"Female","Secondary","Single",0
19186,1989-12-31,"Male","University","Married",1
19187,1983-12-31,"Male","University","Widowed",1
19188,1983-12-31,"Female","Technical","Single",2
19189,2000-12-31,"Female","University","Married",1
19190,1986-12-31,"Female","Secondary","Married",0
19191,2007-12-31,"Female","Postgraduate","Widowed",0
19192,1980-12-31,"Male","Technical","Single",0
19193,2005-12-31,"Female","Secondary","Divorced",2
19194,1997-12-31,"Male","University","Married",2
19195,1974-12-31,"Male","Secondary","Married",2
19196,2007-12-31,"Female","Technical","Married",0
19197,1976-12-31,"Female","Technical","Married",0
19198,1982-12-31,"Female","Secondary","Divorced",0
19199,2007-12-31,"Female","Secondary","Widowed",1
19200,1972-12-31,"Female","Secondary","Single",3
19201,1981-12-31,"Female","University","Single",2
19202,1958-12-31,"Female","Secondary","Married",3
19203,1971-12-31,"Female","Secondary","Married",0
19204,1996-12-31,"Female","University","Single",1
19205,1964-12-31,"Female","University","Single",3
19206,1992-12-31,"Female","Technical","Divorced",1
19207,1972-12-31,"Female","University","Widowed",1
19208,1973-12-31,"Female","University","Married",1
19209,2003-12-31,"Male","Technical","Married",2
19210,1984-12-31,"Female","University","Single",1
19211,1978-12-31,"Other","University","Married",1
19212,1969-12-31,"Female","Secondary","Single",0
19213,1991-12-31,"Female","Technical","Single",0
19214,1974-12-31,"Female","University","Married",2
19215,1982-12-31,"Male","Secondary","Married",1
19216,1997-12-31,"Male","University","Married",1
19217,1978-12-31,"Male","Secondary","Single",0
19218,1988-12-31,"Female","Secondary","Single",0
19219,1971-12-31,"Female","University","Single",0
19220,1981-12-31,"Female","Secondary","Single",1
19221,1977-12-31,"Female","Technical","Widowed",2
19222,1981-12-31,"Male","Secondary","Single",0
19223,1986-12-31,"Male","Secondary","Married",0
19224,1995-12-31,"Male","Secondary","Divorced",1
19225,1995-12-31,"Female","Postgraduate","Single",1
19226,1985-12-31,"Female","Secondary","Single",2
19227,1984-12-31,"Male","Secondary","Single",1
19228,1997-12-31,"Male","Secondary","Married",0
19229,1991-12-31,"Male","Other","Single",1
19230,1992-12-31,"Male","Secondary","Married",1
19231,1998-12-31,"Male","Other","Married",1
19232,1975-12-31,"Other","University","Single",2
19233,1983-12-31,"Female","University","Married",1
19234,1997-12-31,"Male","University","Divorced",4
19235,1983-12-31,"Female","Postgraduate","Married",3
19236,1992-12-31,"Female","Secondary","Single",2
19237,1996-12-31,"Male","Technical","Single",0
19238,1992-12-31,"Female","University","Single",0
19239,1980-12-31,"Female","Technical","Single",2
19240,1990-12-31,"Female","Secondary","Married",1
19241,1960-12-31,"Male","University","Married",1
19242,1977-12-31,"Female","Secondary","Married",0
19243,1977-12-31,"Female","University","Single",0
19244,2004-12-31,"Male","University","Divorced",0
19245,1993-12-31,"Male","University","Single",2
19246,1982-12-31,"Male","University","Single",2
19247,1992-12-31,"Male","Technical","Married",0
19248,1967-12-31,"Male","Technical","Divorced",2
19249,1986-12-31,"Male","Technical","Married",0
19250,1979-12-31,"Other","Secondary","Married",1
19251,1964-12-31,"Female","Technical","Divorced",1
19252,1975-12-31,"Female","University","Married",2
19253,1979-12-31,"Female","Secondary","Married",1
19254,1983-12-31,"Female","Postgraduate","Married",3
19255,1981-12-31,"Female","University","Widowed",4
19256,1990-12-31,"Male","Other","Married",0
19257,1997-12-31,"Female","Postgraduate","Married",1
19258,1982-12-31,"Female","Postgraduate","Married",1
19259,1992-12-31,"Male","Technical","Single",1
19260,1973-12-31,"Male","Secondary","Single",1
19261,2006-12-31,"Male","University","Married",0
19262,1990-12-31,"Female","Technical","Married",0
19263,1973-12-31,"Male","Technical","Widowed",1
19264,1950-12-31,"Male","Technical","Divorced",0
19265,1996-12-31,"Female","Secondary","Divorced",1
19266,1991-12-31,"Female","Postgraduate","Married",2
19267,1973-12-31,"Female","University","Single",3
19268,1977-12-31,"Female","University","Single",2
19269,1989-12-31,"Male","Technical","Married",3
19270,1997-12-31,"Male","Technical","Married",2
19271,1979-12-31,"Female","Secondary","Divorced",1
19272,1986-12-31,"Male","University","Single",1
19273,1974-12-31,"Other","University","Married",0
19274,1994-12-31,"Male","Technical","Single",3
19275,1989-12-31,"Male","Postgraduate","Married",3
19276,1982-12-31,"Female","Technical","Married",2
19277,1984-12-31,"Female","Other","Single",3
19278,1971-12-31,"Female","Technical","Single",1
19279,1969-12-31,"Female","University","Divorced",0
19280,1982-12-31,"Female","University","Married",0
19281,1970-12-31,"Male","Secondary","Married",2
19282,1989-12-31,"Female","Secondary","Married",4
19283,1966-12-31,"Female","University","Married",1
19284,1993-12-31,"Male","Technical","Single",1
19285,1991-12-31,"Male","Secondary","Single",2
19286,1958-12-31,"Female","University","Single",1
19287,1990-12-31,"Female","University","Single",0
19288,1977-12-31,"Female","Technical","Divorced",1
19289,2004-12-31,"Female","Technical","Married",2
19290,1994-12-31,"Male","Secondary","Single",2
19291,1979-12-31,"Female","Postgraduate","Divorced",1
19292,1986-12-31,"Male","University","Single",3
19293,1977-12-31,"Male","Secondary","Married",3
19294,1986-12-31,"Female","University","Married",0
19295,1999-12-31,"Female","Secondary","Single",2
19296,1973-12-31,"Male","Postgraduate","Single",0
19297,1979-12-31,"Female","Secondary","Single",1
19298,1982-12-31,"Female","University","Divorced",0
19299,1985-12-31,"Male","Other","Single",2
19300,1997-12-31,"Male","Secondary","Single",0
19301,1981-12-31,"Female","Secondary","Married",1
19302,1975-12-31,"Female","Technical","Married",1
19303,1974-12-31,"Female","Technical","Married",5
19304,1978-12-31,"Female","Technical","Single",1
19305,1974-12-31,"Female","Technical","Single",2
19306,1973-12-31,"Female","University","Divorced",3
19307,1990-12-31,"Male","Secondary","Married",0
19308,1990-12-31,"Male","Secondary","Single",0
19309,1963-12-31,"Female","Secondary","Married",1
19310,1987-12-31,"Male","University","Married",2
19311,1998-12-31,"Female","Secondary","Single",1
19312,1954-12-31,"Male","University","Single",1
19313,1995-12-31,"Female","Technical","Single",0
19314,1988-12-31,"Male","Secondary","Married",3
19315,1960-12-31,"Male","Technical","Single",0
19316,1988-12-31,"Female","Technical","Married",1
19317,1953-12-31,"Male","University","Married",2
19318,1983-12-31,"Female","Technical","Married",1
19319,1984-12-31,"Male","University","Single",0
19320,1978-12-31,"Male","University","Single",2
19321,1980-12-31,"Female","University","Married",3
19322,1989-12-31,"Female","Secondary","Single",0
19323,1985-12-31,"Male","Secondary","Married",1
19324,1986-12-31,"Female","University","Single",2
19325,1950-12-31,"Male","University","Married",1
19326,1974-12-31,"Male","University","Married",0
19327,1977-12-31,"Female","Secondary","Widowed",1
19328,1982-12-31,"Male","Postgraduate","Married",0
19329,1989-12-31,"Male","University","Single",1
19330,1961-12-31,"Female","Secondary","Married",1
19331,1983-12-31,"Female","Secondary","Single",0
19332,1978-12-31,"Female","Secondary","Divorced",3
19333,1981-12-31,"Male","Other","Divorced",2
19334,1975-12-31,"Male","University","Married",4
19335,1976-12-31,"Female","Secondary","Single",0
19336,1966-12-31,"Female","Secondary","Divorced",3
19337,1989-12-31,"Male","University","Single",2
19338,1984-12-31,"Male","Secondary","Divorced",0
19339,1968-12-31,"Male","University","Married",3
19340,1993-12-31,"Other","Technical","Divorced",1
19341,1992-12-31,"Male","University","Married",3
19342,1980-12-31,"Male","Secondary","Married",1
19343,1992-12-31,"Male","University","Divorced",1
19344,1982-12-31,"Male","Technical","Married",3
19345,1988-12-31,"Other","Technical","Divorced",2
19346,2002-12-31,"Female","Secondary","Single",1
19347,2003-12-31,"Male","University","Single",1
19348,1997-12-31,"Male","University","Married",1
19349,1968-12-31,"Female","Secondary","Divorced",1
19350,1983-12-31,"Male","Other","Single",0
19351,1969-12-31,"Male","Postgraduate","Widowed",1
19352,1977-12-31,"Female","Secondary","Divorced",2
19353,1964-12-31,"Female","Other","Single",1
19354,1972-12-31,"Male","Technical","Divorced",2
19355,1980-12-31,"Female","Secondary","Single",0
19356,1980-12-31,"Male","Secondary","Single",3
19357,1998-12-31,"Female","Secondary","Married",3
19358,1994-12-31,"Male","Technical","Single",1
19359,1982-12-31,"Male","Secondary","Divorced",1
19360,1975-12-31,"Female","Secondary","Married",1
19361,1966-12-31,"Female","University","Single",3
19362,1987-12-31,"Female","Secondary","Single",2
19363,2003-12-31,"Female","University","Married",3
19364,1986-12-31,"Male","Technical","Married",1
19365,1969-12-31,"Male","Secondary","Single",1
19366,1978-12-31,"Female","Technical","Single",1
19367,1989-12-31,"Male","University","Married",2
19368,1987-12-31,"Female","Technical","Married",2
19369,1965-12-31,"Female","Secondary","Married",1
19370,1988-12-31,"Male","Postgraduate","Divorced",0
19371,1977-12-31,"Male","University","Widowed",0
19372,1985-12-31,"Female","Secondary","Single",2
19373,2000-12-31,"Female","Technical","Single",0
19374,1978-12-31,"Female","Secondary","Married",2
19375,1992-12-31,"Female","University","Married",2
19376,1990-12-31,"Female","Secondary","Married",2
19377,1980-12-31,"Male","Secondary","Single",1
19378,1961-12-31,"Female","Technical","Divorced",1
19379,1988-12-31,"Male","University","Single",4
19380,1980-12-31,"Male","University","Married",0
19381,1997-12-31,"Female","Secondary","Single",2
19382,1983-12-31,"Female","Technical","Single",0
19383,1985-12-31,"Male","Technical","Married",1
19384,1970-12-31,"Male","Other","Divorced",2
19385,1989-12-31,"Female","Secondary","Married",1
19386,1996-12-31,"Female","University","Single",0
19387,1973-12-31,"Male","Secondary","Married",1
19388,1971-12-31,"Other","Secondary","Married",0
19389,1970-12-31,"Male","University","Divorced",2
19390,1986-12-31,"Male","Secondary","Married",2
19391,1994-12-31,"Male","Secondary","Single",0
19392,1990-12-31,"Female","Technical","Married",1
19393,1999-12-31,"Male","Postgraduate","Single",1
19394,1971-12-31,"Female","University","Married",1
19395,1991-12-31,"Female","University","Single",1
19396,1979-12-31,"Female","Other","Single",0
19397,1977-12-31,"Male","University","Married",1
19398,1966-12-31,"Male","Secondary","Single",5
19399,1968-12-31,"Female","Technical","Married",3
19400,1966-12-31,"Female","Secondary","Single",1
19401,1981-12-31,"Female","University","Married",0
19402,1976-12-31,"Male","Secondary","Single",2
19403,1989-12-31,"Male","Technical","Married",0
19404,1987-12-31,"Male","Technical","Married",0
19405,1991-12-31,"Female","Postgraduate","Single",0
19406,2003-12-31,"Female","Secondary","Married",1
19407,2007-12-31,"Male","Secondary","Single",2
19408,1966-12-31,"Female","University","Married",2
19409,1979-12-31,"Male","University","Divorced",2
19410,2001-12-31,"Female","Technical","Single",2
19411,1987-12-31,"Other","University","Married",3
19412,1984-12-31,"Male","Technical","Single",1
19413,1983-12-31,"Male","University","Married",0
19414,1970-12-31,"Male","University","Married",1
19415,1985-12-31,"Female","Secondary","Married",1
19416,1987-12-31,"Female","Other","Single",2
19417,1981-12-31,"Male","Secondary","Single",1
19418,1971-12-31,"Female","Secondary","Married",2
19419,1965-12-31,"Male","Secondary","Married",0
19420,1972-12-31,"Male","Secondary","Married",0
19421,1970-12-31,"Male","Technical","Single",0
19422,1994-12-31,"Female","University","Divorced",3
19423,1966-12-31,"Female","Secondary","Married",0
19424,1984-12-31,"Male","Secondary","Single",2
19425,1977-12-31,"Male","Secondary","Married",1
19426,1982-12-31,"Female","Other","Single",2
19427,1971-12-31,"Female","University","Widowed",2
19428,1973-12-31,"Female","Secondary","Widowed",1
19429,1984-12-31,"Male","University","Married",1
19430,1977-12-31,"Female","Technical","Married",3
19431,2000-12-31,"Male","Postgraduate","Married",3
19432,1992-12-31,"Male","Technical","Single",2
19433,1990-12-31,"Female","Secondary","Divorced",0
19434,2004-12-31,"Male","University","Single",4
19435,1989-12-31,"Male","University","Single",3
19436,1971-12-31,"Male","University","Divorced",1
19437,1979-12-31,"Female","Postgraduate","Single",1
19438,1991-12-31,"Male","Postgraduate","Single",3
19439,1973-12-31,"Female","Technical","Married",0
19440,1970-12-31,"Female","Technical","Divorced",2
19441,1983-12-31,"Male","Technical","Divorced",4
19442,1988-12-31,"Female","Technical","Widowed",1
19443,1992-12-31,"Female","University","Widowed",2
19444,1975-12-31,"Female","University","Married",0
19445,1981-12-31,"Male","University","Married",2
19446,1969-12-31,"Female","University","Married",3
19447,1984-12-31,"Male","University","Married",3
19448,2007-12-31,"Female","University","Married",2
19449,1975-12-31,"Male","Technical","Divorced",2
19450,1979-12-31,"Female","Technical","Single",2
19451,1985-12-31,"Male","Secondary","Married",2
19452,1973-12-31,"Female","University","Divorced",2
19453,1991-12-31,"Female","Technical","Single",2
19454,1972-12-31,"Female","Technical","Single",3
19455,1983-12-31,"Male","Postgraduate","Married",0
19456,1968-12-31,"Male","University","Married",4
19457,1977-12-31,"Male","Technical","Married",1
19458,1980-12-31,"Female","Technical","Divorced",0
19459,1982-12-31,"Female","Postgraduate","Married",1
19460,1975-12-31,"Female","Secondary","Single",1
19461,1995-12-31,"Male","Secondary","Married",3
19462,1985-12-31,"Male","Postgraduate","Single",2
19463,1983-12-31,"Female","Technical","Single",2
19464,1983-12-31,"Male","Technical","Married",0
19465,1966-12-31,"Male","University","Married",0
19466,1973-12-31,"Female","Secondary","Divorced",0
19467,1985-12-31,"Female","University","Divorced",0
19468,1980-12-31,"Male","Secondary","Single",1
19469,1987-12-31,"Male","Secondary","Single",0
19470,1983-12-31,"Female","Technical","Single",1
19471,1981-12-31,"Male","Secondary","Single",1
19472,1964-12-31,"Male","Secondary","Single",0
19473,2007-12-31,"Female","University","Divorced",1
19474,1985-12-31,"Female","Secondary","Single",1
19475,1989-12-31,"Male","Secondary","Married",1
19476,1971-12-31,"Female","Technical","Married",3
19477,2004-12-31,"Male","University","Widowed",0
19478,1966-12-31,"Female","Technical","Single",0
19479,1988-12-31,"Female","Technical","Married",1
19480,1976-12-31,"Male","Technical","Married",2
19481,1993-12-31,"Male","Secondary","Single",0
19482,1980-12-31,"Male","Secondary","Married",2
19483,1980-12-31,"Male","Technical","Single",1
19484,1977-12-31,"Male","Technical","Widowed",1
19485,1975-12-31,"Male","Technical","Married",2
19486,1972-12-31,"Male","University","Single",2
19487,2004-12-31,"Female","Secondary","Married",1
19488,1975-12-31,"Male","University","Single",1
19489,1972-12-31,"Female","Postgraduate","Single",1
19490,1997-12-31,"Female","University","Single",2
19491,1973-12-31,"Male","University","Married",2
19492,1992-12-31,"Male","Technical","Single",1
19493,1970-12-31,"Other","Secondary","Single",2
19494,1996-12-31,"Female","Technical","Married",1
19495,1997-12-31,"Female","University","Married",0
19496,1977-12-31,"Female","Secondary","Single",1
19497,1988-12-31,"Female","Technical","Single",1
19498,1972-12-31,"Male","Secondary","Divorced",0
19499,1984-12-31,"Female","University","Single",1
19500,2002-12-31,"Female","University","Married",2
19501,1973-12-31,"Female","Technical","Widowed",3
19502,1985-12-31,"Female","Secondary","Married",1
19503,1976-12-31,"Male","Secondary","Married",1
19504,1983-12-31,"Male","Technical","Single",1
19505,1966-12-31,"Female","University","Single",2
19506,1988-12-31,"Male","Secondary","Married",2
19507,2007-12-31,"Male","Technical","Married",0
19508,1974-12-31,"Male","Secondary","Single",0
19509,1995-12-31,"Female","University","Single",0
19510,1983-12-31,"Female","University","Divorced",1
19511,1979-12-31,"Male","Technical","Married",1
19512,2002-12-31,"Female","University","Married",1
19513,1990-12-31,"Female","Technical","Married",0
19514,1969-12-31,"Female","Postgraduate","Single",1
19515,1976-12-31,"Male","University","Divorced",1
19516,1977-12-31,"Male","University","Single",1
19517,1983-12-31,"Male","Secondary","Single",2
19518,1985-12-31,"Female","Secondary","Single",1
19519,1969-12-31,"Female","Technical","Single",0
19520,1998-12-31,"Female","Secondary","Married",5
19521,1986-12-31,"Male","Postgraduate","Married",0
19522,1973-12-31,"Female","University","Married",3
19523,1970-12-31,"Male","Technical","Single",2
19524,1985-12-31,"Male","Secondary","Widowed",3
19525,1989-12-31,"Female","Postgraduate","Married",1
19526,1982-12-31,"Male","Technical","Single",2
19527,1987-12-31,"Female","Secondary","Single",0
19528,1966-12-31,"Male","University","Single",0
19529,1993-12-31,"Female","University","Single",0
19530,1968-12-31,"Male","Technical","Married",1
19531,1958-12-31,"Female","Secondary","Married",1
19532,1996-12-31,"Female","Secondary","Married",0
19533,1993-12-31,"Male","University","Single",1
19534,1976-12-31,"Male","University","Married",2
19535,1982-12-31,"Female","University","Single",3
19536,1970-12-31,"Female","Technical","Single",3
19537,1984-12-31,"Male","Secondary","Single",1
19538,1980-12-31,"Male","University","Married",2
19539,1988-12-31,"Male","University","Single",1
19540,1994-12-31,"Female","Postgraduate","Widowed",1
19541,1970-12-31,"Male","Secondary","Married",1
19542,1980-12-31,"Other","Technical","Married",0
19543,1979-12-31,"Male","Technical","Married",2
19544,1967-12-31,"Male","University","Single",2
19545,1986-12-31,"Female","University","Single",2
19546,1990-12-31,"Female","Technical","Widowed",1
19547,1988-12-31,"Female","Postgraduate","Single",3
19548,1981-12-31,"Female","Technical","Married",0
19549,1979-12-31,"Female","University","Widowed",0
19550,1971-12-31,"Female","Technical","Single",2
19551,1972-12-31,"Female","Secondary","Widowed",0
19552,1988-12-31,"Female","University","Married",1
19553,1984-12-31,"Female","University","Married",1
19554,1989-12-31,"Male","Technical","Married",0
19555,1991-12-31,"Female","University","Single",2
19556,1972-12-31,"Female","Secondary","Married",1
19557,2007-12-31,"Male","Secondary","Single",2
19558,1966-12-31,"Female","University","Married",2
19559,1969-12-31,"Female","Secondary","Single",2
19560,1985-12-31,"Male","Technical","Single",5
19561,1987-12-31,"Male","Technical","Married",4
19562,1977-12-31,"Male","Technical","Married",4
19563,1999-12-31,"Male","Technical","Single",1
19564,1981-12-31,"Female","Technical","Single",1
19565,1976-12-31,"Male","Technical","Married",0
19566,1973-12-31,"Male","Technical","Divorced",2
19567,1985-12-31,"Female","Secondary","Married",0
19568,1982-12-31,"Female","Secondary","Married",0
19569,1965-12-31,"Female","Technical","Single",1
19570,1984-12-31,"Female","Secondary","Single",1
19571,2007-12-31,"Male","Technical","Married",0
19572,1974-12-31,"Female","Technical","Married",2
19573,1975-12-31,"Female","Technical","Married",0
19574,1974-12-31,"Male","University","Single",1
19575,1993-12-31,"Female","Secondary","Single",3
19576,1984-12-31,"Female","University","Single",3
19577,1979-12-31,"Male","Postgraduate","Married",2
19578,1976-12-31,"Female","University","Married",0
19579,1986-12-31,"Female","University","Divorced",0
19580,1973-12-31,"Female","Secondary","Divorced",2
19581,1966-12-31,"Female","Technical","Single",0
19582,1971-12-31,"Female","University","Single",0
19583,1983-12-31,"Female","Technical","Married",2
19584,1963-12-31,"Female","University","Married",2
19585,1986-12-31,"Female","Technical","Single",2
19586,2007-12-31,"Male","University","Married",1
19587,1982-12-31,"Female","Secondary","Single",1
19588,1997-12-31,"Female","Technical","Single",0
19589,1963-12-31,"Female","University","Divorced",0
19590,1983-12-31,"Male","Postgraduate","Single",0
19591,1998-12-31,"Male","Secondary","Married",3
19592,1993-12-31,"Female","Secondary","Single",0
19593,1981-12-31,"Female","University","Single",2
19594,1982-12-31,"Male","Postgraduate","Single",0
19595,1956-12-31,"Male","Technical","Married",0
19596,1973-12-31,"Male","University","Married",2
19597,1989-12-31,"Female","Technical","Married",1
19598,1983-12-31,"Female","Secondary","Single",1
19599,1981-12-31,"Female","University","Single",1
19600,2001-12-31,"Other","University","Single",2
19601,1976-12-31,"Male","Technical","Single",0
19602,1971-12-31,"Male","University","Single",1
19603,1990-12-31,"Male","Secondary","Married",3
19604,1976-12-31,"Male","Secondary","Single",0
19605,1999-12-31,"Female","University","Single",2
19606,1990-12-31,"Female","Secondary","Single",0
19607,1976-12-31,"Female","Secondary","Married",3
19608,1994-12-31,"Male","University","Married",1
19609,1987-12-31,"Male","University","Married",1
19610,1985-12-31,"Female","Secondary","Single",1
19611,1980-12-31,"Female","University","Married",0
19612,1984-12-31,"Female","University","Married",0
19613,2004-12-31,"Male","Secondary","Married",0
19614,1972-12-31,"Female","Other","Single",1
19615,1994-12-31,"Male","Secondary","Married",3
19616,1983-12-31,"Female","University","Married",2
19617,1979-12-31,"Male","Secondary","Single",0
19618,1976-12-31,"Male","Technical","Married",1
19619,1968-12-31,"Female","Secondary","Single",1
19620,1984-12-31,"Female","Technical","Married",1
19621,1985-12-31,"Female","Secondary","Single",0
19622,1974-12-31,"Male","Secondary","Divorced",4
19623,1980-12-31,"Male","Secondary","Single",2
19624,1988-12-31,"Male","Postgraduate","Widowed",3
19625,1969-12-31,"Male","Secondary","Married",1
19626,1969-12-31,"Female","Secondary","Married",0
19627,1976-12-31,"Female","Secondary","Single",0
19628,1994-12-31,"Female","Technical","Married",0
19629,1981-12-31,"Female","Secondary","Married",2
19630,1982-12-31,"Female","University","Married",0
19631,1986-12-31,"Male","Secondary","Single",1
19632,1969-12-31,"Female","Secondary","Married",1
19633,1984-12-31,"Male","Technical","Married",0
19634,1974-12-31,"Female","Postgraduate","Married",1
19635,1973-12-31,"Male","Technical","Single",0
19636,1980-12-31,"Male","University","Single",2
19637,1971-12-31,"Female","University","Married",4
19638,1989-12-31,"Male","Secondary","Divorced",2
19639,1991-12-31,"Male","Secondary","Married",1
19640,1967-12-31,"Male","Technical","Married",3
19641,1980-12-31,"Female","Secondary","Single",3
19642,1978-12-31,"Female","Technical","Single",2
19643,1976-12-31,"Female","Secondary","Single",2
19644,1979-12-31,"Male","Secondary","Single",0
19645,1987-12-31,"Male","University","Married",2
19646,1985-12-31,"Female","Technical","Single",2
19647,1994-12-31,"Male","Technical","Married",1
19648,1985-12-31,"Male","Technical","Divorced",2
19649,1984-12-31,"Male","University","Single",2
19650,1980-12-31,"Male","Secondary","Single",1
19651,1999-12-31,"Male","Secondary","Married",2
19652,1990-12-31,"Female","Technical","Single",0
19653,1983-12-31,"Male","University","Single",1
19654,1979-12-31,"Female","Secondary","Married",1
19655,1981-12-31,"Male","University","Single",1
19656,1966-12-31,"Male","Secondary","Married",1
19657,1990-12-31,"Female","Secondary","Single",1
19658,1980-12-31,"Male","Secondary","Married",1
19659,1950-12-31,"Female","Secondary","Single",2
19660,1972-12-31,"Male","Technical","Single",2
19661,1980-12-31,"Male","Technical","Single",0
19662,1982-12-31,"Male","Secondary","Single",1
19663,1983-12-31,"Male","Secondary","Single",2
19664,1991-12-31,"Male","Postgraduate","Divorced",1
19665,1983-12-31,"Male","Secondary","Divorced",0
19666,1976-12-31,"Female","University","Married",0
19667,1990-12-31,"Female","Technical","Married",2
19668,1985-12-31,"Male","Technical","Married",1
19669,2003-12-31,"Female","Secondary","Single",1
19670,1996-12-31,"Male","Secondary","Single",0
19671,1991-12-31,"Male","University","Single",1
19672,1971-12-31,"Male","Technical","Married",1
19673,1997-12-31,"Female","University","Married",1
19674,1978-12-31,"Male","University","Single",2
19675,1988-12-31,"Female","Secondary","Divorced",1
19676,1994-12-31,"Female","University","Widowed",1
19677,1992-12-31,"Male","Technical","Divorced",1
19678,1982-12-31,"Female","Secondary","Divorced",2
19679,1974-12-31,"Female","University","Single",0
19680,2000-12-31,"Female","Secondary","Single",0
19681,1960-12-31,"Female","Technical","Married",3
19682,2001-12-31,"Female","University","Married",1
19683,1964-12-31,"Female","Technical","Married",0
19684,1984-12-31,"Female","Secondary","Divorced",1
19685,1987-12-31,"Female","University","Single",0
19686,1987-12-31,"Male","Technical","Single",1
19687,1989-12-31,"Male","Technical","Married",1
19688,1981-12-31,"Female","University","Single",0
19689,1993-12-31,"Male","Secondary","Single",1
19690,1981-12-31,"Male","Technical","Single",2
19691,1986-12-31,"Male","University","Married",1
19692,1950-12-31,"Male","Technical","Single",4
19693,1979-12-31,"Female","Technical","Divorced",1
19694,1971-12-31,"Male","University","Single",2
19695,1974-12-31,"Male","Postgraduate","Married",1
19696,1975-12-31,"Female","Secondary","Married",0
19697,1970-12-31,"Female","University","Married",1
19698,1987-12-31,"Female","Technical","Married",2
19699,1958-12-31,"Other","University","Single",1
19700,1956-12-31,"Female","Postgraduate","Divorced",1
19701,1982-12-31,"Female","Secondary","Divorced",2
19702,1992-12-31,"Female","Secondary","Married",1
19703,1986-12-31,"Male","University","Single",5
19704,1990-12-31,"Female","Technical","Divorced",1
19705,2003-12-31,"Male","Technical","Single",1
19706,1983-12-31,"Female","Technical","Married",1
19707,1970-12-31,"Female","Secondary","Single",1
19708,1980-12-31,"Male","Technical","Married",2
19709,1984-12-31,"Male","Secondary","Single",1
19710,1986-12-31,"Male","Secondary","Married",1
19711,1968-12-31,"Male","University","Single",1
19712,1974-12-31,"Other","Secondary","Married",1
19713,1988-12-31,"Female","Technical","Married",1
19714,1971-12-31,"Male","Technical","Widowed",1
19715,1990-12-31,"Female","University","Single",0
19716,1980-12-31,"Female","University","Married",1
19717,1990-12-31,"Male","Technical","Single",4
19718,1962-12-31,"Male","University","Single",0
19719,1966-12-31,"Female","Secondary","Married",1
19720,1972-12-31,"Female","University","Married",2
19721,1975-12-31,"Female","Technical","Divorced",2
19722,1994-12-31,"Male","University","Single",1
19723,1988-12-31,"Female","Technical","Married",0
19724,1963-12-31,"Female","Technical","Married",0
19725,1984-12-31,"Male","Secondary","Single",1
19726,1980-12-31,"Male","Technical","Divorced",2
19727,1995-12-31,"Female","Technical","Single",1
19728,1979-12-31,"Female","Secondary","Married",1
19729,1976-12-31,"Male","Secondary","Divorced",1
19730,1977-12-31,"Male","Secondary","Married",1
19731,1988-12-31,"Male","Postgraduate","Single",0
19732,1984-12-31,"Female","Postgraduate","Single",1
19733,1986-12-31,"Male","University","Single",2
19734,1987-12-31,"Male","Secondary","Widowed",2
19735,1973-12-31,"Male","Secondary","Married",2
19736,1998-12-31,"Female","Technical","Single",3
19737,1973-12-31,"Male","University","Married",0
19738,1989-12-31,"Female","Postgraduate","Single",2
19739,1988-12-31,"Female","Secondary","Married",0
19740,1978-12-31,"Female","Secondary","Divorced",2
19741,1981-12-31,"Male","Technical","Married",0
19742,1962-12-31,"Female","Postgraduate","Divorced",0
19743,2001-12-31,"Male","Secondary","Married",1
19744,1976-12-31,"Female","University","Married",0
19745,1962-12-31,"Female","University","Married",0
19746,1980-12-31,"Female","Secondary","Single",1
19747,1956-12-31,"Female","Secondary","Divorced",0
19748,1996-12-31,"Male","University","Single",1
19749,1993-12-31,"Male","Secondary","Divorced",1
19750,1967-12-31,"Female","Technical","Married",1
19751,2007-12-31,"Female","Technical","Married",2
19752,1980-12-31,"Female","University","Single",0
19753,1969-12-31,"Female","Secondary","Married",0
19754,1966-12-31,"Female","Secondary","Single",0
19755,1994-12-31,"Male","Technical","Married",0
19756,1967-12-31,"Male","Technical","Single",0
19757,1987-12-31,"Male","Secondary","Widowed",4
19758,1976-12-31,"Male","Secondary","Single",0
19759,1980-12-31,"Female","Postgraduate","Single",1
19760,1999-12-31,"Male","Secondary","Married",1
19761,1985-12-31,"Male","Technical","Married",3
19762,1975-12-31,"Female","Secondary","Divorced",1
19763,1976-12-31,"Female","University","Married",3
19764,1986-12-31,"Male","Secondary","Single",1
19765,2005-12-31,"Male","Secondary","Widowed",2
19766,1991-12-31,"Other","Technical","Single",0
19767,1977-12-31,"Female","Technical","Single",2
19768,1969-12-31,"Female","University","Married",1
19769,1982-12-31,"Male","Technical","Single",0
19770,2002-12-31,"Male","Secondary","Divorced",2
19771,1965-12-31,"Male","University","Single",0
19772,1992-12-31,"Female","Secondary","Single",0
19773,1984-12-31,"Male","University","Divorced",1
19774,1974-12-31,"Female","University","Married",2
19775,2005-12-31,"Male","Technical","Married",0
19776,1975-12-31,"Female","University","Single",3
19777,1965-12-31,"Female","University","Single",0
19778,1970-12-31,"Female","Secondary","Married",4
19779,1981-12-31,"Male","Secondary","Married",2
19780,1995-12-31,"Female","University","Single",1
19781,1986-12-31,"Female","University","Married",2
19782,1985-12-31,"Male","University","Single",1
19783,1992-12-31,"Female","University","Single",3
19784,1956-12-31,"Female","Other","Single",0
19785,1993-12-31,"Female","Technical","Married",4
19786,2000-12-31,"Male","Technical","Divorced",1
19787,1956-12-31,"Female","Technical","Married",2
19788,1984-12-31,"Female","Technical","Married",0
19789,1990-12-31,"Female","Secondary","Single",2
19790,1971-12-31,"Female","Secondary","Married",1
19791,1993-12-31,"Female","University","Single",4
19792,1987-12-31,"Female","Secondary","Married",1
19793,1993-12-31,"Male","University","Single",1
19794,1983-12-31,"Male","University","Widowed",4
19795,1992-12-31,"Female","Secondary","Single",0
19796,1964-12-31,"Male","University","Married",1
19797,1979-12-31,"Male","Secondary","Married",0
19798,1986-12-31,"Female","Secondary","Divorced",1
19799,1990-12-31,"Male","Technical","Widowed",3
19800,2006-12-31,"Female","Technical","Divorced",0
19801,2007-12-31,"Male","Secondary","Widowed",1
19802,1961-12-31,"Male","Secondary","Married",3
19803,1974-12-31,"Female","University","Single",4
19804,1976-12-31,"Male","Secondary","Single",0
19805,1975-12-31,"Male","Secondary","Widowed",1
19806,2003-12-31,"Male","Secondary","Married",1
19807,1984-12-31,"Male","University","Married",2
19808,1995-12-31,"Male","Technical","Divorced",0
19809,1989-12-31,"Female","Technical","Married",1
19810,1992-12-31,"Female","Secondary","Married",1
19811,1968-12-31,"Female","University","Single",3
19812,1985-12-31,"Female","University","Single",0
19813,1985-12-31,"Male","Secondary","Single",0
19814,1982-12-31,"Male","University","Married",2
19815,1982-12-31,"Female","Secondary","Married",0
19816,1982-12-31,"Female","Postgraduate","Widowed",0
19817,1967-12-31,"Male","University","Divorced",4
19818,1992-12-31,"Female","Technical","Married",0
19819,1978-12-31,"Male","University","Married",0
19820,1990-12-31,"Female","Technical","Married",0
19821,1980-12-31,"Male","Secondary","Married",1
19822,1977-12-31,"Other","University","Single",3
19823,1977-12-31,"Male","Postgraduate","Married",3
19824,1978-12-31,"Female","University","Married",0
19825,1979-12-31,"Female","Secondary","Married",1
19826,1992-12-31,"Male","Secondary","Married",2
19827,1968-12-31,"Female","Technical","Single",1
19828,1993-12-31,"Male","University","Widowed",0
19829,1974-12-31,"Male","Technical","Divorced",0
19830,1964-12-31,"Female","Secondary","Single",0
19831,1997-12-31,"Female","University","Married",3
19832,1986-12-31,"Female","Secondary","Married",0
19833,1973-12-31,"Male","Secondary","Married",2
19834,1983-12-31,"Male","University","Divorced",1
19835,1988-12-31,"Male","Postgraduate","Divorced",2
19836,1990-12-31,"Male","Secondary","Divorced",0
19837,1974-12-31,"Male","Technical","Married",0
19838,1996-12-31,"Male","University","Single",1
19839,1967-12-31,"Female","University","Married",1
19840,1994-12-31,"Male","Secondary","Married",0
19841,2004-12-31,"Male","University","Single",1
19842,1982-12-31,"Male","Technical","Single",5
19843,1964-12-31,"Female","Secondary","Single",0
19844,1983-12-31,"Female","Postgraduate","Married",3
19845,1998-12-31,"Male","Postgraduate","Married",1
19846,1991-12-31,"Male","Postgraduate","Divorced",0
19847,1986-12-31,"Female","University","Married",0
19848,1987-12-31,"Female","Secondary","Married",3
19849,1985-12-31,"Male","Technical","Divorced",2
19850,1967-12-31,"Male","Technical","Single",2
19851,1975-12-31,"Male","Secondary","Married",2
19852,1970-12-31,"Male","Other","Married",1
19853,1985-12-31,"Other","Other","Married",3
19854,1989-12-31,"Female","Secondary","Single",0
19855,1960-12-31,"Female","Secondary","Married",0
19856,1982-12-31,"Male","Secondary","Single",1
19857,1977-12-31,"Male","University","Single",1
19858,1982-12-31,"Female","University","Divorced",0
19859,1964-12-31,"Female","Secondary","Married",0
19860,1979-12-31,"Female","Secondary","Married",2
19861,1979-12-31,"Female","Postgraduate","Single",0
19862,1970-12-31,"Female","University","Married",1
19863,1993-12-31,"Female","University","Widowed",0
19864,1983-12-31,"Male","University","Divorced",0
19865,1979-12-31,"Male","Secondary","Married",0
19866,1965-12-31,"Female","Technical","Married",2
19867,1965-12-31,"Female","Secondary","Widowed",1
19868,1989-12-31,"Female","Secondary","Married",0
19869,1968-12-31,"Male","University","Married",0
19870,1964-12-31,"Male","Secondary","Married",2
19871,1974-12-31,"Male","Secondary","Divorced",0
19872,1971-12-31,"Male","Secondary","Married",1
19873,1979-12-31,"Female","University","Single",4
19874,1979-12-31,"Male","Technical","Married",1
19875,1976-12-31,"Male","Technical","Married",0
19876,1981-12-31,"Female","Technical","Single",2
19877,1977-12-31,"Other","Technical","Married",0
19878,1994-12-31,"Female","Technical","Married",3
19879,1966-12-31,"Female","Technical","Single",1
19880,1976-12-31,"Male","Secondary","Married",0
19881,1969-12-31,"Female","Secondary","Single",1
19882,1988-12-31,"Female","Technical","Married",0
19883,1998-12-31,"Female","Secondary","Married",2
19884,1982-12-31,"Male","Postgraduate","Divorced",0
19885,1993-12-31,"Male","University","Widowed",2
19886,1970-12-31,"Male","Technical","Single",2
19887,1970-12-31,"Male","Technical","Single",3
19888,1974-12-31,"Male","Postgraduate","Single",0
19889,1993-12-31,"Female","Secondary","Divorced",0
19890,1956-12-31,"Female","Secondary","Divorced",1
19891,1990-12-31,"Male","University","Married",1
19892,1977-12-31,"Female","Technical","Single",2
19893,1975-12-31,"Female","Technical","Divorced",0
19894,1982-12-31,"Male","Secondary","Married",3
19895,1981-12-31,"Male","Postgraduate","Married",3
19896,1976-12-31,"Male","Technical","Married",0
19897,1970-12-31,"Female","University","Married",2
19898,1984-12-31,"Female","Technical","Single",4
19899,1965-12-31,"Male","Postgraduate","Single",2
19900,1978-12-31,"Male","Technical","Single",1
19901,1992-12-31,"Male","Postgraduate","Married",2
19902,1965-12-31,"Male","Technical","Single",0
19903,1980-12-31,"Male","Postgraduate","Married",2
19904,1988-12-31,"Male","Secondary","Married",3
19905,1974-12-31,"Male","Secondary","Married",1
19906,1961-12-31,"Female","University","Single",4
19907,1984-12-31,"Male","Postgraduate","Single",1
19908,1969-12-31,"Male","Technical","Married",1
19909,1982-12-31,"Male","Secondary","Married",0
19910,2000-12-31,"Female","Secondary","Single",1
19911,1978-12-31,"Male","University","Single",1
19912,1993-12-31,"Male","Technical","Single",0
19913,1982-12-31,"Male","Secondary","Married",0
19914,1978-12-31,"Female","Secondary","Married",2
19915,1975-12-31,"Male","Postgraduate","Married",0
19916,1978-12-31,"Male","Postgraduate","Single",3
19917,1987-12-31,"Female","Other","Single",2
19918,1983-12-31,"Female","Postgraduate","Married",2
19919,1989-12-31,"Female","Technical","Widowed",2
19920,1987-12-31,"Female","Secondary","Single",2
19921,1982-12-31,"Male","University","Married",1
19922,1967-12-31,"Male","Technical","Single",2
19923,1973-12-31,"Female","Other","Widowed",2
19924,1991-12-31,"Female","Secondary","Married",1
19925,1997-12-31,"Female","University","Married",0
19926,1979-12-31,"Female","Secondary","Married",1
19927,1970-12-31,"Male","Secondary","Married",2
19928,1978-12-31,"Male","Postgraduate","Widowed",3
19929,1996-12-31,"Male","University","Married",2
19930,1974-12-31,"Female","Technical","Married",1
19931,1967-12-31,"Other","Secondary","Married",0
19932,1973-12-31,"Male","University","Divorced",1
19933,2007-12-31,"Male","University","Married",3
19934,1991-12-31,"Male","Technical","Single",0
19935,2000-12-31,"Female","Secondary","Divorced",1
19936,1977-12-31,"Female","Technical","Married",2
19937,1983-12-31,"Female","Technical","Single",3
19938,1976-12-31,"Female","Secondary","Married",1
19939,1990-12-31,"Female","University","Married",0
19940,1967-12-31,"Female","Technical","Married",0
19941,1969-12-31,"Female","University","Single",1
19942,1981-12-31,"Male","University","Married",3
19943,1985-12-31,"Female","University","Single",0
19944,1990-12-31,"Male","Technical","Married",1
19945,1991-12-31,"Female","Technical","Widowed",2
19946,1985-12-31,"Male","University","Married",1
19947,1980-12-31,"Male","University","Single",1
19948,1985-12-31,"Male","University","Divorced",1
19949,1971-12-31,"Female","University","Single",1
19950,1976-12-31,"Female","University","Married",2
19951,1950-12-31,"Female","Technical","Single",1
19952,1987-12-31,"Male","Technical","Single",0
19953,1978-12-31,"Male","Technical","Married",1
19954,1981-12-31,"Female","Other","Married",0
19955,1975-12-31,"Male","University","Single",2
19956,1975-12-31,"Male","University","Married",1
19957,1979-12-31,"Female","Other","Married",1
19958,1985-12-31,"Male","Secondary","Single",1
19959,1974-12-31,"Male","University","Single",1
19960,1962-12-31,"Other","Technical","Married",0
19961,1989-12-31,"Male","Secondary","Married",0
19962,1975-12-31,"Female","University","Married",1
19963,1984-12-31,"Male","University","Divorced",1
19964,1982-12-31,"Male","Technical","Single",0
19965,1986-12-31,"Female","Technical","Single",2
19966,1989-12-31,"Male","Technical","Divorced",2
19967,1993-12-31,"Male","University","Married",2
19968,1984-12-31,"Female","University","Single",0
19969,1961-12-31,"Male","University","Single",0
19970,1972-12-31,"Female","Secondary","Single",2
19971,1983-12-31,"Male","Other","Married",2
19972,1996-12-31,"Female","Technical","Single",2
19973,1991-12-31,"Female","Secondary","Married",0
19974,1983-12-31,"Male","Technical","Married",1
19975,1976-12-31,"Male","University","Single",0
19976,1976-12-31,"Female","Secondary","Single",1
19977,1970-12-31,"Male","Secondary","Single",3
19978,1967-12-31,"Male","University","Married",3
19979,1971-12-31,"Male","Secondary","Single",2
19980,1988-12-31,"Female","Secondary","Married",0
19981,1991-12-31,"Female","University","Married",1
19982,1981-12-31,"Female","Technical","Married",4
19983,1990-12-31,"Male","Technical","Divorced",2
19984,1976-12-31,"Male","Secondary","Single",0
19985,1992-12-31,"Female","Other","Married",1
19986,1988-12-31,"Female","Secondary","Divorced",0
19987,1985-12-31,"Female","Secondary","Married",0
19988,1954-12-31,"Male","University","Divorced",3
19989,1982-12-31,"Female","University","Single",0
19990,1981-12-31,"Female","Secondary","Married",2
19991,1992-12-31,"Female","Technical","Single",1
19992,1984-12-31,"Male","Secondary","Married",2
19993,1984-12-31,"Female","University","Divorced",0
19994,2006-12-31,"Male","University","Married",0
19995,1973-12-31,"Male","Technical","Single",2
19996,1980-12-31,"Female","Technical","Divorced",2
19997,1975-12-31,"Female","University","Married",0
19998,2001-12-31,"Female","Technical","Divorced",0
19999,2003-12-31,"Female","Secondary","Married",0
20000,1970-12-31,"Female","Technical","Married",0
